engagement_id,unit_type,terrain,weather,visibility_km,target_density,contact_duration_min,rounds_planned,rounds_expended,spend_efficiency,mission_success
1,Artillery,Snow,Overcast,4.1,Medium,21,242,140,Under,1
2,SF,Forest,Fog,5.8,Low,39,138,161,Over,1
3,Infantry,Desert,Clear,5.6,Medium,42,136,142,Efficient,1
4,Artillery,Forest,Snow,5.1,Medium,27,30,26,Under,1
5,Artillery,Snow,Clear,0.2,Low,22,146,79,Under,0
6,SF,Snow,Snow,1.1,High,36,258,355,Over,0
7,Infantry,Mountain,Snow,7.5,High,31,55,86,Over,0
8,Infantry,Snow,Clear,7.9,Medium,38,122,142,Over,1
9,Artillery,Mountain,Overcast,4.3,Low,58,206,217,Efficient,1
10,Mechanized,Desert,Snow,7.3,High,36,45,69,Over,0
11,Artillery,Forest,Clear,2.5,Medium,25,149,114,Under,1
12,Artillery,Forest,Snow,2.9,Medium,21,248,184,Under,1
13,Artillery,Mountain,Rain,2.3,Low,22,302,154,Under,1
14,Artillery,Forest,Overcast,2.8,Medium,13,197,48,Under,1
15,SF,Snow,Fog,5.9,High,48,124,176,Over,0
16,Infantry,Urban,Snow,2.8,Low,5,122,11,Under,1
17,SF,Mountain,Rain,9.0,High,42,188,296,Over,0
18,SF,Forest,Fog,5.4,High,21,196,156,Under,1
19,SF,Mountain,Fog,6.7,High,27,291,251,Under,1
20,Artillery,Mountain,Snow,5.5,Medium,21,238,193,Under,1
21,Mechanized,Urban,Clear,6.9,Medium,56,185,240,Over,0
22,Infantry,Snow,Snow,2.8,High,35,159,177,Efficient,1
23,Mechanized,Mountain,Rain,7.4,High,46,360,665,Over,0
24,SF,Forest,Fog,4.8,Low,54,217,342,Over,0
25,SF,Desert,Snow,6.9,Low,37,139,185,Over,0
26,Mechanized,Mountain,Clear,1.6,Medium,17,166,80,Under,1
27,Mechanized,Mountain,Snow,4.9,Medium,31,127,162,Over,0
28,Mechanized,Urban,Overcast,4.8,Low,23,35,14,Under,1
29,SF,Snow,Clear,3.3,High,27,198,239,Over,1
30,SF,Desert,Rain,5.1,Medium,33,286,208,Under,1
31,Infantry,Forest,Fog,7.6,High,32,82,100,Over,1
32,Infantry,Desert,Snow,3.1,Low,41,183,210,Efficient,1
33,SF,Forest,Clear,6.4,Medium,43,137,127,Efficient,1
34,Mechanized,Snow,Overcast,2.2,Medium,32,211,151,Under,1
35,Mechanized,Forest,Clear,8.7,Low,41,169,136,Under,1
36,Infantry,Urban,Overcast,6.1,Medium,26,98,67,Under,1
37,SF,Urban,Rain,8.0,Low,54,121,203,Over,0
38,Infantry,Urban,Fog,5.8,Medium,26,130,109,Under,1
39,Infantry,Urban,Rain,5.3,Low,52,260,309,Over,1
40,Artillery,Desert,Snow,6.1,Medium,12,257,59,Under,1
41,Artillery,Snow,Clear,4.2,High,29,161,171,Efficient,1
42,Artillery,Forest,Overcast,1.3,High,30,253,272,Efficient,1
43,Mechanized,Forest,Overcast,5.4,High,39,169,168,Efficient,1
44,SF,Urban,Clear,3.0,Medium,47,160,200,Over,0
45,SF,Urban,Clear,2.3,Medium,16,183,80,Under,1
46,SF,Mountain,Snow,5.8,High,18,197,171,Under,1
47,SF,Snow,Rain,3.9,High,13,146,63,Under,1
48,Artillery,Desert,Overcast,6.6,Low,54,181,189,Efficient,1
49,Mechanized,Forest,Snow,2.9,Low,39,227,213,Efficient,1
50,Mechanized,Mountain,Rain,3.6,Low,18,187,96,Under,1
51,Artillery,Mountain,Snow,6.8,High,28,182,252,Over,0
52,Mechanized,Forest,Overcast,5.1,High,52,209,369,Over,0
53,Artillery,Desert,Clear,1.5,High,30,220,250,Efficient,1
54,SF,Mountain,Clear,5.0,Low,29,176,73,Under,1
55,Artillery,Mountain,Rain,7.5,Medium,23,151,123,Under,1
56,SF,Snow,Fog,3.5,High,19,191,117,Under,1
57,SF,Desert,Rain,5.7,Medium,52,84,170,Over,0
58,Infantry,Mountain,Fog,2.8,Medium,60,167,260,Over,0
59,Artillery,Desert,Snow,4.2,Medium,20,31,17,Under,1
60,Infantry,Forest,Snow,6.7,Low,56,79,131,Over,0
61,Artillery,Urban,Overcast,4.9,Medium,27,70,56,Under,1
62,Artillery,Mountain,Fog,7.1,High,43,242,400,Over,0
63,Infantry,Snow,Overcast,5.4,Low,56,180,233,Over,0
64,Infantry,Forest,Clear,8.9,High,32,104,131,Over,0
65,Artillery,Desert,Fog,1.4,High,30,209,250,Over,1
66,Mechanized,Forest,Rain,4.1,Low,47,239,254,Efficient,1
67,SF,Mountain,Clear,2.3,High,18,210,135,Under,1
68,Infantry,Desert,Clear,2.5,High,52,168,353,Over,0
69,SF,Urban,Rain,2.5,Low,37,193,137,Under,1
70,Mechanized,Forest,Clear,4.8,High,26,234,184,Under,1
71,Mechanized,Mountain,Fog,5.0,Medium,25,151,121,Under,1
72,Mechanized,Snow,Overcast,5.4,High,14,181,73,Under,1
73,Infantry,Desert,Clear,2.3,Medium,26,164,82,Under,1
74,Mechanized,Forest,Fog,3.9,High,31,83,117,Over,0
75,Infantry,Forest,Snow,2.6,Low,19,234,76,Under,1
76,Mechanized,Urban,Fog,6.4,Low,34,303,253,Under,1
77,SF,Urban,Overcast,2.8,High,42,127,195,Over,0
78,SF,Snow,Fog,4.1,Low,31,237,192,Under,1
79,Artillery,Snow,Rain,5.6,High,44,129,206,Over,0
80,SF,Mountain,Overcast,3.3,Low,22,187,72,Under,1
81,Artillery,Mountain,Snow,5.9,Medium,50,270,480,Over,0
82,SF,Snow,Rain,7.7,High,36,148,180,Over,1
83,Infantry,Snow,Fog,4.9,Medium,58,179,344,Over,0
84,SF,Desert,Overcast,6.3,Medium,71,71,143,Over,0
85,Artillery,Urban,Snow,0.4,High,27,140,149,Efficient,0
86,Artillery,Mountain,Rain,3.6,Medium,28,65,49,Under,1
87,Mechanized,Urban,Snow,4.9,High,31,205,345,Over,0
88,Infantry,Urban,Fog,2.4,Medium,43,229,318,Over,0
89,SF,Snow,Snow,4.9,High,54,166,357,Over,0
90,Mechanized,Desert,Clear,6.6,High,25,197,182,Efficient,1
91,SF,Forest,Rain,0.7,Low,40,160,129,Under,0
92,SF,Desert,Snow,2.1,High,32,224,268,Over,1
93,Mechanized,Desert,Fog,4.9,High,44,187,446,Over,0
94,Mechanized,Urban,Fog,5.4,Medium,57,60,97,Over,0
95,Mechanized,Desert,Snow,6.0,High,31,236,306,Over,0
96,Mechanized,Mountain,Fog,4.7,Low,9,156,33,Under,1
97,Mechanized,Urban,Overcast,5.4,Medium,46,103,109,Efficient,1
98,SF,Mountain,Overcast,6.3,Medium,22,153,99,Under,1
99,Mechanized,Forest,Overcast,3.7,Low,32,65,44,Under,1
100,Infantry,Urban,Clear,3.3,Medium,46,105,148,Over,0
101,Artillery,Forest,Snow,4.2,Medium,39,188,270,Over,0
102,Mechanized,Urban,Clear,4.9,Medium,33,193,200,Efficient,1
103,Mechanized,Snow,Fog,3.2,Medium,26,198,137,Under,1
104,SF,Desert,Clear,3.7,Low,5,180,21,Under,1
105,Mechanized,Snow,Fog,5.3,Low,45,138,175,Over,0
106,Mechanized,Forest,Fog,4.8,Medium,31,176,147,Under,1
107,Mechanized,Desert,Rain,4.1,Medium,57,153,250,Over,0
108,SF,Urban,Overcast,1.0,Low,40,82,52,Under,1
109,Mechanized,Desert,Fog,4.5,Low,26,133,96,Under,1
110,Artillery,Mountain,Rain,2.6,Low,51,233,307,Over,0
111,SF,Desert,Overcast,6.5,Medium,52,275,484,Over,0
112,Artillery,Mountain,Fog,3.9,Medium,31,219,206,Efficient,1
113,SF,Desert,Fog,2.5,High,52,272,580,Over,0
114,Mechanized,Mountain,Clear,4.4,Low,26,185,121,Under,1
115,Artillery,Forest,Clear,7.0,Medium,37,284,267,Efficient,1
116,SF,Snow,Overcast,5.8,Low,43,303,248,Under,1
117,Infantry,Urban,Fog,4.9,Medium,46,75,98,Over,0
118,Mechanized,Desert,Snow,1.8,Low,44,193,204,Efficient,1
119,SF,Snow,Clear,7.7,Medium,30,185,139,Under,1
120,Infantry,Urban,Overcast,3.3,High,51,154,233,Over,0
121,SF,Urban,Fog,6.4,High,33,209,318,Over,0
122,Infantry,Mountain,Fog,3.8,Low,26,182,117,Under,1
123,Mechanized,Forest,Snow,6.2,Medium,26,135,124,Efficient,1
124,Artillery,Forest,Overcast,7.1,Medium,64,178,294,Over,0
125,Infantry,Snow,Fog,5.8,Low,23,252,136,Under,1
126,SF,Forest,Clear,6.0,Medium,54,190,302,Over,0
127,Mechanized,Desert,Snow,4.3,Low,17,217,99,Under,1
128,Infantry,Forest,Overcast,3.6,Medium,42,163,203,Over,1
129,SF,Snow,Snow,4.8,Low,39,207,256,Over,1
130,SF,Forest,Clear,3.8,Medium,59,107,154,Over,0
131,SF,Desert,Overcast,9.4,Low,25,150,98,Under,1
132,Infantry,Mountain,Snow,2.5,Medium,21,173,97,Under,1
133,Infantry,Snow,Rain,6.5,High,33,103,174,Over,0
134,Infantry,Mountain,Clear,5.5,Medium,59,130,189,Over,0
135,Artillery,Mountain,Clear,5.0,Low,21,198,102,Under,1
136,Infantry,Mountain,Clear,7.5,High,5,187,28,Under,1
137,Infantry,Urban,Rain,5.1,Medium,35,228,238,Efficient,1
138,Infantry,Urban,Rain,3.2,High,49,143,320,Over,0
139,Artillery,Mountain,Fog,5.1,Medium,19,183,97,Under,1
140,Infantry,Snow,Snow,4.1,High,47,139,357,Over,0
141,SF,Desert,Fog,5.5,Low,19,222,108,Under,1
142,Infantry,Desert,Snow,6.1,Medium,32,251,312,Over,1
143,SF,Forest,Rain,2.8,Medium,46,208,299,Over,0
144,SF,Snow,Rain,6.9,Low,17,243,111,Under,1
145,SF,Urban,Fog,4.0,High,37,181,207,Efficient,1
146,Artillery,Mountain,Overcast,5.4,Low,53,228,246,Efficient,1
147,Artillery,Forest,Fog,5.7,Low,42,184,235,Over,0
148,Artillery,Desert,Snow,5.2,High,24,118,112,Efficient,1
149,Infantry,Urban,Fog,4.3,Low,57,194,285,Over,0
150,SF,Urban,Clear,3.5,Medium,44,120,110,Efficient,1
151,Artillery,Mountain,Snow,4.0,Medium,7,320,67,Under,1
152,Artillery,Desert,Snow,7.6,Medium,47,159,303,Over,0
153,Infantry,Snow,Overcast,2.8,Low,26,218,96,Under,1
154,Artillery,Urban,Rain,3.1,Medium,37,179,217,Over,1
155,Infantry,Mountain,Snow,3.0,Medium,50,105,174,Over,0
156,Mechanized,Snow,Rain,4.8,Medium,26,66,50,Under,1
157,Artillery,Desert,Fog,1.5,Medium,10,224,64,Under,1
158,Mechanized,Urban,Clear,1.8,Medium,57,272,379,Over,0
159,Infantry,Snow,Overcast,4.0,Medium,52,135,176,Over,0
160,SF,Snow,Rain,1.9,Low,33,80,70,Under,1
161,Artillery,Snow,Snow,2.1,Medium,47,160,223,Over,0
162,Infantry,Urban,Rain,1.9,Medium,29,123,132,Efficient,1
163,SF,Urban,Snow,2.8,High,36,140,212,Over,0
164,SF,Forest,Rain,6.0,Low,32,216,156,Under,1
165,Mechanized,Desert,Snow,6.4,Low,30,176,165,Efficient,1
166,Infantry,Mountain,Fog,8.3,Low,40,130,153,Over,1
167,SF,Snow,Snow,8.3,Low,16,215,72,Under,1
168,Artillery,Forest,Snow,6.1,Medium,31,220,195,Under,1
169,Artillery,Mountain,Clear,6.6,Medium,39,159,173,Efficient,1
170,Mechanized,Forest,Snow,4.8,High,62,188,369,Over,0
171,SF,Urban,Clear,5.5,High,17,211,165,Under,1
172,Infantry,Snow,Overcast,8.4,Low,42,205,222,Efficient,1
173,Artillery,Mountain,Clear,5.2,High,44,182,278,Over,0
174,SF,Mountain,Fog,6.8,High,6,265,62,Under,1
175,SF,Mountain,Clear,2.6,Low,41,214,171,Under,1
176,Mechanized,Mountain,Overcast,3.2,Low,48,152,108,Under,1
177,Artillery,Mountain,Fog,5.1,High,43,153,195,Over,0
178,Artillery,Forest,Rain,4.8,Medium,33,146,188,Over,0
179,Infantry,Snow,Rain,3.3,High,39,217,389,Over,0
180,Artillery,Urban,Clear,9.3,High,37,142,178,Over,0
181,Infantry,Urban,Clear,4.8,Medium,9,154,43,Under,1
182,Artillery,Urban,Overcast,3.6,Medium,37,243,257,Efficient,1
183,Mechanized,Urban,Overcast,4.8,Low,29,191,131,Under,1
184,Artillery,Forest,Snow,4.6,Low,24,251,125,Under,1
185,Infantry,Desert,Overcast,4.9,High,72,227,405,Over,0
186,Infantry,Snow,Snow,1.3,Medium,53,109,213,Over,0
187,Mechanized,Mountain,Fog,7.1,Low,17,173,54,Under,1
188,Artillery,Desert,Clear,7.2,High,40,239,336,Over,0
189,Artillery,Urban,Fog,7.4,Medium,56,106,186,Over,0
190,Mechanized,Desert,Overcast,5.2,High,12,205,78,Under,1
191,Artillery,Snow,Fog,5.8,Low,36,177,172,Efficient,1
192,Artillery,Mountain,Fog,2.8,Low,36,74,59,Under,1
193,Infantry,Mountain,Fog,6.2,Medium,15,187,96,Under,1
194,Artillery,Snow,Overcast,5.0,High,40,129,179,Over,0
195,Artillery,Snow,Fog,3.6,Medium,51,109,228,Over,0
196,Mechanized,Urban,Snow,6.2,Low,57,180,221,Over,1
197,Mechanized,Mountain,Overcast,6.3,Low,31,64,44,Under,1
198,SF,Desert,Fog,4.6,High,72,139,423,Over,0
199,Infantry,Forest,Overcast,5.4,High,5,333,54,Under,1
200,Artillery,Forest,Rain,2.4,High,40,219,257,Over,1
201,Artillery,Snow,Snow,7.0,Medium,13,127,67,Under,1
202,SF,Urban,Fog,2.7,High,36,264,384,Over,0
203,Artillery,Forest,Rain,3.1,High,27,120,97,Under,1
204,Infantry,Mountain,Rain,4.6,Low,42,146,159,Efficient,1
205,SF,Snow,Overcast,6.7,Low,33,111,102,Efficient,1
206,Infantry,Desert,Rain,6.7,High,22,195,167,Under,1
207,SF,Snow,Snow,4.5,High,23,262,249,Efficient,1
208,SF,Desert,Snow,6.0,Low,63,120,253,Over,0
209,Mechanized,Snow,Clear,1.1,High,41,56,64,Efficient,1
210,Infantry,Snow,Snow,3.1,Medium,9,245,89,Under,1
211,Artillery,Snow,Rain,3.1,Medium,43,273,399,Over,0
212,Artillery,Desert,Snow,7.0,Medium,32,60,56,Efficient,1
213,Infantry,Desert,Overcast,5.8,High,35,207,224,Efficient,1
214,Artillery,Snow,Clear,4.9,Low,47,193,185,Efficient,1
215,Artillery,Forest,Rain,5.1,High,52,132,190,Over,0
216,Infantry,Urban,Clear,7.6,High,22,96,79,Under,1
217,SF,Urban,Rain,4.2,Low,34,239,170,Under,1
218,Infantry,Urban,Overcast,1.9,Low,26,190,106,Under,1
219,SF,Desert,Clear,6.7,Low,43,195,154,Under,1
220,Artillery,Desert,Fog,4.9,Medium,31,142,159,Efficient,1
221,Artillery,Forest,Rain,6.4,High,35,131,199,Over,0
222,Artillery,Urban,Fog,4.4,Low,30,32,21,Under,1
223,Mechanized,Urban,Clear,2.8,High,33,166,193,Over,1
224,SF,Snow,Fog,5.3,Medium,60,266,519,Over,0
225,Mechanized,Desert,Fog,4.5,Medium,70,126,342,Over,0
226,Mechanized,Urban,Clear,4.9,Low,40,88,66,Under,1
227,Infantry,Forest,Overcast,7.7,Low,33,206,151,Under,1
228,Mechanized,Forest,Fog,2.3,High,11,217,82,Under,1
229,Infantry,Urban,Fog,5.1,Low,23,144,85,Under,1
230,Infantry,Desert,Overcast,2.9,High,33,159,186,Over,1
231,Mechanized,Forest,Fog,0.2,Low,24,195,99,Under,0
232,SF,Snow,Fog,4.4,High,25,170,159,Efficient,1
233,SF,Forest,Fog,4.6,High,58,240,632,Over,0
234,SF,Mountain,Snow,5.7,High,35,326,579,Over,0
235,SF,Mountain,Overcast,4.1,High,36,77,99,Over,0
236,SF,Desert,Fog,1.5,Medium,24,253,179,Under,1
237,Mechanized,Urban,Overcast,2.9,High,52,186,307,Over,0
238,Mechanized,Desert,Rain,7.1,Low,31,263,223,Under,1
239,Artillery,Desert,Rain,2.8,Medium,27,223,183,Under,1
240,SF,Desert,Fog,7.7,Medium,11,183,50,Under,1
241,Mechanized,Desert,Overcast,6.6,High,34,225,290,Over,0
242,Artillery,Snow,Overcast,3.9,Medium,26,156,94,Under,1
243,SF,Snow,Overcast,3.0,High,60,133,207,Over,0
244,Infantry,Forest,Snow,6.6,Low,62,228,290,Over,0
245,Artillery,Mountain,Rain,4.0,High,16,129,75,Under,1
246,Mechanized,Desert,Overcast,1.4,Medium,18,218,85,Under,1
247,Infantry,Forest,Overcast,5.6,Low,30,181,77,Under,1
248,Infantry,Mountain,Snow,5.3,High,22,40,34,Under,1
249,Infantry,Urban,Snow,6.8,Low,38,145,140,Efficient,1
250,Artillery,Snow,Overcast,5.2,Low,30,200,128,Under,1
251,Mechanized,Mountain,Clear,3.4,Medium,39,155,148,Efficient,1
252,Infantry,Urban,Overcast,7.0,Low,50,30,43,Over,0
253,SF,Mountain,Overcast,7.2,Medium,19,259,149,Under,1
254,Infantry,Snow,Snow,5.0,Low,49,190,229,Over,1
255,Infantry,Snow,Snow,4.6,High,24,206,203,Efficient,1
256,Artillery,Forest,Overcast,1.9,Low,67,151,254,Over,0
257,Artillery,Desert,Overcast,3.3,High,59,211,471,Over,0
258,Mechanized,Mountain,Overcast,6.0,High,33,290,261,Efficient,1
259,SF,Mountain,Snow,3.4,Low,20,135,59,Under,1
260,Artillery,Urban,Overcast,1.6,High,17,280,135,Under,1
261,Infantry,Snow,Overcast,10.0,Low,48,203,214,Efficient,1
262,Mechanized,Mountain,Fog,1.6,Low,34,127,95,Under,1
263,Infantry,Snow,Clear,9.0,High,48,312,556,Over,0
264,Infantry,Mountain,Rain,3.9,High,68,203,575,Over,0
265,Artillery,Forest,Clear,4.3,Medium,23,220,158,Under,1
266,Mechanized,Desert,Fog,3.2,High,16,163,96,Under,1
267,SF,Mountain,Rain,6.1,Medium,37,132,114,Under,1
268,SF,Snow,Overcast,1.6,High,52,190,268,Over,0
269,Artillery,Forest,Fog,0.8,Low,20,274,120,Under,0
270,Artillery,Mountain,Overcast,7.7,High,35,161,162,Efficient,1
271,Mechanized,Urban,Snow,2.9,Low,55,178,295,Over,0
272,SF,Desert,Fog,6.0,Low,10,267,57,Under,1
273,SF,Mountain,Snow,2.3,Low,38,161,170,Efficient,1
274,SF,Forest,Fog,5.9,Medium,26,210,132,Under,1
275,Infantry,Urban,Fog,7.9,High,36,232,383,Over,0
276,SF,Forest,Snow,3.4,Low,45,168,192,Efficient,1
277,Infantry,Forest,Rain,0.6,Low,38,198,210,Efficient,0
278,Mechanized,Urban,Clear,7.9,Medium,19,219,100,Under,1
279,Infantry,Forest,Overcast,6.4,High,27,155,133,Under,1
280,Mechanized,Urban,Fog,3.6,High,56,228,471,Over,0
281,SF,Mountain,Overcast,4.1,Medium,39,147,150,Efficient,1
282,SF,Urban,Snow,2.3,Medium,47,139,197,Over,0
283,Mechanized,Urban,Overcast,7.3,High,38,88,112,Over,0
284,Artillery,Desert,Snow,3.4,Medium,47,149,216,Over,0
285,Mechanized,Urban,Overcast,1.7,High,29,131,84,Under,1
286,Artillery,Urban,Clear,4.9,High,23,155,142,Efficient,1
287,Infantry,Mountain,Clear,2.8,Low,46,216,304,Over,0
288,Infantry,Desert,Clear,2.4,Low,51,76,86,Efficient,1
289,Infantry,Snow,Clear,3.6,High,21,61,36,Under,1
290,SF,Mountain,Clear,4.7,High,26,135,102,Under,1
291,Infantry,Mountain,Clear,1.7,High,32,207,238,Efficient,1
292,Artillery,Snow,Snow,7.3,High,59,197,531,Over,0
293,Infantry,Urban,Fog,5.9,High,43,134,223,Over,0
294,Mechanized,Forest,Overcast,3.8,High,15,250,139,Under,1
295,Mechanized,Desert,Clear,2.7,Medium,33,140,85,Under,1
296,SF,Forest,Snow,4.3,High,31,207,294,Over,0
297,Mechanized,Snow,Snow,6.3,Medium,17,158,94,Under,1
298,Artillery,Mountain,Snow,6.0,Medium,33,127,120,Efficient,1
299,Infantry,Mountain,Fog,6.6,High,30,143,138,Efficient,1
300,SF,Desert,Overcast,3.5,High,29,224,220,Efficient,1
301,Infantry,Mountain,Fog,0.2,Medium,28,201,201,Efficient,0
302,Infantry,Mountain,Rain,7.0,Medium,57,238,413,Over,0
303,Artillery,Desert,Snow,4.2,High,29,201,209,Efficient,1
304,Mechanized,Desert,Rain,5.8,High,35,83,115,Over,0
305,Mechanized,Snow,Clear,7.8,Medium,34,306,384,Over,0
306,Infantry,Mountain,Clear,9.4,Medium,27,202,172,Under,1
307,SF,Mountain,Fog,3.2,Medium,36,210,253,Over,1
308,Mechanized,Snow,Overcast,4.8,Low,35,157,141,Under,1
309,SF,Urban,Rain,7.2,Medium,36,246,300,Over,1
310,Mechanized,Urban,Overcast,2.8,Low,22,114,46,Under,1
311,SF,Urban,Fog,3.3,High,31,216,192,Under,1
312,Artillery,Snow,Clear,3.3,High,46,55,73,Over,0
313,SF,Mountain,Overcast,4.4,Medium,32,220,158,Under,1
314,Artillery,Snow,Overcast,4.1,High,37,115,156,Over,0
315,Artillery,Snow,Clear,3.3,High,37,196,274,Over,0
316,SF,Urban,Rain,2.6,High,41,261,403,Over,0
317,Artillery,Forest,Clear,6.1,High,43,229,282,Over,1
318,Infantry,Mountain,Overcast,7.2,Low,32,253,231,Efficient,1
319,Artillery,Urban,Rain,7.5,Low,21,247,123,Under,1
320,Mechanized,Forest,Rain,3.5,Medium,16,148,77,Under,1
321,SF,Forest,Clear,6.2,Medium,50,215,306,Over,0
322,Infantry,Desert,Overcast,5.0,Medium,46,76,98,Over,0
323,SF,Mountain,Fog,3.4,High,44,138,256,Over,0
324,Mechanized,Forest,Overcast,6.0,High,47,263,382,Over,0
325,Mechanized,Urban,Snow,3.3,Low,32,156,155,Efficient,1
326,Mechanized,Desert,Fog,3.7,Low,25,67,32,Under,1
327,Artillery,Mountain,Rain,1.7,Medium,20,300,147,Under,1
328,Artillery,Snow,Fog,3.6,Low,18,213,114,Under,1
329,SF,Urban,Rain,5.0,Low,53,225,317,Over,0
330,SF,Forest,Rain,7.6,Low,27,121,115,Efficient,1
331,Infantry,Forest,Fog,3.8,Low,50,197,249,Over,0
332,Infantry,Urban,Rain,2.4,Low,32,195,183,Efficient,1
333,SF,Forest,Rain,7.5,Medium,24,130,71,Under,1
334,Artillery,Desert,Snow,3.5,Medium,18,169,78,Under,1
335,Mechanized,Mountain,Overcast,1.0,Low,26,89,53,Under,1
336,SF,Desert,Overcast,4.8,Medium,56,159,178,Efficient,1
337,Infantry,Forest,Snow,3.9,High,18,238,170,Under,1
338,Artillery,Snow,Fog,9.1,Low,66,135,285,Over,0
339,SF,Mountain,Clear,5.5,High,22,294,243,Under,1
340,SF,Mountain,Clear,4.2,Medium,46,93,117,Over,0
341,Artillery,Urban,Clear,2.7,Medium,32,164,131,Under,1
342,SF,Urban,Snow,5.2,High,30,140,180,Over,0
343,Artillery,Snow,Snow,7.4,Medium,15,169,95,Under,1
344,Mechanized,Mountain,Rain,5.1,Low,33,262,191,Under,1
345,Artillery,Snow,Clear,2.8,High,17,120,72,Under,1
346,Artillery,Urban,Fog,5.6,Low,9,152,41,Under,1
347,Artillery,Urban,Fog,4.4,High,36,219,301,Over,0
348,SF,Mountain,Clear,5.4,Medium,25,185,130,Under,1
349,SF,Desert,Clear,3.8,High,60,190,417,Over,0
350,Artillery,Forest,Clear,3.7,High,50,122,225,Over,0
351,SF,Urban,Snow,3.7,Low,60,175,310,Over,0
352,Infantry,Urban,Snow,6.4,Medium,24,247,171,Under,1
353,Infantry,Desert,Snow,3.8,Low,37,83,74,Under,1
354,SF,Desert,Overcast,3.6,Medium,5,138,17,Under,1
355,SF,Snow,Fog,2.6,Low,30,71,45,Under,1
356,Artillery,Snow,Fog,5.4,High,36,212,224,Efficient,1
357,Mechanized,Forest,Rain,5.1,Low,37,253,117,Under,1
358,SF,Forest,Snow,3.6,Medium,34,168,219,Over,0
359,Infantry,Mountain,Overcast,3.1,Medium,35,119,84,Under,1
360,Artillery,Snow,Overcast,8.3,High,5,121,26,Under,1
361,SF,Urban,Fog,0.7,Medium,38,162,204,Over,0
362,Infantry,Snow,Snow,5.5,Low,42,161,170,Efficient,1
363,Infantry,Urban,Rain,7.1,High,55,234,555,Over,0
364,Mechanized,Desert,Snow,0.2,Medium,40,139,182,Over,0
365,Artillery,Snow,Clear,6.1,Medium,33,206,160,Under,1
366,Artillery,Desert,Snow,4.1,Low,51,161,215,Over,0
367,Mechanized,Forest,Clear,5.0,Low,5,135,12,Under,1
368,Mechanized,Forest,Clear,3.9,High,27,160,161,Efficient,1
369,Artillery,Mountain,Rain,6.7,Medium,23,200,128,Under,1
370,Artillery,Snow,Fog,5.2,Low,34,234,201,Under,1
371,SF,Desert,Snow,4.8,High,5,164,33,Under,1
372,SF,Urban,Clear,2.7,Medium,54,107,157,Over,0
373,Mechanized,Forest,Snow,8.3,Medium,31,239,324,Over,0
374,SF,Forest,Fog,4.5,High,39,126,187,Over,0
375,Infantry,Urban,Fog,9.1,High,38,195,372,Over,0
376,SF,Desert,Overcast,8.4,Low,53,178,232,Over,0
377,SF,Desert,Fog,0.9,Medium,7,170,43,Under,0
378,Infantry,Snow,Rain,3.2,Medium,36,150,152,Efficient,1
379,Mechanized,Snow,Clear,2.4,Medium,52,217,332,Over,0
380,Infantry,Mountain,Overcast,4.4,High,33,30,33,Efficient,1
381,SF,Forest,Rain,4.9,Low,20,248,66,Under,1
382,Mechanized,Snow,Snow,5.0,Medium,25,125,87,Under,1
383,SF,Desert,Clear,6.6,High,29,204,229,Efficient,1
384,Infantry,Urban,Fog,7.5,Medium,24,201,172,Under,1
385,Infantry,Desert,Clear,6.4,Low,32,256,150,Under,1
386,SF,Forest,Snow,3.4,Medium,57,191,365,Over,0
387,Artillery,Desert,Overcast,2.9,Low,26,130,76,Under,1
388,Artillery,Mountain,Overcast,4.5,Low,27,83,48,Under,1
389,Infantry,Forest,Overcast,5.4,Medium,41,159,198,Over,1
390,Infantry,Urban,Fog,4.1,Medium,32,62,68,Efficient,1
391,Artillery,Mountain,Rain,1.8,Low,15,142,49,Under,1
392,Artillery,Forest,Rain,5.9,High,34,162,197,Over,1
393,SF,Urban,Clear,3.7,Low,33,138,114,Under,1
394,SF,Mountain,Fog,3.7,Medium,49,182,298,Over,0
395,Artillery,Mountain,Overcast,4.4,Medium,20,165,70,Under,1
396,SF,Forest,Overcast,4.0,High,49,160,271,Over,0
397,SF,Snow,Snow,3.8,Low,33,34,24,Under,1
398,Mechanized,Mountain,Snow,1.9,Low,18,102,39,Under,1
399,SF,Mountain,Overcast,4.3,Low,15,218,63,Under,1
400,Infantry,Urban,Overcast,5.9,Medium,64,228,406,Over,0
401,SF,Desert,Fog,5.0,Low,32,69,59,Under,1
402,SF,Forest,Rain,6.4,High,49,131,235,Over,0
403,Artillery,Forest,Snow,3.0,Medium,9,244,67,Under,1
404,Infantry,Snow,Rain,1.9,Medium,74,136,270,Over,0
405,SF,Snow,Fog,4.0,Low,48,173,242,Over,0
406,SF,Forest,Overcast,3.3,High,31,266,156,Under,1
407,Mechanized,Snow,Rain,3.5,Medium,30,158,134,Under,1
408,SF,Urban,Overcast,4.9,Medium,46,149,229,Over,0
409,SF,Forest,Overcast,3.5,Low,45,170,175,Efficient,1
410,Mechanized,Snow,Clear,2.0,Low,37,291,271,Efficient,1
411,Artillery,Forest,Rain,3.4,High,35,206,186,Efficient,1
412,SF,Desert,Rain,5.2,Low,43,181,155,Under,1
413,Mechanized,Mountain,Overcast,5.8,High,8,148,44,Under,1
414,Infantry,Forest,Fog,5.8,Medium,29,212,245,Over,1
415,Artillery,Mountain,Clear,5.3,High,10,219,63,Under,1
416,Infantry,Snow,Overcast,4.2,High,44,115,160,Over,0
417,Infantry,Mountain,Snow,5.3,High,24,221,235,Efficient,1
418,Mechanized,Forest,Snow,4.4,Medium,11,170,48,Under,1
419,SF,Desert,Clear,4.7,Low,23,181,99,Under,1
420,Mechanized,Snow,Fog,2.6,Medium,37,126,85,Under,1
421,Mechanized,Forest,Overcast,4.6,Low,31,156,112,Under,1
422,Mechanized,Snow,Rain,5.3,High,17,118,65,Under,1
423,Mechanized,Urban,Clear,5.2,High,9,115,33,Under,1
424,Artillery,Mountain,Fog,1.9,High,36,202,303,Over,0
425,SF,Urban,Rain,4.7,High,26,158,166,Efficient,1
426,Infantry,Forest,Snow,1.6,High,31,102,124,Over,1
427,Infantry,Desert,Snow,4.8,Low,32,310,302,Efficient,1
428,SF,Snow,Rain,3.1,Low,41,112,81,Under,1
429,Infantry,Mountain,Clear,7.9,High,47,245,431,Over,0
430,SF,Snow,Snow,4.7,Medium,37,91,98,Efficient,1
431,Infantry,Forest,Overcast,6.1,Medium,30,207,195,Efficient,1
432,Mechanized,Snow,Rain,8.7,High,35,164,256,Over,0
433,Infantry,Mountain,Rain,2.9,Low,29,142,107,Under,1
434,SF,Forest,Snow,5.4,Medium,10,191,79,Under,1
435,SF,Snow,Clear,2.1,Medium,51,183,289,Over,0
436,SF,Desert,Overcast,5.2,Medium,48,131,167,Over,0
437,SF,Forest,Clear,8.0,High,64,128,298,Over,0
438,SF,Forest,Fog,3.2,Medium,69,85,198,Over,0
439,Artillery,Desert,Fog,2.7,Medium,17,198,105,Under,1
440,Artillery,Urban,Snow,4.3,Medium,29,104,110,Efficient,1
441,Infantry,Mountain,Snow,8.6,Medium,72,180,304,Over,0
442,SF,Urban,Snow,6.0,Low,34,215,254,Over,1
443,Infantry,Snow,Fog,2.7,High,38,192,283,Over,0
444,SF,Desert,Clear,7.4,High,12,136,44,Under,1
445,SF,Urban,Clear,1.2,Low,37,234,156,Under,1
446,Artillery,Forest,Snow,8.8,Low,63,155,187,Over,1
447,Artillery,Snow,Overcast,6.2,High,54,99,155,Over,0
448,Mechanized,Snow,Clear,8.0,Medium,25,162,115,Under,1
449,Artillery,Urban,Fog,1.2,Medium,29,215,230,Efficient,1
450,Mechanized,Urban,Rain,4.8,High,18,139,101,Under,1
451,Mechanized,Desert,Rain,4.2,Medium,22,232,159,Under,1
452,Mechanized,Mountain,Rain,2.5,Low,6,133,15,Under,1
453,Mechanized,Urban,Overcast,1.9,Medium,33,141,105,Under,1
454,Mechanized,Urban,Snow,5.5,Medium,57,117,199,Over,0
455,Infantry,Forest,Fog,5.7,Medium,40,221,255,Over,1
456,Artillery,Snow,Overcast,7.1,High,55,176,322,Over,0
457,Mechanized,Mountain,Fog,3.5,Low,51,121,147,Over,1
458,SF,Forest,Fog,4.2,Medium,26,156,121,Under,1
459,Artillery,Desert,Snow,1.7,High,23,30,24,Under,1
460,Artillery,Desert,Rain,7.6,Medium,24,226,176,Under,1
461,Mechanized,Urban,Snow,4.6,Low,9,169,38,Under,1
462,Infantry,Urban,Overcast,5.9,Medium,35,35,25,Under,1
463,Mechanized,Desert,Overcast,6.0,Low,5,92,10,Under,1
464,Infantry,Urban,Overcast,7.4,Medium,43,154,184,Over,1
465,SF,Mountain,Snow,2.8,Low,36,101,71,Under,1
466,Artillery,Urban,Fog,5.9,Medium,42,227,281,Over,1
467,SF,Snow,Fog,4.4,Low,50,205,283,Over,0
468,Infantry,Urban,Clear,8.7,Medium,37,201,181,Efficient,1
469,Infantry,Forest,Overcast,2.8,Medium,59,30,37,Over,1
470,SF,Mountain,Fog,6.8,High,44,148,254,Over,0
471,Infantry,Forest,Clear,5.2,High,23,138,121,Under,1
472,SF,Forest,Fog,5.1,Low,31,122,123,Efficient,1
473,Artillery,Snow,Overcast,4.6,Medium,5,155,23,Under,1
474,SF,Mountain,Rain,7.2,Low,21,112,69,Under,1
475,Artillery,Mountain,Overcast,5.0,High,29,192,199,Efficient,1
476,SF,Mountain,Snow,1.5,Low,43,225,218,Efficient,1
477,Infantry,Mountain,Fog,6.9,Low,23,220,146,Under,1
478,SF,Mountain,Fog,6.6,High,16,171,110,Under,1
479,Infantry,Snow,Snow,5.7,Medium,6,299,63,Under,1
480,SF,Urban,Snow,2.2,Low,26,248,141,Under,1
481,SF,Forest,Rain,2.6,High,64,173,435,Over,0
482,Mechanized,Mountain,Fog,0.7,Medium,39,151,172,Efficient,0
483,Infantry,Urban,Fog,5.4,High,49,260,530,Over,0
484,Mechanized,Urban,Rain,1.8,Low,21,240,115,Under,1
485,Infantry,Forest,Clear,1.1,Medium,11,95,26,Under,1
486,Mechanized,Snow,Rain,7.0,Medium,16,245,132,Under,1
487,Artillery,Desert,Overcast,6.0,High,33,170,182,Efficient,1
488,SF,Desert,Fog,3.8,High,5,128,19,Under,1
489,Infantry,Urban,Snow,4.2,High,19,61,34,Under,1
490,Infantry,Forest,Overcast,0.2,Medium,26,163,109,Under,0
491,SF,Desert,Fog,6.3,Medium,15,179,81,Under,1
492,Infantry,Urban,Rain,3.1,Low,5,275,24,Under,1
493,Infantry,Snow,Overcast,5.2,Medium,39,237,256,Efficient,1
494,Mechanized,Desert,Fog,0.2,Low,35,145,118,Under,0
495,Infantry,Urban,Clear,6.5,High,46,203,307,Over,0
496,Artillery,Urban,Clear,3.0,High,18,229,143,Under,1
497,Artillery,Mountain,Snow,1.7,Medium,46,185,322,Over,0
498,SF,Snow,Fog,3.8,High,57,144,384,Over,0
499,Infantry,Mountain,Clear,3.3,High,38,148,194,Over,0
500,SF,Forest,Rain,6.6,Medium,25,203,157,Under,1
501,Artillery,Mountain,Fog,3.7,Low,37,204,193,Efficient,1
502,Infantry,Mountain,Rain,7.2,Medium,25,162,134,Under,1
503,Infantry,Desert,Rain,5.2,Low,22,30,15,Under,1
504,SF,Urban,Clear,6.3,Medium,45,102,133,Over,0
505,Artillery,Snow,Fog,4.5,Medium,32,217,168,Under,1
506,Infantry,Mountain,Overcast,7.0,High,53,52,98,Over,0
507,SF,Snow,Clear,2.2,Medium,28,251,200,Under,1
508,Artillery,Mountain,Clear,4.7,Medium,29,242,180,Under,1
509,SF,Forest,Fog,3.7,Low,26,182,116,Under,1
510,Mechanized,Mountain,Fog,7.3,High,18,215,133,Under,1
511,Infantry,Desert,Rain,7.5,Low,47,211,204,Efficient,1
512,Mechanized,Urban,Fog,4.5,Low,67,172,301,Over,0
513,Artillery,Forest,Rain,1.9,High,29,97,91,Efficient,1
514,Mechanized,Mountain,Clear,5.4,High,24,238,146,Under,1
515,Mechanized,Snow,Snow,1.2,High,23,264,198,Under,1
516,Artillery,Forest,Overcast,7.8,Medium,24,107,62,Under,1
517,SF,Forest,Clear,3.6,High,59,95,212,Over,0
518,Mechanized,Mountain,Fog,4.4,High,24,171,167,Efficient,1
519,SF,Forest,Overcast,3.1,High,26,142,106,Under,1
520,Mechanized,Snow,Snow,2.7,Low,16,188,70,Under,1
521,SF,Forest,Snow,6.0,Low,39,252,318,Over,0
522,Artillery,Snow,Rain,4.2,Medium,33,45,51,Efficient,1
523,Mechanized,Mountain,Overcast,4.6,Low,17,274,83,Under,1
524,Artillery,Urban,Rain,2.5,Medium,21,155,112,Under,1
525,Mechanized,Forest,Clear,6.2,Low,57,210,268,Over,0
526,Artillery,Urban,Overcast,6.4,High,35,217,296,Over,0
527,Artillery,Snow,Clear,4.1,Low,36,224,172,Under,1
528,Mechanized,Forest,Rain,7.0,Medium,36,183,245,Over,0
529,Mechanized,Desert,Overcast,4.3,Low,55,197,192,Efficient,1
530,Mechanized,Urban,Rain,6.1,High,19,197,139,Under,1
531,Infantry,Forest,Overcast,1.3,Medium,29,142,124,Under,1
532,SF,Urban,Rain,5.2,High,32,74,58,Under,1
533,Infantry,Forest,Snow,4.0,High,9,106,38,Under,1
534,Infantry,Mountain,Rain,4.8,Medium,21,173,104,Under,1
535,Artillery,Urban,Snow,4.7,High,50,132,302,Over,0
536,Mechanized,Desert,Rain,4.8,High,46,132,268,Over,0
537,SF,Desert,Overcast,5.7,Low,49,287,344,Over,1
538,Artillery,Snow,Overcast,3.4,High,26,231,206,Under,1
539,Infantry,Forest,Overcast,5.6,High,28,164,158,Efficient,1
540,Mechanized,Urban,Fog,7.0,High,8,220,68,Under,1
541,Artillery,Snow,Clear,1.7,High,48,154,251,Over,0
542,Mechanized,Urban,Overcast,2.9,Medium,51,186,304,Over,0
543,Artillery,Forest,Snow,3.0,Low,51,206,237,Over,1
544,Mechanized,Desert,Overcast,2.3,High,59,154,278,Over,0
545,Infantry,Mountain,Fog,3.6,High,41,138,218,Over,0
546,SF,Desert,Snow,6.6,Medium,58,253,577,Over,0
547,Infantry,Snow,Fog,7.4,High,31,216,287,Over,0
548,SF,Mountain,Snow,4.7,Medium,8,44,13,Under,1
549,Mechanized,Snow,Rain,3.9,Low,47,139,181,Over,0
550,Artillery,Forest,Clear,6.1,Low,7,133,22,Under,1
551,Infantry,Mountain,Clear,0.2,High,37,142,141,Efficient,0
552,SF,Snow,Fog,2.4,High,49,231,542,Over,0
553,Infantry,Forest,Clear,0.2,High,39,181,274,Over,0
554,SF,Desert,Fog,2.4,Medium,69,96,205,Over,0
555,Infantry,Forest,Fog,3.0,High,5,157,24,Under,1
556,SF,Urban,Fog,7.5,High,33,212,222,Efficient,1
557,SF,Forest,Clear,0.2,Low,35,166,124,Under,0
558,Mechanized,Forest,Fog,3.7,High,14,141,69,Under,1
559,SF,Urban,Clear,5.7,Low,17,199,56,Under,1
560,Mechanized,Snow,Fog,5.3,High,22,277,186,Under,1
561,SF,Snow,Overcast,7.4,Low,18,207,78,Under,1
562,Artillery,Forest,Fog,4.8,High,33,258,349,Over,0
563,Artillery,Urban,Snow,5.2,Low,25,145,117,Under,1
564,Artillery,Urban,Fog,0.8,Medium,39,179,223,Over,0
565,SF,Desert,Rain,2.5,Low,44,178,173,Efficient,1
566,Mechanized,Snow,Fog,0.9,Low,43,187,203,Efficient,0
567,Mechanized,Mountain,Snow,5.6,Low,28,206,162,Under,1
568,SF,Snow,Snow,5.2,High,39,124,224,Over,0
569,Artillery,Snow,Clear,5.1,High,50,218,377,Over,0
570,Artillery,Desert,Overcast,2.7,High,41,82,127,Over,0
571,Mechanized,Mountain,Fog,2.6,Medium,62,99,212,Over,0
572,Artillery,Desert,Clear,4.9,Medium,49,308,424,Over,0
573,Infantry,Mountain,Overcast,3.2,Low,60,149,185,Over,1
574,Mechanized,Forest,Fog,2.5,Medium,5,223,38,Under,1
575,Artillery,Mountain,Rain,3.5,Low,36,281,215,Under,1
576,Mechanized,Desert,Fog,3.2,Low,30,41,23,Under,1
577,Infantry,Snow,Snow,2.8,Low,33,247,162,Under,1
578,Mechanized,Mountain,Snow,2.0,Medium,22,218,134,Under,1
579,Mechanized,Mountain,Rain,5.4,High,40,278,470,Over,0
580,Mechanized,Urban,Clear,7.6,Medium,7,109,20,Under,1
581,Mechanized,Snow,Overcast,4.4,Low,41,267,243,Efficient,1
582,Infantry,Forest,Fog,4.9,Low,23,135,73,Under,1
583,SF,Desert,Snow,5.6,Medium,27,243,204,Under,1
584,Mechanized,Forest,Clear,5.2,Low,41,177,137,Under,1
585,Mechanized,Snow,Rain,2.8,Low,36,226,189,Under,1
586,Artillery,Mountain,Snow,7.9,Medium,50,182,309,Over,0
587,Mechanized,Mountain,Rain,3.0,Medium,20,69,43,Under,1
588,Artillery,Snow,Fog,5.8,Medium,33,30,33,Efficient,1
589,SF,Mountain,Overcast,5.6,Low,48,192,196,Efficient,1
590,Infantry,Mountain,Snow,0.6,Low,40,164,126,Under,0
591,Infantry,Mountain,Snow,3.8,High,41,203,395,Over,0
592,SF,Desert,Fog,4.6,High,51,164,328,Over,0
593,Infantry,Desert,Clear,4.8,Medium,28,301,236,Under,1
594,SF,Urban,Overcast,5.1,High,25,193,204,Efficient,1
595,SF,Forest,Snow,6.0,Low,43,153,202,Over,0
596,SF,Snow,Overcast,4.5,High,32,200,230,Efficient,1
597,Infantry,Snow,Snow,5.2,Low,51,154,210,Over,0
598,Artillery,Snow,Overcast,4.4,Medium,40,185,199,Efficient,1
599,SF,Urban,Rain,2.5,Medium,25,106,80,Under,1
600,Mechanized,Desert,Snow,4.6,Low,40,179,201,Efficient,1
601,Infantry,Urban,Overcast,6.0,High,21,151,137,Efficient,1
602,SF,Snow,Clear,6.7,Medium,49,112,214,Over,0
603,SF,Forest,Rain,5.6,Medium,14,298,134,Under,1
604,Mechanized,Mountain,Rain,7.2,High,53,114,161,Over,0
605,Artillery,Desert,Clear,5.3,High,39,180,210,Over,1
606,Artillery,Desert,Overcast,6.2,Low,32,131,118,Efficient,1
607,Artillery,Urban,Fog,6.4,High,46,197,410,Over,0
608,SF,Desert,Clear,4.1,High,42,103,157,Over,0
609,SF,Snow,Overcast,6.0,High,54,230,418,Over,0
610,SF,Snow,Clear,2.6,Low,54,302,286,Efficient,1
611,Infantry,Urban,Clear,5.2,Low,40,129,144,Efficient,1
612,Mechanized,Snow,Snow,5.7,Medium,21,253,157,Under,1
613,SF,Forest,Overcast,6.6,Low,26,157,101,Under,1
614,Mechanized,Urban,Fog,6.1,Medium,33,270,233,Under,1
615,Mechanized,Forest,Snow,6.6,High,51,311,656,Over,0
616,Artillery,Mountain,Clear,4.3,Medium,28,165,146,Under,1
617,Infantry,Forest,Clear,3.8,Medium,29,88,67,Under,1
618,SF,Mountain,Clear,4.0,High,62,236,472,Over,0
619,Artillery,Mountain,Overcast,5.0,Medium,33,193,173,Under,1
620,Artillery,Forest,Overcast,0.9,Low,25,210,85,Under,0
621,SF,Urban,Snow,7.2,Low,46,159,155,Efficient,1
622,Mechanized,Snow,Fog,4.6,Low,34,126,120,Efficient,1
623,Artillery,Snow,Snow,3.7,Low,14,249,85,Under,1
624,Mechanized,Mountain,Rain,0.2,Medium,50,199,311,Over,0
625,Infantry,Mountain,Clear,4.4,Medium,23,93,68,Under,1
626,Mechanized,Urban,Clear,4.1,High,35,221,312,Over,0
627,Infantry,Desert,Clear,2.7,Medium,33,209,139,Under,1
628,Mechanized,Forest,Snow,3.2,Medium,38,160,176,Efficient,1
629,Artillery,Mountain,Snow,4.4,Medium,5,277,49,Under,1
630,Artillery,Snow,Clear,3.3,High,29,142,150,Efficient,1
631,Infantry,Urban,Snow,5.6,Low,51,169,310,Over,0
632,SF,Forest,Overcast,3.0,Medium,53,226,273,Over,1
633,Infantry,Urban,Overcast,4.8,High,20,184,146,Under,1
634,Infantry,Forest,Snow,6.9,High,48,96,208,Over,0
635,Mechanized,Forest,Clear,4.4,High,23,191,114,Under,1
636,Mechanized,Mountain,Snow,5.2,Low,29,155,110,Under,1
637,Infantry,Urban,Snow,5.1,Medium,30,231,240,Efficient,1
638,Artillery,Urban,Snow,4.5,High,36,189,209,Efficient,1
639,Mechanized,Snow,Rain,4.4,Low,50,185,154,Under,1
640,SF,Snow,Overcast,3.4,High,38,117,108,Efficient,1
641,Mechanized,Mountain,Fog,4.8,High,33,166,226,Over,0
642,Mechanized,Mountain,Fog,3.9,High,49,238,425,Over,0
643,SF,Desert,Rain,7.6,High,22,133,105,Under,1
644,Infantry,Snow,Snow,6.1,High,33,178,227,Over,0
645,SF,Forest,Rain,1.6,Low,49,123,109,Under,1
646,Infantry,Urban,Rain,1.7,Medium,42,108,122,Efficient,1
647,Infantry,Mountain,Clear,4.2,Medium,28,174,97,Under,1
648,Infantry,Urban,Overcast,3.7,Medium,12,190,71,Under,1
649,SF,Urban,Fog,4.1,Medium,39,299,461,Over,0
650,Infantry,Desert,Snow,5.8,Low,11,152,29,Under,1
651,Artillery,Snow,Fog,5.1,Low,31,176,130,Under,1
652,SF,Mountain,Fog,5.1,Low,52,104,130,Over,0
653,Artillery,Urban,Overcast,7.4,High,43,216,319,Over,0
654,Infantry,Mountain,Fog,1.7,High,5,203,44,Under,1
655,Mechanized,Forest,Fog,4.7,High,38,269,378,Over,0
656,Infantry,Desert,Rain,3.3,Medium,30,246,216,Under,1
657,Artillery,Forest,Overcast,7.4,High,15,201,154,Under,1
658,Artillery,Mountain,Clear,0.2,Medium,40,151,152,Efficient,0
659,SF,Mountain,Snow,0.2,High,27,192,252,Over,0
660,Mechanized,Snow,Fog,5.1,Medium,27,173,160,Efficient,1
661,SF,Urban,Snow,6.8,High,36,237,335,Over,0
662,Artillery,Urban,Clear,6.0,High,25,229,180,Under,1
663,Infantry,Forest,Snow,2.9,Low,36,162,150,Efficient,1
664,Mechanized,Desert,Clear,7.5,High,26,92,71,Under,1
665,Infantry,Urban,Rain,2.0,High,26,260,214,Under,1
666,Infantry,Snow,Fog,7.1,Low,49,214,259,Over,1
667,Mechanized,Forest,Clear,2.3,Medium,51,160,226,Over,0
668,SF,Forest,Snow,3.8,Low,9,212,63,Under,1
669,Infantry,Snow,Fog,5.8,Low,46,184,203,Efficient,1
670,Artillery,Desert,Rain,1.6,Medium,55,259,440,Over,0
671,Infantry,Snow,Fog,7.4,High,58,64,116,Over,0
672,Mechanized,Desert,Clear,3.8,Medium,42,156,207,Over,0
673,Mechanized,Snow,Rain,4.8,High,19,275,147,Under,1
674,Mechanized,Snow,Snow,6.8,High,44,213,450,Over,0
675,SF,Mountain,Rain,2.9,Medium,21,286,175,Under,1
676,Infantry,Forest,Rain,6.6,Low,29,106,75,Under,1
677,SF,Snow,Overcast,7.8,Medium,40,244,265,Efficient,1
678,SF,Snow,Rain,3.2,High,22,240,157,Under,1
679,Mechanized,Urban,Rain,7.2,Medium,17,79,34,Under,1
680,Mechanized,Forest,Fog,1.0,Medium,41,162,223,Over,0
681,SF,Urban,Snow,5.3,High,63,173,457,Over,0
682,Infantry,Forest,Fog,2.0,Low,53,82,101,Over,1
683,Artillery,Urban,Fog,6.4,Medium,45,163,255,Over,0
684,SF,Snow,Clear,6.2,High,49,232,408,Over,0
685,Infantry,Snow,Fog,8.7,High,44,156,255,Over,0
686,Mechanized,Mountain,Overcast,7.3,Medium,41,194,307,Over,0
687,Mechanized,Urban,Overcast,4.2,Low,48,194,222,Efficient,1
688,Infantry,Desert,Clear,2.3,Medium,14,179,68,Under,1
689,Artillery,Mountain,Snow,5.6,Low,37,137,126,Efficient,1
690,Mechanized,Urban,Snow,4.4,Low,33,219,218,Efficient,1
691,Mechanized,Urban,Fog,7.6,Low,36,84,71,Under,1
692,Mechanized,Mountain,Fog,0.2,Low,28,180,103,Under,0
693,Infantry,Snow,Fog,8.9,Medium,42,263,470,Over,0
694,SF,Urban,Snow,5.6,High,22,153,142,Efficient,1
695,Mechanized,Snow,Rain,2.9,High,26,136,115,Under,1
696,SF,Mountain,Overcast,6.0,High,25,223,193,Under,1
697,Artillery,Snow,Rain,7.1,High,47,189,395,Over,0
698,Mechanized,Forest,Rain,4.7,High,34,224,317,Over,0
699,Mechanized,Desert,Snow,1.0,High,28,182,228,Over,0
700,Artillery,Urban,Rain,3.9,Medium,29,36,25,Under,1
701,Mechanized,Desert,Clear,6.6,Low,35,250,227,Efficient,1
702,SF,Snow,Fog,5.5,High,59,304,703,Over,0
703,Infantry,Urban,Clear,4.2,Medium,16,257,114,Under,1
704,SF,Snow,Overcast,7.1,High,45,30,56,Over,0
705,Infantry,Forest,Fog,6.0,High,42,207,390,Over,0
706,Infantry,Mountain,Rain,6.1,Low,21,151,83,Under,1
707,SF,Urban,Overcast,3.7,Low,57,114,97,Under,1
708,SF,Forest,Fog,3.5,Low,43,187,199,Efficient,1
709,SF,Forest,Rain,1.1,High,27,171,146,Under,1
710,SF,Urban,Clear,4.0,High,7,210,55,Under,1
711,Artillery,Snow,Fog,6.4,High,38,183,326,Over,0
712,Mechanized,Forest,Rain,4.1,Low,34,112,87,Under,1
713,Infantry,Desert,Clear,5.4,Medium,19,145,69,Under,1
714,SF,Forest,Overcast,6.7,High,19,135,110,Under,1
715,SF,Snow,Overcast,5.2,High,48,77,114,Over,0
716,SF,Snow,Overcast,5.4,High,5,97,13,Under,1
717,Artillery,Desert,Overcast,1.8,Medium,39,167,147,Under,1
718,SF,Forest,Snow,3.9,High,32,265,318,Over,1
719,SF,Snow,Fog,8.0,Medium,42,147,179,Over,1
720,SF,Urban,Fog,4.7,High,30,134,180,Over,0
721,Mechanized,Mountain,Snow,8.3,Medium,39,109,100,Efficient,1
722,Artillery,Mountain,Rain,3.1,High,23,181,133,Under,1
723,SF,Mountain,Rain,5.0,Low,34,250,206,Under,1
724,Infantry,Forest,Overcast,3.7,Low,42,300,277,Efficient,1
725,Infantry,Desert,Clear,5.7,Low,37,197,205,Efficient,1
726,Infantry,Snow,Rain,6.3,Low,40,188,231,Over,1
727,Artillery,Urban,Clear,5.7,High,21,147,82,Under,1
728,Artillery,Urban,Fog,6.6,Low,26,157,76,Under,1
729,Infantry,Forest,Clear,4.5,Medium,26,217,156,Under,1
730,SF,Mountain,Fog,4.1,Low,30,161,109,Under,1
731,Artillery,Forest,Snow,1.0,Low,55,170,192,Efficient,0
732,Infantry,Desert,Snow,5.8,Low,29,178,139,Under,1
733,Infantry,Desert,Overcast,4.8,High,17,144,86,Under,1
734,SF,Snow,Rain,4.4,Low,43,175,159,Efficient,1
735,Mechanized,Snow,Overcast,4.1,Medium,55,58,77,Over,0
736,Artillery,Desert,Fog,4.4,Low,16,212,76,Under,1
737,SF,Desert,Overcast,4.0,Low,64,321,413,Over,0
738,Infantry,Desert,Clear,3.4,Low,41,146,140,Efficient,1
739,Infantry,Forest,Fog,5.0,Medium,50,202,270,Over,0
740,SF,Desert,Snow,5.5,Low,57,231,320,Over,0
741,Artillery,Urban,Rain,3.0,Medium,49,256,349,Over,0
742,Mechanized,Mountain,Fog,3.7,Medium,33,164,169,Efficient,1
743,Mechanized,Desert,Fog,4.1,Low,53,71,98,Over,0
744,Infantry,Mountain,Clear,4.5,Medium,38,196,268,Over,0
745,Artillery,Forest,Rain,4.2,High,51,187,391,Over,0
746,Mechanized,Mountain,Snow,5.8,Low,52,159,243,Over,0
747,Artillery,Forest,Fog,1.2,Low,18,171,71,Under,1
748,Artillery,Urban,Fog,1.5,Medium,46,188,223,Over,1
749,Infantry,Forest,Clear,4.9,Medium,32,201,164,Under,1
750,Mechanized,Forest,Overcast,3.3,Low,37,199,139,Under,1
751,SF,Snow,Snow,6.3,High,36,166,269,Over,0
752,Infantry,Desert,Rain,6.8,Medium,36,203,173,Under,1
753,Mechanized,Desert,Fog,5.0,Medium,57,162,321,Over,0
754,Mechanized,Urban,Fog,2.4,High,14,218,114,Under,1
755,Mechanized,Urban,Snow,6.6,High,9,142,60,Under,1
756,Mechanized,Desert,Overcast,4.9,Low,6,184,21,Under,1
757,Mechanized,Snow,Fog,1.5,High,51,82,136,Over,0
758,Artillery,Desert,Snow,1.7,Low,23,157,85,Under,1
759,Infantry,Snow,Clear,7.5,High,36,214,260,Over,1
760,Artillery,Urban,Overcast,7.2,Medium,33,117,122,Efficient,1
761,SF,Mountain,Rain,0.2,Low,21,160,85,Under,0
762,Mechanized,Urban,Fog,1.8,Low,47,35,51,Over,0
763,Infantry,Urban,Snow,6.8,Low,33,97,81,Under,1
764,Mechanized,Forest,Clear,4.5,High,31,113,60,Under,1
765,Infantry,Forest,Rain,5.9,Medium,38,186,205,Efficient,1
766,Artillery,Forest,Snow,4.4,Low,45,200,246,Over,1
767,Infantry,Forest,Snow,5.8,Low,20,176,105,Under,1
768,SF,Snow,Rain,4.5,Low,48,157,191,Over,1
769,SF,Desert,Clear,3.6,Low,56,157,177,Efficient,1
770,Infantry,Mountain,Clear,6.6,Medium,13,222,103,Under,1
771,Infantry,Urban,Overcast,4.9,High,39,192,215,Efficient,1
772,Infantry,Snow,Fog,5.8,Medium,30,159,148,Efficient,1
773,Infantry,Mountain,Rain,4.8,Low,45,257,236,Efficient,1
774,SF,Snow,Rain,3.5,Medium,16,296,141,Under,1
775,Mechanized,Snow,Rain,7.7,Low,59,105,195,Over,0
776,Infantry,Urban,Clear,5.2,High,10,211,72,Under,1
777,Infantry,Desert,Fog,3.8,High,31,365,434,Over,1
778,SF,Forest,Overcast,7.1,High,41,196,210,Efficient,1
779,SF,Desert,Snow,1.9,Low,24,186,108,Under,1
780,Artillery,Urban,Snow,9.0,Medium,22,176,160,Efficient,1
781,Infantry,Urban,Rain,4.1,High,38,209,288,Over,0
782,Artillery,Urban,Fog,2.0,Low,36,225,187,Under,1
783,SF,Mountain,Clear,8.3,Low,35,105,100,Efficient,1
784,SF,Desert,Fog,3.6,Medium,47,178,249,Over,0
785,Mechanized,Desert,Fog,5.0,High,29,43,59,Over,0
786,Infantry,Snow,Clear,5.9,Low,39,167,118,Under,1
787,Artillery,Snow,Rain,6.9,Medium,27,125,117,Efficient,1
788,SF,Snow,Fog,5.1,High,22,200,219,Efficient,1
789,SF,Urban,Snow,3.2,Medium,30,80,89,Efficient,1
790,Artillery,Desert,Clear,4.9,Medium,27,149,80,Under,1
791,Mechanized,Urban,Overcast,3.7,Low,28,237,128,Under,1
792,SF,Mountain,Rain,5.0,Low,52,139,170,Over,1
793,Infantry,Snow,Clear,7.8,Low,31,65,53,Under,1
794,SF,Urban,Overcast,6.0,Medium,25,195,108,Under,1
795,Infantry,Urban,Overcast,4.9,Low,35,144,92,Under,1
796,Artillery,Mountain,Fog,6.0,Medium,36,168,149,Under,1
797,Infantry,Forest,Fog,6.1,Medium,17,136,65,Under,1
798,Artillery,Desert,Fog,2.3,Low,30,298,178,Under,1
799,Infantry,Forest,Clear,4.6,High,29,86,106,Over,1
800,Artillery,Snow,Clear,9.6,High,32,350,377,Efficient,1
801,Infantry,Urban,Rain,6.9,High,45,156,305,Over,0
802,Mechanized,Mountain,Fog,3.5,Medium,37,191,221,Over,1
803,Infantry,Mountain,Overcast,3.3,Medium,53,145,203,Over,0
804,Infantry,Desert,Snow,3.2,Medium,34,143,143,Efficient,1
805,Mechanized,Forest,Rain,6.2,Low,61,132,224,Over,0
806,SF,Desert,Clear,7.7,Medium,28,216,179,Under,1
807,SF,Urban,Rain,5.7,Low,23,95,54,Under,1
808,Infantry,Desert,Rain,4.8,Low,43,201,192,Efficient,1
809,Mechanized,Mountain,Rain,3.6,High,55,48,92,Over,0
810,Infantry,Mountain,Rain,5.2,High,14,196,114,Under,1
811,Artillery,Snow,Snow,2.9,High,32,230,306,Over,0
812,Artillery,Snow,Fog,0.6,Low,25,103,62,Under,0
813,Infantry,Urban,Overcast,7.8,Low,37,220,164,Under,1
814,SF,Forest,Rain,2.5,Low,35,183,194,Efficient,1
815,SF,Desert,Rain,3.9,Medium,55,275,421,Over,0
816,Infantry,Urban,Rain,5.8,Low,33,128,104,Under,1
817,Infantry,Snow,Fog,7.4,High,55,348,771,Over,0
818,Artillery,Desert,Clear,5.0,High,30,36,48,Over,0
819,SF,Snow,Clear,2.1,Low,48,160,156,Efficient,1
820,Infantry,Desert,Snow,3.9,Low,38,78,73,Efficient,1
821,Artillery,Forest,Clear,3.1,High,60,291,599,Over,0
822,SF,Urban,Rain,4.4,Low,12,164,42,Under,1
823,Mechanized,Desert,Rain,7.0,High,17,169,115,Under,1
824,Artillery,Mountain,Rain,0.2,Medium,62,206,489,Over,0
825,SF,Mountain,Snow,3.7,High,24,179,183,Efficient,1
826,SF,Desert,Rain,3.5,Medium,24,144,107,Under,1
827,Artillery,Desert,Clear,2.0,Low,21,104,41,Under,1
828,Mechanized,Desert,Fog,5.7,Low,52,190,320,Over,0
829,Artillery,Mountain,Fog,1.7,Medium,16,202,126,Under,1
830,SF,Mountain,Overcast,1.9,Low,35,221,180,Under,1
831,Infantry,Desert,Clear,6.2,Medium,31,294,283,Efficient,1
832,Infantry,Snow,Rain,7.5,Low,50,49,60,Over,1
833,Artillery,Snow,Fog,4.3,High,26,175,190,Efficient,1
834,SF,Forest,Clear,2.1,Low,41,251,191,Under,1
835,Infantry,Urban,Fog,3.1,High,17,172,94,Under,1
836,SF,Snow,Rain,6.5,High,69,39,81,Over,0
837,Artillery,Mountain,Fog,4.7,Medium,31,102,106,Efficient,1
838,Infantry,Snow,Overcast,4.3,Low,35,199,119,Under,1
839,SF,Forest,Overcast,5.1,Medium,59,197,293,Over,0
840,Infantry,Forest,Fog,4.4,Low,26,220,143,Under,1
841,Artillery,Urban,Clear,7.6,High,60,133,331,Over,0
842,SF,Snow,Clear,3.0,High,28,195,167,Under,1
843,Infantry,Mountain,Clear,2.8,Low,45,123,138,Efficient,1
844,Artillery,Mountain,Fog,1.7,Low,26,195,140,Under,1
845,Infantry,Desert,Clear,3.4,Medium,14,183,58,Under,1
846,Infantry,Mountain,Rain,2.3,Low,41,130,145,Efficient,1
847,Mechanized,Urban,Overcast,4.9,Low,44,273,250,Efficient,1
848,Mechanized,Urban,Rain,4.5,Low,15,77,25,Under,1
849,Artillery,Mountain,Clear,2.3,Medium,30,171,130,Under,1
850,Mechanized,Mountain,Rain,5.7,Low,53,129,169,Over,0
851,Artillery,Desert,Clear,7.5,High,44,290,432,Over,0
852,Mechanized,Mountain,Fog,5.2,Medium,29,215,174,Under,1
853,Infantry,Desert,Rain,0.2,Medium,26,141,92,Under,0
854,Artillery,Desert,Fog,8.5,High,64,163,449,Over,0
855,Artillery,Mountain,Fog,6.0,High,13,291,149,Under,1
856,Infantry,Forest,Snow,8.4,High,34,123,198,Over,0
857,Artillery,Forest,Clear,6.7,Low,13,74,22,Under,1
858,Artillery,Desert,Overcast,7.1,High,54,197,378,Over,0
859,Mechanized,Mountain,Clear,4.9,Low,34,198,162,Under,1
860,Artillery,Forest,Overcast,4.0,Medium,37,219,263,Over,1
861,SF,Mountain,Clear,5.2,Medium,76,220,569,Over,0
862,Infantry,Mountain,Fog,3.1,High,26,286,346,Over,1
863,Mechanized,Mountain,Rain,5.4,Low,61,76,129,Over,0
864,Mechanized,Snow,Rain,0.2,High,29,107,144,Over,0
865,SF,Mountain,Snow,4.6,High,31,219,299,Over,0
866,Infantry,Snow,Overcast,7.2,Low,74,113,197,Over,0
867,Infantry,Desert,Overcast,4.7,High,32,92,133,Over,0
868,Mechanized,Forest,Overcast,8.0,Medium,14,291,68,Under,1
869,Artillery,Forest,Fog,4.0,High,39,82,121,Over,0
870,Mechanized,Forest,Overcast,6.5,Low,32,158,134,Under,1
871,Infantry,Forest,Rain,2.7,Low,40,176,190,Efficient,1
872,SF,Forest,Fog,6.4,Medium,32,258,373,Over,0
873,Mechanized,Forest,Clear,5.0,Low,68,67,102,Over,0
874,Infantry,Forest,Overcast,4.1,Low,43,204,176,Under,1
875,Mechanized,Desert,Overcast,0.2,Medium,18,126,54,Under,0
876,Artillery,Mountain,Clear,4.0,High,36,217,280,Over,0
877,Mechanized,Urban,Overcast,4.9,Medium,23,125,97,Under,1
878,Mechanized,Snow,Clear,6.2,High,31,274,374,Over,0
879,Infantry,Urban,Fog,7.6,Medium,21,125,86,Under,1
880,Infantry,Urban,Rain,8.6,High,66,32,88,Over,0
881,Infantry,Mountain,Clear,7.0,Medium,24,132,82,Under,1
882,Mechanized,Mountain,Snow,3.4,High,45,164,277,Over,0
883,Artillery,Mountain,Clear,3.9,Medium,30,244,231,Efficient,1
884,SF,Forest,Overcast,6.0,High,17,104,75,Under,1
885,SF,Desert,Fog,5.5,Medium,37,105,112,Efficient,1
886,Infantry,Forest,Fog,7.8,Low,41,237,268,Efficient,1
887,Infantry,Desert,Clear,9.5,High,43,97,149,Over,0
888,Mechanized,Desert,Rain,9.0,Medium,5,169,31,Under,1
889,SF,Urban,Snow,7.5,High,16,170,111,Under,1
890,Infantry,Urban,Fog,5.6,High,49,193,271,Over,0
891,Artillery,Desert,Overcast,7.2,Medium,21,135,91,Under,1
892,Artillery,Desert,Overcast,7.8,High,38,124,160,Over,0
893,Infantry,Forest,Rain,4.2,Medium,16,200,93,Under,1
894,Infantry,Forest,Fog,3.4,Low,45,126,150,Over,1
895,SF,Urban,Clear,3.0,High,48,98,166,Over,0
896,SF,Mountain,Overcast,2.7,Low,45,253,255,Efficient,1
897,Mechanized,Desert,Rain,1.7,High,50,209,286,Over,0
898,SF,Forest,Fog,5.0,High,58,286,718,Over,0
899,Artillery,Urban,Fog,2.5,High,17,227,105,Under,1
900,Artillery,Forest,Fog,2.9,Medium,23,103,81,Under,1
901,Infantry,Desert,Fog,5.9,Low,48,185,269,Over,0
902,SF,Desert,Fog,4.9,High,51,119,192,Over,0
903,Mechanized,Snow,Overcast,5.4,Medium,24,80,55,Under,1
904,Artillery,Mountain,Rain,7.2,High,23,153,161,Efficient,1
905,Artillery,Snow,Fog,6.2,Medium,25,238,180,Under,1
906,Mechanized,Urban,Snow,7.5,High,10,196,93,Under,1
907,Mechanized,Forest,Snow,4.7,Low,15,96,22,Under,1
908,Artillery,Urban,Rain,7.7,Low,16,151,71,Under,1
909,Artillery,Desert,Clear,5.2,High,30,171,179,Efficient,1
910,Mechanized,Snow,Clear,4.8,Medium,39,78,81,Efficient,1
911,Artillery,Snow,Clear,7.4,High,41,222,376,Over,0
912,Infantry,Snow,Snow,2.8,Medium,27,166,181,Efficient,1
913,Infantry,Urban,Clear,8.5,High,27,96,102,Efficient,1
914,Mechanized,Desert,Overcast,3.9,Medium,36,93,111,Over,1
915,SF,Forest,Fog,2.1,Low,12,246,55,Under,1
916,Mechanized,Forest,Snow,5.8,High,49,157,357,Over,0
917,Mechanized,Urban,Rain,3.7,Low,54,251,318,Over,0
918,SF,Snow,Rain,8.6,Low,25,274,156,Under,1
919,SF,Mountain,Fog,3.6,High,29,241,194,Under,1
920,SF,Urban,Snow,5.1,High,53,147,355,Over,0
921,Infantry,Urban,Clear,1.6,Medium,33,30,29,Efficient,1
922,Artillery,Desert,Clear,6.1,Medium,43,198,289,Over,0
923,Infantry,Forest,Overcast,2.9,Low,33,305,249,Under,1
924,Artillery,Urban,Overcast,5.9,Medium,58,177,250,Over,0
925,Infantry,Urban,Clear,3.6,Medium,42,60,81,Over,0
926,Artillery,Snow,Rain,0.4,High,43,139,256,Over,0
927,Infantry,Snow,Rain,4.8,Medium,43,168,211,Over,0
928,SF,Mountain,Overcast,4.7,Low,26,114,64,Under,1
929,Mechanized,Desert,Fog,6.3,Medium,28,30,23,Under,1
930,Infantry,Mountain,Clear,7.6,Low,46,174,226,Over,0
931,Artillery,Snow,Overcast,8.3,High,36,132,131,Efficient,1
932,SF,Forest,Overcast,6.2,Low,17,286,116,Under,1
933,Infantry,Snow,Clear,5.1,Medium,63,186,297,Over,0
934,Infantry,Desert,Clear,1.6,High,49,208,279,Over,0
935,SF,Snow,Rain,4.9,Medium,35,172,132,Under,1
936,Infantry,Desert,Fog,4.9,High,30,185,214,Over,1
937,Mechanized,Desert,Fog,4.1,High,37,80,94,Over,1
938,Infantry,Desert,Clear,5.8,Medium,42,117,139,Over,1
939,Mechanized,Desert,Snow,6.7,Medium,5,245,53,Under,1
940,Mechanized,Desert,Overcast,2.9,High,66,192,429,Over,0
941,SF,Forest,Overcast,2.8,High,23,156,153,Efficient,1
942,Infantry,Mountain,Clear,4.2,Medium,34,209,166,Under,1
943,SF,Urban,Snow,3.3,Low,35,210,154,Under,1
944,Infantry,Mountain,Rain,1.2,Medium,64,299,465,Over,0
945,Infantry,Desert,Clear,2.5,High,33,189,206,Efficient,1
946,Artillery,Forest,Clear,2.0,Medium,58,116,251,Over,0
947,Infantry,Snow,Overcast,6.9,Low,41,173,119,Under,1
948,SF,Forest,Clear,7.9,Medium,20,216,137,Under,1
949,Mechanized,Desert,Clear,2.3,High,37,239,263,Efficient,1
950,Infantry,Forest,Clear,5.6,Medium,33,83,74,Under,1
951,Artillery,Forest,Overcast,6.2,High,18,195,98,Under,1
952,SF,Desert,Rain,1.5,High,40,126,206,Over,0
953,Infantry,Forest,Rain,4.8,Medium,35,146,154,Efficient,1
954,SF,Urban,Clear,9.6,High,43,230,428,Over,0
955,Artillery,Urban,Overcast,5.9,High,37,224,293,Over,0
956,Artillery,Forest,Rain,4.0,Low,25,139,59,Under,1
957,SF,Snow,Rain,3.4,Low,46,170,217,Over,0
958,Infantry,Desert,Rain,0.5,Low,25,147,58,Under,0
959,Mechanized,Urban,Overcast,5.4,Low,5,353,27,Under,1
960,Artillery,Snow,Overcast,8.4,High,36,196,218,Efficient,1
961,Infantry,Forest,Clear,2.9,Medium,26,129,77,Under,1
962,Infantry,Snow,Fog,0.6,High,40,259,466,Over,0
963,Mechanized,Mountain,Rain,3.2,High,64,261,604,Over,0
964,Artillery,Urban,Fog,6.3,High,65,287,903,Over,0
965,Artillery,Forest,Overcast,3.6,Medium,32,305,238,Under,1
966,Infantry,Desert,Overcast,2.9,Low,22,222,107,Under,1
967,Infantry,Forest,Overcast,4.5,High,43,159,247,Over,0
968,Mechanized,Desert,Fog,5.0,High,29,167,213,Over,0
969,Mechanized,Forest,Overcast,1.7,Low,40,162,124,Under,1
970,Artillery,Snow,Clear,4.1,High,25,155,125,Under,1
971,SF,Snow,Overcast,3.5,Medium,38,254,245,Efficient,1
972,Artillery,Snow,Snow,3.2,High,22,180,120,Under,1
973,Infantry,Mountain,Fog,2.5,High,52,238,469,Over,0
974,Artillery,Desert,Snow,6.4,Low,26,220,147,Under,1
975,SF,Snow,Overcast,3.2,High,44,114,180,Over,0
976,Mechanized,Mountain,Clear,0.5,High,16,76,39,Under,0
977,SF,Desert,Rain,5.0,Medium,46,105,177,Over,0
978,SF,Forest,Overcast,6.0,Low,20,154,68,Under,1
979,SF,Mountain,Clear,2.9,Low,38,188,140,Under,1
980,Mechanized,Urban,Fog,3.4,Medium,50,141,221,Over,0
981,SF,Mountain,Snow,3.2,High,32,222,319,Over,0
982,SF,Mountain,Snow,3.8,Low,19,148,54,Under,1
983,SF,Desert,Snow,6.7,Low,42,195,200,Efficient,1
984,Infantry,Forest,Fog,4.3,High,22,187,145,Under,1
985,SF,Urban,Clear,6.2,High,28,284,298,Efficient,1
986,Mechanized,Snow,Fog,2.6,Low,38,121,122,Efficient,1
987,SF,Snow,Snow,3.7,High,55,312,712,Over,0
988,SF,Mountain,Overcast,6.4,Low,35,144,70,Under,1
989,Mechanized,Desert,Rain,2.9,High,35,99,96,Efficient,1
990,SF,Desert,Fog,6.5,High,46,166,301,Over,0
991,Mechanized,Snow,Fog,3.2,Medium,35,374,376,Efficient,1
992,SF,Urban,Clear,3.9,High,44,233,350,Over,0
993,Mechanized,Forest,Clear,7.8,Medium,51,216,297,Over,0
994,SF,Urban,Fog,3.6,High,30,227,327,Over,0
995,SF,Forest,Snow,4.8,Low,5,133,11,Under,1
996,Infantry,Snow,Rain,5.7,Low,22,199,113,Under,1
997,Infantry,Forest,Clear,5.0,High,53,180,372,Over,0
998,SF,Desert,Snow,5.0,High,34,288,451,Over,0
999,SF,Mountain,Overcast,4.4,Low,29,173,121,Under,1
1000,Artillery,Mountain,Clear,1.9,High,52,157,307,Over,0
1001,Mechanized,Snow,Snow,5.2,Medium,33,110,110,Efficient,1
1002,Artillery,Desert,Snow,3.0,Medium,5,188,25,Under,1
1003,Infantry,Urban,Rain,6.1,Medium,12,197,51,Under,1
1004,Infantry,Desert,Rain,7.2,Medium,41,107,131,Over,1
1005,Infantry,Mountain,Overcast,0.9,Medium,33,207,153,Under,0
1006,Infantry,Mountain,Snow,7.2,High,56,193,548,Over,0
1007,SF,Desert,Snow,3.7,High,24,240,225,Efficient,1
1008,Infantry,Desert,Rain,4.2,Medium,30,252,193,Under,1
1009,SF,Mountain,Clear,2.7,High,21,185,106,Under,1
1010,SF,Urban,Clear,4.9,High,27,117,142,Over,1
1011,Infantry,Snow,Fog,4.6,Medium,6,130,24,Under,1
1012,Infantry,Snow,Rain,6.7,High,29,285,286,Efficient,1
1013,Mechanized,Desert,Fog,3.0,High,34,189,253,Over,0
1014,Artillery,Snow,Rain,7.8,High,32,284,466,Over,0
1015,Infantry,Mountain,Overcast,5.8,Medium,67,209,364,Over,0
1016,Mechanized,Mountain,Snow,4.7,High,62,225,638,Over,0
1017,Mechanized,Desert,Overcast,4.1,Low,23,236,137,Under,1
1018,Artillery,Desert,Rain,3.9,Low,5,106,10,Under,1
1019,SF,Desert,Snow,4.0,Medium,33,198,194,Efficient,1
1020,Infantry,Urban,Clear,4.8,Low,40,105,108,Efficient,1
1021,Artillery,Snow,Clear,4.1,Medium,22,162,87,Under,1
1022,Infantry,Desert,Fog,3.2,Low,22,218,126,Under,1
1023,Mechanized,Forest,Rain,4.8,Low,58,118,148,Over,0
1024,Mechanized,Forest,Rain,2.8,Low,31,213,145,Under,1
1025,SF,Mountain,Clear,5.1,Medium,44,90,100,Efficient,1
1026,Mechanized,Snow,Overcast,4.1,Medium,21,248,153,Under,1
1027,Mechanized,Desert,Snow,5.9,High,34,140,207,Over,0
1028,Artillery,Forest,Overcast,6.5,Medium,29,118,96,Under,1
1029,Infantry,Snow,Overcast,6.5,Low,24,93,68,Under,1
1030,Infantry,Mountain,Clear,5.1,Low,52,145,212,Over,0
1031,Artillery,Urban,Clear,5.4,Medium,14,65,17,Under,1
1032,SF,Snow,Clear,3.9,Medium,39,147,146,Efficient,1
1033,Infantry,Snow,Fog,5.9,Medium,29,245,314,Over,0
1034,Mechanized,Urban,Overcast,6.1,High,41,168,218,Over,0
1035,Infantry,Snow,Rain,1.4,Low,29,109,95,Under,1
1036,Mechanized,Mountain,Snow,5.3,High,48,193,363,Over,0
1037,SF,Mountain,Fog,7.2,High,20,188,150,Under,1
1038,Artillery,Urban,Rain,3.8,Low,52,297,418,Over,0
1039,Infantry,Desert,Overcast,3.4,Low,34,227,161,Under,1
1040,Artillery,Forest,Clear,3.7,Medium,15,198,86,Under,1
1041,Infantry,Desert,Overcast,1.5,Medium,45,234,335,Over,0
1042,Mechanized,Snow,Snow,4.8,High,32,171,253,Over,0
1043,Artillery,Forest,Fog,4.6,Medium,9,175,51,Under,1
1044,Infantry,Urban,Fog,4.9,Medium,39,279,434,Over,0
1045,Mechanized,Urban,Snow,5.3,Low,50,81,122,Over,0
1046,Artillery,Forest,Rain,2.9,Low,54,238,270,Efficient,1
1047,Artillery,Mountain,Rain,5.0,Medium,29,173,199,Over,1
1048,Infantry,Forest,Fog,5.4,Low,37,162,169,Efficient,1
1049,Infantry,Snow,Fog,3.5,Medium,35,146,154,Efficient,1
1050,Infantry,Mountain,Clear,5.3,Low,57,189,167,Under,1
1051,Mechanized,Urban,Rain,4.7,Low,22,177,75,Under,1
1052,Infantry,Forest,Snow,3.2,Low,28,155,141,Efficient,1
1053,Artillery,Desert,Rain,5.1,Low,22,137,93,Under,1
1054,Artillery,Desert,Clear,3.9,Medium,13,65,23,Under,1
1055,Infantry,Snow,Fog,5.9,High,38,136,153,Efficient,1
1056,Infantry,Desert,Fog,4.0,Low,59,149,185,Over,1
1057,SF,Forest,Clear,1.9,Medium,32,189,121,Under,1
1058,Artillery,Forest,Snow,5.0,Medium,21,297,156,Under,1
1059,Mechanized,Desert,Fog,5.0,Low,37,143,176,Over,1
1060,SF,Forest,Overcast,2.3,High,43,118,216,Over,0
1061,Infantry,Snow,Fog,6.0,Low,32,137,94,Under,1
1062,Infantry,Mountain,Overcast,5.9,Medium,56,189,292,Over,0
1063,Artillery,Snow,Clear,2.8,High,22,215,128,Under,1
1064,Infantry,Snow,Clear,3.2,Medium,30,223,180,Under,1
1065,Mechanized,Forest,Fog,4.2,Low,39,229,281,Over,1
1066,Artillery,Mountain,Rain,3.0,High,40,238,409,Over,0
1067,Infantry,Forest,Overcast,5.8,Medium,35,163,176,Efficient,1
1068,Artillery,Urban,Snow,4.8,Medium,15,303,146,Under,1
1069,Infantry,Forest,Fog,2.3,Medium,70,158,402,Over,0
1070,Infantry,Forest,Snow,2.9,Low,31,186,163,Under,1
1071,Infantry,Forest,Fog,6.9,High,36,257,403,Over,0
1072,Mechanized,Mountain,Rain,7.6,Low,44,213,234,Efficient,1
1073,Mechanized,Forest,Rain,5.6,Low,25,45,29,Under,1
1074,Artillery,Mountain,Rain,4.1,Low,35,180,158,Under,1
1075,Infantry,Desert,Rain,3.6,High,24,231,190,Under,1
1076,Infantry,Urban,Clear,5.6,Low,41,99,80,Under,1
1077,Mechanized,Mountain,Clear,4.7,Low,30,225,127,Under,1
1078,Infantry,Desert,Overcast,1.3,Low,39,203,139,Under,1
1079,Mechanized,Mountain,Snow,6.6,Low,19,251,126,Under,1
1080,Infantry,Mountain,Fog,7.2,Medium,22,138,95,Under,1
1081,Artillery,Urban,Fog,6.0,Low,14,239,78,Under,1
1082,Infantry,Snow,Clear,2.3,Medium,24,189,108,Under,1
1083,Infantry,Snow,Fog,3.2,Low,5,285,36,Under,1
1084,SF,Mountain,Clear,0.8,High,30,347,407,Over,0
1085,Mechanized,Forest,Overcast,7.7,Medium,26,272,200,Under,1
1086,Infantry,Desert,Snow,3.8,Medium,37,208,249,Over,1
1087,Infantry,Forest,Overcast,9.2,Medium,35,319,278,Under,1
1088,SF,Forest,Rain,8.4,Medium,53,216,356,Over,0
1089,SF,Mountain,Rain,2.7,High,73,125,396,Over,0
1090,Mechanized,Mountain,Rain,3.1,Low,52,177,252,Over,0
1091,SF,Mountain,Overcast,5.4,Medium,28,225,197,Under,1
1092,Artillery,Mountain,Fog,1.0,High,27,229,264,Over,0
1093,SF,Snow,Snow,3.6,Medium,48,112,187,Over,0
1094,Artillery,Mountain,Rain,3.4,Low,9,114,25,Under,1
1095,Mechanized,Snow,Rain,8.2,Medium,30,159,158,Efficient,1
1096,Mechanized,Snow,Rain,4.8,High,31,212,234,Efficient,1
1097,Mechanized,Mountain,Snow,3.9,Low,43,219,250,Efficient,1
1098,Mechanized,Urban,Rain,3.2,High,44,188,317,Over,0
1099,Mechanized,Desert,Snow,6.3,Low,23,129,88,Under,1
1100,Artillery,Forest,Rain,3.5,Low,28,284,192,Under,1
1101,Artillery,Snow,Overcast,4.4,Low,41,115,134,Over,1
1102,Mechanized,Desert,Overcast,3.2,Medium,23,258,128,Under,1
1103,SF,Urban,Snow,1.5,High,53,224,520,Over,0
1104,Infantry,Forest,Overcast,2.5,High,44,256,366,Over,0
1105,Mechanized,Forest,Snow,3.5,High,37,153,230,Over,0
1106,SF,Snow,Overcast,4.0,Low,40,171,128,Under,1
1107,Infantry,Mountain,Overcast,4.1,Medium,27,183,152,Under,1
1108,Mechanized,Urban,Snow,4.3,Low,25,151,109,Under,1
1109,Mechanized,Snow,Fog,3.5,High,28,193,237,Over,1
1110,Artillery,Urban,Overcast,7.2,Medium,42,274,332,Over,1
1111,Infantry,Mountain,Rain,6.4,Medium,38,102,115,Efficient,1
1112,Infantry,Mountain,Fog,4.2,Medium,28,140,122,Under,1
1113,SF,Snow,Snow,5.0,High,46,134,273,Over,0
1114,Artillery,Mountain,Fog,3.8,Medium,32,174,122,Under,1
1115,Artillery,Desert,Clear,0.2,Medium,24,171,119,Under,0
1116,Artillery,Forest,Clear,4.5,Low,38,226,258,Efficient,1
1117,Artillery,Snow,Overcast,5.1,Low,19,182,80,Under,1
1118,Infantry,Urban,Overcast,1.3,Medium,9,198,43,Under,1
1119,Infantry,Desert,Rain,5.5,Medium,34,203,207,Efficient,1
1120,Mechanized,Snow,Fog,3.9,Low,25,194,134,Under,1
1121,Mechanized,Mountain,Clear,5.2,Low,31,222,147,Under,1
1122,Artillery,Mountain,Overcast,4.0,Low,20,172,83,Under,1
1123,Artillery,Mountain,Fog,7.0,High,53,278,591,Over,0
1124,Artillery,Mountain,Overcast,5.0,High,25,332,355,Efficient,1
1125,Mechanized,Urban,Overcast,6.5,Low,28,222,173,Under,1
1126,SF,Desert,Clear,6.7,Medium,40,193,209,Efficient,1
1127,SF,Forest,Clear,2.3,Low,14,217,63,Under,1
1128,Mechanized,Urban,Overcast,3.0,High,13,113,48,Under,1
1129,Mechanized,Urban,Snow,5.4,Medium,40,190,254,Over,0
1130,Mechanized,Forest,Overcast,3.8,High,28,136,109,Under,1
1131,Mechanized,Forest,Overcast,4.0,Medium,21,210,99,Under,1
1132,Mechanized,Mountain,Rain,7.1,High,44,136,280,Over,0
1133,Mechanized,Urban,Rain,3.9,Medium,22,159,122,Under,1
1134,Artillery,Snow,Rain,2.6,Medium,30,67,68,Efficient,1
1135,Artillery,Forest,Snow,2.8,Medium,21,109,73,Under,1
1136,Artillery,Forest,Snow,8.9,Medium,39,201,356,Over,0
1137,Artillery,Desert,Overcast,4.1,High,54,127,229,Over,0
1138,Mechanized,Snow,Rain,1.8,High,7,243,69,Under,1
1139,SF,Snow,Snow,1.0,Medium,36,122,108,Under,0
1140,Infantry,Forest,Clear,3.3,Medium,47,207,254,Over,1
1141,Mechanized,Mountain,Overcast,4.1,High,28,134,123,Efficient,1
1142,Infantry,Desert,Fog,6.4,Medium,18,203,118,Under,1
1143,SF,Snow,Overcast,6.2,Medium,41,87,79,Efficient,1
1144,Artillery,Forest,Fog,4.5,Medium,50,152,266,Over,0
1145,SF,Snow,Rain,3.6,Low,48,129,171,Over,0
1146,Mechanized,Desert,Fog,5.2,Medium,40,232,264,Efficient,1
1147,Artillery,Desert,Rain,1.0,Low,36,207,141,Under,1
1148,Mechanized,Urban,Clear,8.5,Medium,21,106,57,Under,1
1149,Artillery,Forest,Fog,5.8,High,47,167,341,Over,0
1150,Infantry,Desert,Overcast,6.2,Low,47,133,126,Efficient,1
1151,Infantry,Urban,Rain,2.4,Low,17,237,92,Under,1
1152,Infantry,Urban,Overcast,7.1,Medium,40,256,241,Efficient,1
1153,SF,Snow,Snow,3.6,Medium,44,93,173,Over,0
1154,Mechanized,Snow,Rain,2.6,Low,48,229,261,Efficient,1
1155,SF,Urban,Fog,4.4,High,33,130,199,Over,0
1156,Infantry,Snow,Rain,4.4,High,22,164,146,Under,1
1157,Mechanized,Desert,Overcast,2.3,Medium,27,181,126,Under,1
1158,Infantry,Mountain,Clear,2.7,High,19,288,180,Under,1
1159,SF,Desert,Rain,2.6,High,34,119,132,Efficient,1
1160,SF,Urban,Fog,2.6,Medium,31,230,204,Under,1
1161,SF,Urban,Snow,3.7,High,67,109,253,Over,0
1162,Infantry,Desert,Clear,1.7,Medium,48,105,110,Efficient,1
1163,Mechanized,Snow,Snow,3.1,Low,49,181,301,Over,0
1164,Mechanized,Snow,Rain,6.6,Medium,42,181,248,Over,0
1165,Infantry,Urban,Overcast,6.1,Low,29,30,23,Under,1
1166,Mechanized,Forest,Overcast,2.4,Low,30,249,137,Under,1
1167,Infantry,Snow,Fog,6.4,High,32,51,54,Efficient,1
1168,Mechanized,Desert,Overcast,0.6,High,37,171,171,Efficient,0
1169,Artillery,Snow,Clear,9.4,High,40,259,360,Over,0
1170,Artillery,Desert,Overcast,7.1,Medium,35,312,309,Efficient,1
1171,SF,Urban,Fog,3.4,High,30,158,180,Efficient,1
1172,Artillery,Snow,Rain,5.3,Low,26,94,53,Under,1
1173,Artillery,Desert,Rain,1.7,High,14,257,132,Under,1
1174,Artillery,Urban,Overcast,4.6,High,54,231,433,Over,0
1175,Infantry,Forest,Snow,4.1,Medium,68,150,371,Over,0
1176,Artillery,Desert,Rain,2.8,Medium,52,143,268,Over,0
1177,Artillery,Forest,Overcast,3.6,Low,16,136,43,Under,1
1178,SF,Forest,Fog,3.4,Medium,46,159,269,Over,0
1179,Artillery,Mountain,Overcast,2.2,High,50,198,325,Over,0
1180,Artillery,Snow,Rain,2.8,Medium,28,146,93,Under,1
1181,Mechanized,Desert,Fog,1.6,Low,42,153,197,Over,0
1182,SF,Forest,Overcast,6.2,High,28,218,284,Over,0
1183,SF,Mountain,Clear,2.6,Low,57,91,121,Over,0
1184,SF,Urban,Fog,2.1,Medium,40,157,194,Over,1
1185,SF,Desert,Clear,6.2,Medium,21,79,45,Under,1
1186,SF,Forest,Snow,5.2,Low,45,186,208,Efficient,1
1187,SF,Snow,Fog,6.1,High,50,63,151,Over,0
1188,Infantry,Mountain,Clear,6.3,Medium,37,233,244,Efficient,1
1189,Artillery,Forest,Rain,8.4,Medium,42,101,170,Over,0
1190,SF,Snow,Rain,4.2,High,33,73,91,Over,1
1191,Artillery,Forest,Snow,1.6,Medium,17,158,79,Under,1
1192,Artillery,Desert,Fog,5.0,Low,32,282,210,Under,1
1193,Infantry,Desert,Fog,3.2,Medium,42,222,257,Over,1
1194,SF,Desert,Fog,2.6,Medium,33,64,70,Efficient,1
1195,Mechanized,Mountain,Snow,4.7,High,47,99,155,Over,0
1196,Infantry,Desert,Fog,6.2,Low,29,156,103,Under,1
1197,Mechanized,Snow,Rain,2.8,High,30,314,417,Over,0
1198,Artillery,Forest,Clear,7.0,Medium,47,123,142,Over,1
1199,Artillery,Urban,Rain,2.5,Medium,38,124,156,Over,0
1200,Infantry,Snow,Rain,4.0,High,28,271,197,Under,1
