grid_id,slope_deg,proximity_to_river_km,vegetation_index_0to1,night_illumination_0to1,past_incidents_2yrs,snow_cover_days,visibility_km,risk_band
1,12.3,4.54,0.43,0.5,1,29,4.9,High
2,29.0,6.65,0.26,0.21,0,191,5.0,Low
3,18.9,2.4,0.41,0.3,2,102,3.7,Medium
4,23.7,3.98,0.61,0.49,1,143,5.9,Low
5,20.0,1.4,0.62,0.45,1,128,2.7,Low
6,13.8,9.88,0.38,0.25,0,156,4.2,Low
7,42.0,0.01,0.27,0.28,0,117,3.6,Medium
8,30.3,1.57,0.43,0.22,0,66,3.1,High
9,12.6,0.91,0.4,0.54,0,78,3.7,Medium
10,38.5,4.62,0.22,0.13,0,105,1.8,High
11,27.3,1.46,0.38,0.57,0,56,2.3,High
12,7.1,7.23,0.46,0.29,2,85,6.3,Medium
13,26.8,4.94,0.55,0.19,2,72,8.7,Low
14,22.2,0.47,0.3,0.05,1,106,4.4,High
15,19.7,6.34,0.19,0.22,0,100,5.0,Medium
16,28.1,6.74,0.32,0.17,0,124,4.0,Low
17,21.4,1.81,0.39,0.36,0,154,4.3,Low
18,0.0,0.57,0.13,0.12,0,110,4.5,High
19,4.5,5.2,0.14,0.46,2,59,5.4,High
20,9.4,5.98,0.41,0.19,1,38,6.3,Medium
21,38.0,0.99,0.07,0.41,0,126,1.9,Medium
22,24.5,6.77,0.56,0.63,0,93,8.6,Low
23,23.4,2.28,0.44,0.28,0,113,3.7,Low
24,19.1,7.55,0.29,0.17,0,133,3.7,Low
25,8.8,0.74,0.28,0.22,1,177,2.8,Medium
26,3.5,1.8,0.49,0.04,1,50,2.8,High
27,28.0,3.37,0.29,0.13,1,79,4.6,High
28,34.6,1.03,0.28,0.46,0,116,4.6,Low
29,24.8,3.91,0.35,0.54,1,74,4.5,Medium
30,13.1,2.96,0.76,0.17,0,60,2.7,Medium
31,13.9,3.37,0.13,0.27,0,172,0.3,Medium
32,24.9,2.79,0.3,0.19,1,78,0.3,High
33,16.8,0.13,0.32,0.24,0,67,3.5,High
34,16.4,3.93,0.5,0.28,2,74,4.1,High
35,12.6,3.62,0.57,0.38,2,163,2.7,Low
36,11.4,0.97,0.35,0.27,0,92,2.3,High
37,16.8,7.75,0.16,0.28,0,64,4.0,High
38,2.2,4.94,0.44,0.37,1,86,3.3,Medium
39,24.2,6.16,0.25,0.26,0,118,2.6,Medium
40,0.0,1.57,0.43,0.25,1,155,0.6,High
41,28.7,2.93,0.22,0.42,0,152,2.0,Low
42,12.7,9.23,0.19,0.46,3,88,5.2,Medium
43,16.8,4.51,0.18,0.12,4,98,1.8,High
44,23.6,5.09,0.55,0.31,0,204,4.7,Low
45,15.1,4.96,0.15,0.3,0,159,6.0,Low
46,10.6,5.2,0.38,0.29,0,109,2.1,Medium
47,20.9,0.81,0.46,0.73,0,28,2.7,High
48,40.0,0.91,0.55,0.15,1,101,5.3,Medium
49,25.9,0.92,0.29,0.29,2,66,5.7,High
50,10.4,5.65,0.39,0.06,0,85,2.3,High
51,14.5,0.36,0.41,0.2,1,81,0.6,High
52,13.2,0.59,0.16,0.17,1,110,5.8,Medium
53,7.7,2.07,0.1,0.07,1,122,4.6,Medium
54,24.0,3.18,0.32,0.07,0,90,4.2,Medium
55,14.7,3.85,0.66,0.48,0,68,5.1,Low
56,21.2,2.54,0.24,0.33,1,112,1.4,High
57,0.0,5.45,0.61,0.06,0,100,4.2,High
58,24.9,7.5,0.54,0.13,0,44,3.0,High
59,12.1,4.15,0.18,0.22,2,144,4.6,Medium
60,7.9,7.49,0.77,0.14,1,90,4.9,Low
61,4.6,5.65,0.68,0.26,1,109,5.3,Low
62,8.8,1.13,0.15,0.24,1,111,4.6,Medium
63,13.7,1.46,0.55,0.12,1,119,4.0,Medium
64,26.9,1.31,0.49,0.14,1,125,4.0,Medium
65,13.6,3.43,0.31,0.06,0,67,4.2,High
66,27.8,3.16,0.43,0.37,1,132,2.4,Medium
67,20.9,5.78,0.18,0.45,1,106,2.8,Medium
68,36.2,3.53,0.08,0.06,1,163,4.2,Medium
69,13.0,4.74,0.63,0.06,0,152,4.7,Low
70,22.1,0.5,0.64,0.27,1,172,2.3,Low
71,30.5,4.72,0.26,0.55,1,82,1.6,High
72,24.3,2.56,0.85,0.19,2,171,0.5,Medium
73,16.3,2.35,0.71,0.09,0,123,1.2,Medium
74,13.1,2.06,0.06,0.3,2,147,2.5,High
75,0.0,8.53,0.32,0.63,1,146,2.7,Medium
76,15.6,0.46,0.82,0.34,2,138,3.0,Medium
77,8.8,6.03,0.19,0.2,0,76,1.3,High
78,12.6,3.86,0.28,0.28,0,158,0.3,Medium
79,18.5,0.08,0.09,0.1,1,134,3.7,High
80,2.4,3.11,0.43,0.29,1,61,3.7,High
81,8.1,3.01,0.09,0.21,0,100,4.6,Medium
82,21.9,9.16,0.05,0.34,0,71,5.0,Medium
83,5.3,2.9,0.06,0.34,1,62,4.2,High
84,17.5,7.35,0.19,0.35,0,154,3.7,Low
85,4.0,8.04,0.32,0.28,0,60,5.1,Medium
86,23.3,2.3,0.39,0.47,2,67,6.1,Medium
87,24.6,4.09,0.17,0.46,1,199,2.3,Low
88,30.3,4.56,0.62,0.16,1,102,4.9,Low
89,30.5,9.7,0.52,0.11,0,146,2.4,Low
90,20.7,3.43,0.1,0.28,1,164,3.9,Low
91,0.4,3.84,0.54,0.25,0,150,5.4,Low
92,18.0,0.2,0.45,0.5,0,125,3.0,Medium
93,22.6,1.32,0.18,0.31,2,118,1.8,High
94,19.2,2.5,0.4,0.34,1,141,2.7,Medium
95,34.6,7.9,0.37,0.33,1,111,1.8,Medium
96,31.0,9.68,0.65,0.52,0,147,1.6,Low
97,18.3,5.5,0.32,0.01,2,109,5.7,Medium
98,25.5,5.05,0.6,0.03,0,114,4.5,Low
99,3.3,6.05,0.42,0.26,1,195,2.2,Low
100,19.9,1.95,0.41,0.03,1,100,1.7,High
101,5.4,8.17,0.84,0.33,0,120,1.9,Low
102,16.2,0.29,0.14,0.16,2,137,2.2,High
103,11.2,2.64,0.15,0.11,0,139,5.6,Low
104,11.5,5.96,0.39,0.12,1,131,3.3,Medium
105,9.9,2.56,0.08,0.44,1,69,7.3,Medium
106,14.0,11.41,0.27,0.16,0,126,3.4,Medium
107,12.3,6.0,0.69,0.23,0,129,2.5,Low
108,24.3,6.95,0.54,0.12,1,165,5.2,Low
109,15.4,1.72,0.68,0.21,1,149,0.5,Medium
110,17.5,6.89,0.27,0.23,3,168,3.8,Medium
111,20.9,6.43,0.22,0.16,0,79,1.3,High
112,20.9,8.69,0.49,0.07,0,80,0.3,High
113,7.3,2.58,0.47,0.3,1,133,3.3,Medium
114,15.4,1.66,0.46,0.04,0,165,5.0,Low
115,20.4,5.01,0.3,0.54,1,111,3.9,Medium
116,9.2,5.1,0.14,0.21,1,90,3.7,High
117,8.1,3.86,0.45,0.13,1,55,0.3,High
118,6.3,0.58,0.49,0.11,0,134,3.2,Medium
119,20.0,4.59,0.64,0.47,2,115,3.2,Medium
120,15.1,4.93,0.51,0.48,0,102,4.6,Low
121,16.5,3.99,0.13,0.36,0,156,1.6,Medium
122,0.2,3.89,0.28,0.26,0,116,5.0,Medium
123,18.7,6.83,0.37,0.09,1,120,2.6,Medium
124,19.2,3.54,0.56,0.24,0,155,3.0,Low
125,20.6,0.25,0.39,0.17,0,207,4.5,Low
126,32.4,8.21,0.16,0.09,1,102,1.4,High
127,10.4,8.04,0.58,0.36,0,84,5.0,Low
128,22.9,3.88,0.27,0.08,2,80,1.1,High
129,21.3,6.63,0.55,0.15,0,139,4.7,Low
130,22.6,0.57,0.55,0.12,3,76,3.1,High
131,14.9,3.57,0.45,0.16,1,105,3.2,Medium
132,25.6,1.14,0.27,0.25,1,108,0.3,High
133,10.7,7.37,0.52,0.24,0,182,2.4,Low
134,13.3,0.49,0.17,0.24,1,167,3.1,Medium
135,16.1,2.77,0.67,0.47,0,58,6.3,Low
136,15.7,4.65,0.56,0.24,1,183,3.4,Low
137,21.7,6.47,0.79,0.24,2,71,2.3,High
138,20.6,5.58,0.35,0.26,0,126,5.0,Low
139,20.7,7.43,0.37,0.12,0,86,2.6,High
140,31.2,6.41,0.44,0.43,3,104,5.4,Medium
141,15.9,7.93,0.72,0.18,0,80,4.0,Medium
142,28.6,1.27,0.42,0.32,0,187,1.9,Low
143,7.4,2.55,0.46,0.14,1,114,5.2,Medium
144,16.7,5.35,0.23,0.37,1,129,4.6,Low
145,17.3,8.72,0.5,0.12,0,77,5.1,Medium
146,4.9,2.48,0.49,0.39,0,63,3.2,Medium
147,18.5,9.9,0.57,0.05,0,102,4.6,Low
148,19.2,5.06,0.43,0.11,1,140,7.0,Low
149,24.0,1.87,0.61,0.66,1,115,3.8,Low
150,22.8,0.54,0.63,0.37,0,158,2.8,Low
151,5.2,6.21,0.1,0.17,0,124,6.3,Low
152,30.0,2.08,0.54,0.21,1,120,4.7,Low
153,13.4,3.18,0.38,0.35,1,141,2.7,Medium
154,12.0,4.49,0.3,0.23,1,124,6.6,Low
155,22.9,4.6,0.66,0.46,0,157,1.3,Low
156,26.5,9.74,0.63,0.13,1,142,4.5,Low
157,13.3,5.18,0.45,0.25,0,156,5.6,Low
158,17.6,2.19,0.44,0.28,0,148,5.4,Low
159,27.1,1.76,0.15,0.28,1,174,1.9,Medium
160,8.7,9.0,0.34,0.19,1,153,1.3,Medium
161,0.0,2.45,0.58,0.2,0,189,3.9,Low
162,23.4,5.75,0.2,0.24,1,98,4.8,Medium
163,27.2,4.58,0.46,0.51,1,153,1.6,Low
164,2.1,5.26,0.56,0.17,1,64,4.0,High
165,17.8,8.19,0.55,0.44,2,157,0.9,Medium
166,13.0,4.85,0.24,0.44,0,122,5.4,Low
167,19.3,6.45,0.74,0.41,0,157,2.5,Low
168,0.0,4.92,0.43,0.13,2,187,3.2,Medium
169,5.3,2.64,0.09,0.18,0,152,5.1,Low
170,22.5,5.48,0.36,0.32,1,103,4.9,Medium
171,16.7,2.05,0.68,0.39,1,76,4.4,Medium
172,33.0,0.51,0.33,0.31,0,141,5.4,Low
173,23.9,5.74,0.17,0.35,0,108,4.2,Medium
174,8.4,5.39,0.51,0.1,0,146,6.1,Low
175,25.2,5.08,0.23,0.12,0,99,0.4,High
176,35.1,3.93,0.66,0.11,0,82,3.4,Medium
177,17.3,3.78,0.74,0.21,0,110,3.3,Low
178,22.0,0.75,0.71,0.29,0,140,3.1,Low
179,26.3,1.59,0.02,0.14,0,124,4.4,Medium
180,16.3,6.66,0.02,0.44,0,87,3.9,Medium
181,0.0,6.62,0.62,0.39,1,192,5.0,Low
182,23.6,3.25,0.55,0.45,0,114,1.4,Medium
183,26.0,8.42,0.75,0.61,0,29,7.6,Low
184,32.6,5.5,0.04,0.14,1,157,2.8,Medium
185,7.0,5.01,0.18,0.28,0,119,4.0,Medium
186,7.5,10.05,0.42,0.16,1,113,3.1,Medium
187,11.1,0.24,0.22,0.03,0,112,3.6,High
188,16.3,3.86,0.55,0.2,0,112,2.5,Medium
189,23.4,1.44,0.09,0.67,0,186,3.9,Low
190,6.8,2.9,0.31,0.56,0,138,4.5,Low
191,27.5,3.8,0.68,0.17,0,130,0.3,Medium
192,27.0,3.87,0.2,0.2,1,109,2.9,High
193,27.3,0.78,0.41,0.17,0,189,2.8,Low
194,14.9,4.2,0.44,0.16,0,153,7.7,Low
195,0.0,1.53,0.43,0.26,0,159,5.0,Low
196,34.0,7.59,0.36,0.35,0,131,6.2,Low
197,12.1,6.29,0.26,0.29,1,159,4.5,Low
198,25.2,5.03,0.23,0.02,2,135,3.6,Medium
199,19.2,2.57,0.05,0.08,1,105,4.2,High
200,29.3,4.46,0.07,0.19,0,134,5.5,Low
201,17.5,6.12,0.22,0.07,0,203,6.7,Low
202,18.7,2.98,0.77,0.12,0,128,4.0,Low
203,19.8,0.77,0.6,0.2,0,170,2.4,Low
204,22.2,6.16,0.07,0.12,1,167,5.2,Low
205,5.6,5.59,0.04,0.02,1,142,2.0,High
206,36.8,4.96,0.18,0.28,1,186,4.2,Low
207,17.3,1.72,0.27,0.06,0,33,4.7,High
208,23.8,6.88,0.33,0.05,0,46,3.3,High
209,33.2,7.45,0.55,0.19,1,189,1.9,Low
210,17.9,4.84,0.42,0.18,0,94,2.7,Medium
211,8.0,2.81,0.34,0.32,0,124,2.9,Medium
212,7.7,2.87,0.43,0.23,0,190,1.6,Low
213,13.5,2.81,0.4,0.31,0,127,2.8,Medium
214,21.3,2.68,0.47,0.2,0,187,0.9,Low
215,22.4,2.94,0.09,0.16,0,104,4.6,Medium
216,29.3,4.97,0.35,0.32,1,144,4.1,Low
217,2.6,6.69,0.11,0.08,1,122,4.0,High
218,20.2,8.35,0.66,0.01,0,179,2.8,Low
219,24.2,1.26,0.19,0.08,1,109,3.0,High
220,23.8,1.75,0.32,0.3,0,81,2.0,High
221,0.0,6.53,0.57,0.25,0,101,4.4,Medium
222,14.3,1.26,0.29,0.23,2,103,1.1,High
223,26.1,0.52,0.11,0.03,1,94,3.7,High
224,9.9,1.17,0.1,0.14,0,92,2.4,High
225,6.1,3.47,0.19,0.27,2,164,6.7,Low
226,23.6,8.91,0.54,0.21,0,176,4.4,Low
227,21.0,3.62,0.73,0.12,1,135,3.5,Low
228,20.3,4.82,0.22,0.33,0,94,1.5,High
229,11.5,0.41,0.36,0.16,1,96,1.0,High
230,4.9,7.22,0.69,0.14,1,37,4.4,High
231,27.5,6.61,0.31,0.24,0,135,6.7,Low
232,51.4,2.59,0.73,0.16,0,92,4.2,Low
233,1.8,1.94,0.22,0.56,0,178,3.8,Low
234,28.2,6.87,0.15,0.24,0,64,3.8,High
235,16.3,3.32,0.43,0.27,1,96,3.7,Medium
236,21.2,2.01,0.1,0.23,2,116,3.9,High
237,17.4,2.9,0.28,0.02,1,138,2.3,Medium
238,40.0,4.72,0.43,0.28,0,192,1.7,Low
239,10.0,6.2,0.53,0.22,1,65,3.7,High
240,12.0,4.97,0.17,0.05,0,107,6.2,Medium
241,18.8,4.81,0.2,0.04,1,62,4.9,High
242,23.7,3.28,0.4,0.34,3,151,1.3,Medium
243,31.3,4.44,0.22,0.19,0,94,3.0,Medium
244,22.9,2.83,0.55,0.25,1,115,4.8,Low
245,20.3,3.19,0.16,0.58,1,113,6.2,Low
246,13.6,8.26,0.62,0.23,1,124,6.7,Low
247,23.1,4.13,0.34,0.05,1,113,3.1,Medium
248,10.9,2.9,0.6,0.33,1,81,5.0,Medium
249,20.0,1.98,0.67,0.46,0,123,3.9,Low
250,15.8,2.6,0.72,0.18,0,88,3.3,Medium
251,8.2,10.26,0.78,0.27,2,152,3.6,Low
252,33.6,10.59,0.58,0.28,0,122,3.6,Low
253,8.2,5.88,0.21,0.11,1,78,5.6,Medium
254,14.1,0.89,0.17,0.49,2,216,1.0,Medium
255,2.2,12.2,0.46,0.36,0,186,4.3,Low
256,16.3,0.21,0.45,0.11,0,217,6.3,Low
257,22.3,5.18,0.53,0.42,0,106,6.1,Low
258,8.9,1.14,0.56,0.14,1,86,4.5,Medium
259,0.0,2.52,0.45,0.23,0,152,2.1,Medium
260,14.2,4.7,0.42,0.4,0,164,4.9,Low
261,16.4,5.08,0.39,0.31,1,127,5.9,Low
262,15.6,4.36,0.31,0.33,0,35,2.6,High
263,33.9,8.48,0.51,0.07,0,80,4.1,Medium
264,21.3,3.86,0.22,0.4,0,136,3.1,Low
265,20.6,6.44,0.55,0.24,0,93,2.4,Medium
266,21.3,1.65,0.04,0.07,1,65,2.9,High
267,21.2,7.89,0.23,0.31,0,109,3.7,Medium
268,13.6,8.14,0.71,0.23,0,0,1.8,High
269,8.6,3.24,0.55,0.07,1,95,1.6,High
270,42.7,5.13,0.14,0.12,2,102,1.9,High
271,16.5,1.9,0.41,0.21,0,132,4.1,Low
272,18.2,3.34,0.51,0.34,0,141,0.9,Medium
273,18.5,6.21,0.57,0.22,1,135,0.3,Medium
274,10.4,5.45,0.7,0.44,1,155,6.0,Low
275,19.8,1.19,0.42,0.2,1,113,1.7,High
276,5.2,0.59,0.17,0.12,1,61,3.2,High
277,25.2,2.24,0.18,0.34,0,121,5.2,Low
278,15.4,4.66,0.13,0.66,0,84,0.9,High
279,29.3,1.25,0.37,0.06,0,65,0.9,High
280,23.2,0.24,0.11,0.1,0,143,2.4,High
281,21.9,3.89,0.19,0.17,0,63,5.2,Medium
282,10.1,10.26,0.49,0.37,1,147,3.5,Low
283,18.7,4.61,0.35,0.26,1,68,3.5,High
284,25.6,0.33,0.13,0.26,1,108,3.0,High
285,19.2,7.1,0.15,0.34,0,97,4.5,Medium
286,4.4,8.48,0.35,0.15,2,165,6.1,Low
287,27.9,4.64,0.15,0.22,1,143,8.9,Low
288,25.6,5.87,0.49,0.09,0,87,3.2,Medium
289,3.0,7.93,0.66,0.25,0,113,6.2,Low
290,19.3,5.82,0.46,0.43,1,173,5.3,Low
291,26.2,5.9,0.87,0.24,0,179,4.0,Low
292,12.0,0.6,0.47,0.39,1,65,0.3,High
293,4.7,4.19,0.68,0.34,0,172,2.8,Low
294,7.3,6.58,0.31,0.09,1,169,2.9,Medium
295,16.9,3.33,0.78,0.18,1,127,4.1,Low
296,27.3,2.64,0.07,0.46,1,116,3.1,Medium
297,7.1,6.92,0.17,0.46,0,97,2.5,Medium
298,7.2,1.14,0.17,0.22,0,69,7.2,Medium
299,15.0,3.89,0.26,0.05,0,133,5.9,Low
300,24.9,4.17,0.06,0.23,1,113,0.3,High
301,35.5,6.07,0.42,0.18,0,137,3.0,Low
302,18.9,5.02,0.49,0.19,0,138,4.6,Low
303,11.3,5.03,0.26,0.23,1,220,5.9,Low
304,10.0,2.79,0.16,0.07,0,167,2.7,Medium
305,31.7,2.86,0.26,0.06,1,141,3.1,Medium
306,5.4,5.02,0.8,0.22,1,34,3.7,High
307,19.9,2.5,0.4,0.03,0,135,4.7,Low
308,31.2,1.51,0.95,0.16,0,183,0.7,Low
309,16.4,7.86,0.51,0.29,1,102,0.3,High
310,7.2,1.98,0.13,0.31,0,207,5.8,Low
311,23.3,2.62,0.06,0.62,0,141,1.7,Medium
312,19.0,7.68,0.76,0.29,2,131,7.3,Low
313,22.7,1.93,0.1,0.4,0,80,1.9,High
314,23.8,4.96,0.43,0.34,0,180,3.2,Low
315,23.2,5.23,0.8,0.06,0,86,4.2,Low
316,21.0,3.73,0.33,0.25,1,97,0.3,High
317,24.8,2.83,0.58,0.34,2,44,8.7,Low
318,31.5,0.62,0.1,0.1,2,155,2.8,High
319,10.2,5.88,0.38,0.16,3,143,2.0,High
320,15.3,7.31,0.38,0.3,0,120,1.4,Medium
321,25.9,6.99,0.21,0.23,1,149,4.2,Low
322,17.3,5.11,0.66,0.13,1,145,4.0,Low
323,5.4,1.93,0.45,0.37,1,105,1.5,High
324,21.3,6.31,0.15,0.26,0,88,1.0,High
325,13.1,3.67,0.41,0.25,1,51,5.4,Medium
326,39.2,2.22,0.37,0.51,1,112,2.3,Medium
327,27.9,5.97,0.29,0.16,0,67,0.4,High
328,29.6,4.68,0.16,0.16,0,126,3.2,Medium
329,18.4,7.03,0.17,0.18,1,113,2.8,High
330,21.1,5.02,0.56,0.21,0,103,7.0,Low
331,14.6,3.2,0.46,0.14,1,161,2.6,Low
332,9.6,2.95,0.06,0.28,1,80,2.9,High
333,8.9,5.83,0.59,0.22,1,46,3.9,High
334,39.4,0.01,0.46,0.33,0,110,2.5,Medium
335,22.0,2.5,0.25,0.4,1,90,4.3,Medium
336,4.8,2.58,0.16,0.25,0,124,1.7,High
337,27.6,5.26,0.41,0.38,3,83,3.1,High
338,44.2,5.94,0.69,0.45,0,136,4.2,Low
339,2.6,1.69,0.4,0.22,0,81,5.5,Medium
340,24.0,0.72,0.51,0.57,1,80,2.4,High
341,6.8,6.86,0.15,0.31,0,144,2.4,Medium
342,29.6,1.86,0.12,0.35,1,118,6.3,Low
343,0.0,5.93,0.56,0.01,0,72,2.5,High
344,18.8,3.96,0.52,0.14,1,81,3.4,Medium
345,22.4,2.41,0.48,0.33,2,105,6.6,Low
346,4.2,5.74,0.2,0.59,0,74,3.6,Medium
347,22.4,4.1,0.18,0.06,0,108,3.1,Medium
348,13.4,8.48,0.2,0.26,1,109,3.2,Medium
349,35.2,1.79,0.68,0.25,1,83,2.2,High
350,3.8,0.03,0.7,0.38,0,146,4.3,Low
351,27.1,3.95,0.26,0.46,2,79,1.8,High
352,17.0,5.43,0.29,0.26,0,169,4.9,Low
353,30.9,3.44,0.33,0.25,0,111,3.5,Medium
354,31.2,9.4,0.59,0.41,1,93,3.9,Low
355,15.5,7.64,0.41,0.05,1,141,6.6,Low
356,17.6,2.42,0.53,0.52,0,121,0.9,Medium
357,27.1,4.19,0.35,0.24,1,150,3.5,Low
358,23.2,1.42,0.63,0.3,1,39,4.6,High
359,16.8,7.15,0.44,0.19,3,140,2.4,Medium
360,9.7,1.96,0.45,0.16,0,99,5.2,Medium
361,21.7,4.6,0.65,0.11,0,121,2.5,Medium
362,6.9,3.23,0.39,0.59,1,116,4.0,Low
363,24.5,0.47,0.16,0.19,0,173,3.3,Low
364,29.1,6.5,0.6,0.59,1,45,3.8,Medium
365,9.7,0.82,0.58,0.18,0,184,3.6,Low
366,13.8,2.44,0.46,0.18,2,148,3.4,Medium
367,11.7,6.56,0.45,0.38,1,126,2.6,Medium
368,28.5,1.09,0.37,0.15,1,62,2.3,High
369,18.5,8.47,0.41,0.35,0,53,4.1,Medium
370,14.3,1.04,0.42,0.02,1,97,3.6,High
371,24.5,0.49,0.64,0.24,0,145,2.3,Low
372,13.2,4.14,0.57,0.13,0,119,4.1,Low
373,16.0,8.9,0.27,0.06,1,143,2.7,Medium
374,6.9,3.98,0.28,0.19,0,61,6.3,Medium
375,26.4,6.94,0.39,0.51,0,121,8.0,Low
376,7.1,0.02,0.41,0.07,0,163,6.0,Low
377,32.3,2.9,0.49,0.24,1,178,5.9,Low
378,20.4,3.09,0.13,0.14,1,69,5.0,High
379,16.4,0.22,0.46,0.14,1,105,3.1,High
380,17.9,0.77,0.23,0.15,1,106,0.3,High
381,35.1,3.28,0.29,0.2,0,94,1.7,High
382,4.5,8.74,0.37,0.1,0,156,2.3,Medium
383,5.3,4.66,0.41,0.18,1,234,5.7,Low
384,27.6,1.95,0.2,0.04,0,75,4.0,High
385,8.8,2.11,0.51,0.36,0,136,2.3,Low
386,10.6,2.88,0.18,0.1,1,131,0.3,High
387,13.6,2.68,0.56,0.19,0,132,7.7,Low
388,29.3,5.15,0.23,0.31,0,173,4.5,Low
389,26.1,3.24,0.05,0.72,0,134,5.1,Low
390,16.6,5.9,0.41,0.06,0,34,2.5,High
391,22.0,6.3,0.22,0.08,1,62,3.3,High
392,21.8,3.79,0.45,0.71,1,77,2.9,Medium
393,8.0,3.83,0.2,0.15,0,90,3.6,High
394,8.7,4.1,0.44,0.04,2,114,6.8,Low
395,0.0,1.23,0.37,0.26,1,111,1.3,High
396,32.9,6.16,0.61,0.21,3,47,3.4,High
397,11.3,9.09,0.56,0.23,1,55,4.1,Medium
398,18.1,4.18,0.16,0.2,0,35,3.3,High
399,23.4,1.65,0.14,0.22,2,57,5.3,High
400,8.3,3.98,0.04,0.55,0,159,0.4,Medium
401,9.5,2.7,0.64,0.18,0,109,6.9,Low
402,8.8,4.08,0.19,0.06,2,81,1.0,High
403,0.0,3.06,0.13,0.37,0,43,1.5,High
404,17.3,2.46,0.53,0.06,0,79,2.7,High
405,41.4,4.29,0.39,0.15,0,144,2.3,Medium
406,12.7,10.67,0.12,0.36,0,139,4.3,Low
407,13.0,0.01,0.17,0.29,1,109,4.1,High
408,14.3,7.29,0.87,0.08,0,109,3.7,Low
409,21.1,5.2,0.77,0.09,1,49,0.9,High
410,26.8,1.24,0.63,0.22,0,88,3.2,Medium
411,9.7,0.03,0.41,0.36,0,142,3.5,Medium
412,22.6,4.79,0.5,0.49,1,93,5.7,Low
413,17.1,5.08,0.52,0.19,0,184,3.9,Low
414,21.0,0.52,0.54,0.41,1,168,4.2,Low
415,22.5,6.78,0.25,0.42,0,101,7.0,Low
416,8.3,2.52,0.64,0.35,0,109,1.4,Medium
417,12.7,5.48,0.46,0.06,1,208,2.8,Low
418,22.6,6.11,0.05,0.16,2,153,1.5,High
419,16.6,6.69,0.47,0.17,0,122,6.4,Low
420,25.9,1.03,0.63,0.43,0,127,6.5,Low
421,15.8,10.03,0.32,0.23,0,125,6.3,Low
422,28.1,1.24,0.15,0.5,0,119,4.5,Low
423,0.0,6.68,0.03,0.42,0,77,4.2,High
424,21.2,2.5,0.82,0.41,2,103,2.7,Medium
425,5.1,4.16,0.29,0.26,1,62,4.9,High
426,29.2,3.63,0.45,0.17,0,148,1.2,Medium
427,16.5,5.4,0.76,0.2,0,114,1.2,Medium
428,14.6,7.14,0.52,0.41,3,151,2.7,Medium
429,9.7,2.16,0.33,0.32,0,69,6.9,Low
430,24.6,1.37,0.66,0.14,0,176,2.6,Low
431,23.7,2.19,0.18,0.05,0,171,2.8,Medium
432,15.2,4.54,0.21,0.24,0,57,4.0,High
433,24.7,3.49,0.14,0.25,0,99,5.1,Medium
434,20.2,4.33,0.3,0.29,0,104,5.8,Low
435,18.9,3.7,0.19,0.26,0,62,1.5,High
436,25.8,6.28,0.88,0.28,0,109,3.3,Low
437,36.1,2.48,0.12,0.43,1,142,3.9,Medium
438,20.8,5.05,0.14,0.43,1,101,4.1,Medium
439,20.8,3.9,0.2,0.28,0,51,5.1,High
440,27.2,1.12,0.76,0.37,0,150,5.0,Low
441,8.5,1.94,0.14,0.19,0,88,3.5,High
442,16.2,6.76,0.39,0.28,1,92,5.6,Medium
443,14.1,6.47,0.17,0.41,1,187,5.2,Low
444,21.0,6.22,0.2,0.29,1,135,5.1,Low
445,20.2,3.49,0.55,0.02,1,87,2.5,High
446,35.6,2.73,0.32,0.21,1,72,4.8,Medium
447,33.0,0.99,0.75,0.67,0,158,5.7,Low
448,2.9,3.21,0.21,0.04,0,155,2.6,Medium
449,21.6,0.55,0.74,0.29,0,99,3.7,Low
450,25.1,7.43,0.12,0.25,0,69,6.3,Medium
451,18.8,1.57,0.2,0.34,1,135,4.2,Medium
452,12.8,3.18,0.23,0.45,0,143,3.3,Low
453,31.8,9.21,0.37,0.12,0,105,6.1,Low
454,21.3,7.09,0.23,0.35,1,75,2.7,High
455,7.6,5.04,0.54,0.1,0,120,0.4,Medium
456,27.8,4.66,0.6,0.31,0,138,2.1,Low
457,22.7,1.73,0.5,0.17,1,100,5.5,Medium
458,11.6,6.28,0.17,0.06,2,130,4.4,Medium
459,10.4,4.64,0.36,0.28,0,134,3.6,Low
460,10.0,3.59,0.47,0.35,1,165,5.4,Low
461,29.8,5.92,0.43,0.27,0,103,3.8,Medium
462,23.9,5.98,0.13,0.07,1,74,3.1,High
463,27.6,1.09,0.06,0.13,0,117,5.0,Medium
464,20.0,6.75,0.32,0.55,0,187,2.8,Low
465,11.2,3.74,0.05,0.15,0,49,4.4,High
466,10.1,4.25,0.69,0.07,1,27,2.1,High
467,28.7,0.05,0.34,0.18,0,115,1.6,High
468,22.5,0.14,0.68,0.21,3,104,1.9,High
469,15.3,0.36,0.48,0.31,0,111,3.5,Medium
470,18.2,11.18,0.26,0.36,3,110,2.3,High
471,28.0,10.8,0.1,0.16,0,160,2.4,Medium
472,23.6,1.11,0.31,0.21,0,118,3.2,Medium
473,17.1,0.54,0.37,0.28,1,152,3.4,Medium
474,17.5,2.46,0.3,0.32,1,20,0.7,High
475,12.1,7.32,0.69,0.31,0,98,0.3,Medium
476,18.2,5.88,0.58,0.25,1,87,4.2,Medium
477,15.1,10.5,0.53,0.42,0,28,3.8,Medium
478,17.5,3.09,0.45,0.29,2,124,1.0,High
479,12.6,1.91,0.32,0.33,1,115,4.3,Medium
480,4.6,4.17,0.49,0.12,1,101,4.3,Medium
481,27.5,3.48,0.75,0.15,0,114,3.0,Low
482,23.7,3.92,0.33,0.45,0,124,7.0,Low
483,15.3,4.32,0.57,0.31,0,160,5.8,Low
484,14.8,10.36,0.5,0.58,0,145,2.8,Low
485,4.1,4.36,0.39,0.21,0,133,2.8,Medium
486,28.7,0.81,0.3,0.11,0,212,0.9,Low
487,30.5,3.13,0.55,0.63,0,91,5.7,Low
488,17.1,6.18,0.27,0.35,0,65,3.9,Medium
489,21.3,5.8,0.27,0.44,0,166,5.0,Low
490,8.1,5.64,0.22,0.13,0,194,0.3,Medium
491,18.9,1.1,0.57,0.42,0,94,4.9,Low
492,11.1,0.68,0.31,0.17,0,175,2.6,Low
493,11.2,3.61,0.57,0.48,1,98,4.6,Low
494,15.1,5.34,0.19,0.08,0,143,4.4,Low
495,13.8,1.51,0.5,0.2,0,145,3.5,Low
496,16.7,8.48,0.55,0.45,0,94,2.2,Medium
497,28.6,5.62,0.5,0.35,0,193,4.2,Low
498,0.0,2.45,0.26,0.04,1,198,2.0,High
499,12.7,12.34,0.67,0.18,0,79,5.4,Low
500,24.3,2.6,0.29,0.35,0,128,2.2,Medium
501,19.9,2.89,0.28,0.41,0,156,3.5,Low
502,10.2,2.75,0.72,0.12,0,44,2.2,High
503,39.1,4.13,0.4,0.08,0,121,3.8,Medium
504,45.0,0.78,0.2,0.11,2,53,1.6,High
505,17.8,6.21,0.16,0.08,0,146,2.0,Medium
506,8.1,6.62,0.38,0.47,0,123,7.6,Low
507,15.5,6.0,0.14,0.17,0,105,5.0,Medium
508,6.7,2.64,0.6,0.29,1,57,4.2,Medium
509,22.0,2.65,0.47,0.22,0,96,4.4,Medium
510,23.8,5.84,0.29,0.15,0,140,4.1,Low
511,27.9,4.65,0.19,0.13,0,118,3.3,Medium
512,22.0,1.59,0.16,0.42,1,167,4.9,Low
513,20.3,2.07,0.49,0.15,1,165,2.0,Medium
514,7.9,2.82,0.14,0.26,2,163,6.4,Low
515,5.8,5.57,0.45,0.18,0,98,3.7,Medium
516,0.0,5.48,0.37,0.25,0,131,4.9,Medium
517,18.8,0.54,0.15,0.47,0,81,6.3,Medium
518,26.6,6.51,0.89,0.18,2,69,4.4,Medium
519,29.5,9.55,0.22,0.12,0,167,2.0,Low
520,26.4,2.95,0.22,0.2,1,72,5.7,Medium
521,14.3,3.39,0.64,0.21,0,68,6.6,Low
522,36.6,2.43,0.37,0.23,1,124,0.3,High
523,8.5,2.94,0.24,0.02,2,109,3.3,High
524,8.0,7.63,0.49,0.04,0,112,4.0,Medium
525,25.7,1.65,0.5,0.19,1,212,3.0,Low
526,32.1,4.73,0.69,0.17,0,80,1.3,High
527,35.9,3.17,0.08,0.4,0,139,1.9,Medium
528,28.0,4.57,0.31,0.29,0,123,0.3,High
529,25.3,3.14,0.15,0.16,2,160,5.2,Low
530,26.1,6.46,0.4,0.25,0,88,6.0,Low
531,15.2,7.12,0.08,0.39,0,111,5.9,Low
532,10.0,5.12,0.37,0.2,0,124,3.4,Medium
533,20.7,3.35,0.5,0.64,0,62,4.0,Medium
534,1.0,6.36,0.3,0.34,1,47,5.4,High
535,14.9,1.75,0.36,0.42,0,119,3.1,Medium
536,12.7,5.29,0.38,0.3,0,173,1.8,Low
537,23.8,2.46,0.16,0.07,1,105,2.5,High
538,20.2,4.64,0.23,0.13,2,111,3.8,High
539,32.9,1.12,0.08,0.28,0,166,2.2,Medium
540,26.2,7.55,0.42,0.07,0,114,4.4,Low
541,11.6,0.23,0.48,0.13,0,151,1.1,Medium
542,24.7,3.61,0.2,0.22,1,226,3.1,Low
543,0.7,0.43,0.4,0.16,0,96,4.2,High
544,25.3,7.49,0.2,0.17,1,112,3.7,Medium
545,10.5,8.66,0.05,0.57,1,135,2.2,Medium
546,11.9,0.43,0.59,0.14,0,179,4.8,Low
547,31.4,4.97,0.27,0.36,0,115,4.0,Low
548,21.9,3.11,0.32,0.43,2,149,0.3,High
549,16.1,5.54,0.38,0.2,0,133,4.3,Low
550,28.2,8.73,0.09,0.35,3,117,2.7,High
551,32.7,5.16,0.57,0.14,1,103,2.6,Medium
552,8.0,1.7,0.54,0.5,0,95,2.0,Medium
553,10.9,1.93,0.23,0.36,0,240,1.7,Low
554,26.1,2.94,0.37,0.2,2,58,3.9,High
555,21.1,1.82,0.36,0.02,0,62,4.5,High
556,0.0,6.28,0.08,0.35,0,129,3.8,High
557,35.8,6.54,0.3,0.11,1,128,5.2,Low
558,13.2,7.78,0.1,0.2,1,137,4.5,Medium
559,8.0,2.73,0.34,0.33,1,85,0.3,High
560,18.1,7.46,0.09,0.2,0,78,1.9,High
561,27.0,9.05,0.53,0.33,0,108,5.6,Low
562,29.3,0.02,0.53,0.23,0,156,1.2,Medium
563,18.6,2.54,0.33,0.18,0,79,0.3,High
564,43.4,3.68,0.34,0.03,1,126,6.8,Low
565,46.2,6.47,0.55,0.38,0,99,4.0,Low
566,22.5,8.02,0.4,0.29,1,59,2.3,High
567,17.4,1.19,0.1,0.53,0,68,2.0,High
568,14.6,1.99,0.49,0.05,1,156,4.6,Low
569,16.5,7.44,0.39,0.11,1,95,4.4,Medium
570,33.0,1.44,0.1,0.22,2,169,4.1,Medium
571,21.4,6.39,0.53,0.17,0,118,3.2,Low
572,26.7,5.72,0.29,0.15,0,65,1.2,High
573,24.9,6.33,0.2,0.1,0,139,3.4,Medium
574,24.1,6.37,0.09,0.26,0,87,5.4,Medium
575,28.9,2.72,0.59,0.31,0,104,2.5,Medium
576,26.3,3.2,0.62,0.18,0,165,4.6,Low
577,22.8,2.96,0.44,0.46,0,68,2.8,Medium
578,36.4,4.68,0.54,0.33,0,102,4.9,Low
579,4.8,2.39,0.37,0.15,0,76,1.7,High
580,20.8,5.45,0.56,0.15,1,72,3.5,Medium
581,12.7,9.17,0.68,0.17,1,101,4.3,Low
582,27.2,4.59,0.07,0.29,0,85,2.3,High
583,1.7,3.63,0.2,0.21,2,109,4.2,High
584,20.3,4.22,0.24,0.21,1,145,3.4,Medium
585,22.8,5.59,0.2,0.36,1,89,3.4,Medium
586,30.2,7.43,0.29,0.48,1,61,2.3,High
587,13.8,3.8,0.2,0.49,1,145,5.3,Low
588,45.9,3.5,0.68,0.19,0,89,1.8,Medium
589,12.1,0.12,0.33,0.31,0,193,4.0,Low
590,6.6,4.14,0.2,0.35,1,103,2.0,High
591,24.1,0.39,0.15,0.16,1,114,3.4,High
592,16.7,2.36,0.22,0.37,0,27,4.7,High
593,36.4,6.63,0.4,0.3,1,73,3.0,High
594,2.1,7.06,0.32,0.31,1,28,0.3,High
595,18.4,5.39,0.39,0.41,1,131,1.1,Medium
596,26.2,7.64,0.04,0.45,1,116,0.3,High
597,11.3,0.95,0.51,0.22,0,145,3.6,Low
598,4.1,8.88,0.56,0.29,0,152,3.5,Low
599,32.5,1.45,0.65,0.36,0,158,2.9,Low
600,9.6,4.9,0.61,0.24,0,110,2.4,Medium
601,28.4,2.0,0.39,0.08,0,123,3.9,Medium
602,8.8,4.93,0.77,0.19,1,143,0.9,Medium
603,14.8,4.05,0.05,0.1,1,88,5.2,High
604,25.6,7.41,0.2,0.14,0,82,3.6,High
605,21.5,11.39,0.61,0.22,0,181,1.8,Low
606,8.7,6.65,0.35,0.31,1,47,2.7,High
607,23.3,3.64,0.7,0.23,2,140,3.3,Low
608,0.0,8.6,0.32,0.25,0,133,1.0,High
609,6.0,1.09,0.22,0.31,0,75,4.7,Medium
610,35.5,2.26,0.28,0.11,0,93,5.2,Medium
611,16.3,3.31,0.82,0.5,0,105,3.7,Low
612,25.2,3.17,0.39,0.11,3,128,5.2,Medium
613,24.9,1.78,0.36,0.05,0,134,8.3,Low
614,14.6,6.09,0.45,0.45,0,118,0.3,Medium
615,19.2,3.99,0.33,0.17,0,127,3.6,Medium
616,6.3,3.59,0.25,0.22,2,146,1.1,High
617,19.3,8.23,0.53,0.25,0,144,6.3,Low
618,13.1,2.66,0.68,0.13,0,181,3.9,Low
619,38.9,7.08,0.26,0.14,1,161,2.2,Medium
620,11.0,3.18,0.39,0.13,0,120,3.0,Medium
621,23.1,3.24,0.07,0.34,0,145,5.9,Low
622,15.3,1.72,0.08,0.06,2,136,4.3,High
623,26.1,0.37,0.23,0.15,0,126,4.5,Medium
624,4.4,2.02,0.4,0.14,0,85,6.2,Medium
625,16.7,1.33,0.36,0.28,0,126,5.2,Low
626,23.9,4.77,0.48,0.15,0,37,5.5,Medium
627,20.4,3.06,0.59,0.38,1,162,3.3,Low
628,23.0,7.25,0.37,0.07,0,134,0.3,High
629,9.7,1.82,0.4,0.0,0,113,3.7,Medium
630,14.5,3.23,0.22,0.26,0,103,2.3,High
631,17.8,7.65,0.52,0.21,0,146,4.9,Low
632,25.8,6.67,0.2,0.27,0,193,0.3,Low
633,32.0,4.41,0.48,0.21,0,135,5.0,Low
634,0.0,0.9,0.51,0.0,0,196,3.8,Low
635,14.8,5.76,0.41,0.24,2,151,4.1,Low
636,11.4,3.14,0.74,0.32,0,87,4.6,Low
637,10.3,2.44,0.33,0.24,0,139,3.4,Low
638,20.7,7.99,0.37,0.3,0,135,2.9,Low
639,18.3,8.4,0.58,0.2,0,87,5.5,Low
640,6.8,1.34,0.39,0.06,0,103,4.6,Medium
641,6.3,9.15,0.38,0.38,0,102,4.7,Low
642,22.6,3.73,0.48,0.35,1,124,3.4,Low
643,7.1,6.35,0.47,0.04,1,108,3.7,Medium
644,11.1,9.49,0.23,0.49,1,130,3.5,Low
645,27.2,3.51,0.8,0.11,0,137,0.4,Medium
646,19.7,4.79,0.57,0.36,1,170,1.0,Low
647,33.5,6.17,0.7,0.15,0,141,3.3,Low
648,16.9,8.74,0.32,0.31,0,91,0.3,High
649,40.3,4.06,0.62,0.48,0,204,3.3,Low
650,16.2,6.43,0.34,0.44,1,92,1.9,High
651,30.0,1.68,0.44,0.05,1,104,3.4,Medium
652,9.6,0.44,0.22,0.25,0,143,3.8,Medium
653,11.5,1.96,0.49,0.35,0,235,0.3,Low
654,34.9,1.96,0.68,0.31,0,136,4.1,Low
655,11.0,6.93,0.13,0.35,0,94,2.7,Medium
656,15.8,3.78,0.43,0.09,1,54,0.3,High
657,11.4,2.17,0.36,0.51,2,51,2.7,High
658,29.2,1.34,0.2,0.26,2,120,4.2,Medium
659,5.9,2.75,0.18,0.19,0,141,2.8,Medium
660,31.1,6.75,0.15,0.3,0,63,2.7,High
661,20.4,1.33,0.4,0.04,1,128,3.8,Medium
662,19.9,3.62,0.33,0.18,0,67,2.6,High
663,17.4,2.85,0.46,0.11,0,83,3.0,Medium
664,30.5,5.06,0.47,0.25,0,145,1.1,Medium
665,15.8,9.52,0.13,0.47,0,90,2.6,Medium
666,10.9,2.04,0.11,0.27,0,172,6.9,Low
667,23.2,4.95,0.52,0.26,0,96,3.8,Medium
668,17.1,3.95,0.6,0.35,0,164,4.0,Low
669,37.6,2.6,0.7,0.02,0,210,2.3,Low
670,27.1,4.15,0.85,0.07,0,90,2.8,Medium
671,21.5,9.46,0.44,0.63,1,218,3.1,Low
672,32.3,3.79,0.23,0.16,0,120,5.1,Low
673,3.5,3.79,0.65,0.25,0,94,5.7,Low
674,23.6,2.86,0.65,0.19,1,108,2.7,Medium
675,19.0,5.25,0.45,0.51,0,103,3.5,Low
676,16.0,1.0,0.15,0.5,1,176,3.1,Low
677,15.2,4.36,0.27,0.3,0,172,4.9,Low
678,29.1,5.34,0.43,0.27,0,172,4.3,Low
679,0.0,1.46,0.27,0.17,0,68,3.3,High
680,22.7,8.79,0.21,0.19,1,127,5.3,Low
681,3.7,8.68,0.48,0.3,1,58,4.4,Medium
682,15.6,10.74,0.45,0.15,0,160,2.1,Low
683,17.5,5.71,0.56,0.25,0,100,3.5,Medium
684,34.2,5.25,0.85,0.1,0,140,3.2,Low
685,12.7,3.77,0.5,0.4,0,99,1.7,Medium
686,18.5,4.2,0.27,0.27,2,49,3.1,High
687,5.7,6.78,0.32,0.33,0,155,5.6,Low
688,23.1,4.05,0.56,0.49,0,158,5.5,Low
689,4.7,3.55,0.41,0.1,3,125,5.1,Medium
690,0.2,5.68,0.42,0.17,1,35,4.9,High
691,2.9,2.12,0.28,0.12,0,150,3.9,Medium
692,15.2,8.74,0.57,0.46,0,90,2.4,Medium
693,15.7,4.03,0.48,0.2,2,140,4.5,Low
694,29.3,6.29,0.2,0.16,1,100,0.5,High
695,33.2,1.6,0.18,0.4,1,104,2.3,High
696,33.0,3.87,0.55,0.25,0,139,5.5,Low
697,29.5,2.82,0.41,0.34,0,87,2.6,Medium
698,38.8,2.95,0.27,0.07,2,113,4.7,Medium
699,22.6,0.59,0.6,0.36,0,140,2.8,Low
700,22.7,7.17,0.17,0.43,0,206,4.5,Low
701,36.3,5.45,0.11,0.25,0,117,0.7,High
702,6.9,0.26,0.1,0.2,0,153,5.8,Low
703,27.4,3.36,0.42,0.47,0,73,1.5,High
704,17.5,3.35,0.8,0.55,0,187,1.0,Low
705,31.3,5.2,0.17,0.26,1,87,5.7,Medium
706,29.8,3.56,0.45,0.28,1,114,3.5,Medium
707,16.4,7.26,0.26,0.14,1,140,2.9,Medium
708,6.0,6.89,0.27,0.38,1,88,6.3,Medium
709,31.5,10.62,0.61,0.2,0,163,4.8,Low
710,13.3,2.68,0.45,0.34,1,93,2.7,Medium
711,19.2,8.1,0.27,0.2,0,153,3.3,Low
712,6.8,6.38,0.04,0.33,1,162,5.4,Low
713,14.4,3.47,0.28,0.41,0,143,1.8,Medium
714,28.2,3.23,0.12,0.08,0,148,6.1,Low
715,21.9,3.74,0.15,0.17,0,221,2.7,Low
716,10.5,4.74,0.24,0.11,0,136,1.9,Medium
717,0.0,2.38,0.24,0.47,0,124,5.5,Medium
718,24.9,0.81,0.72,0.23,0,133,4.8,Low
719,13.8,2.44,0.41,0.14,2,170,0.3,High
720,19.7,3.2,0.39,0.26,0,213,3.3,Low
721,16.6,5.71,0.72,0.24,1,113,1.5,Medium
722,13.7,0.44,0.52,0.54,0,83,4.9,Low
723,24.2,5.93,0.4,0.38,0,166,6.6,Low
724,9.3,0.39,0.65,0.27,1,65,4.5,High
725,19.5,5.19,0.56,0.06,2,130,2.1,Medium
726,22.1,5.66,0.63,0.32,1,132,5.1,Low
727,31.5,3.61,0.42,0.1,0,115,3.4,Medium
728,18.5,4.14,0.38,0.28,0,118,3.4,Medium
729,6.1,6.09,0.26,0.26,2,53,2.6,High
730,24.7,2.25,0.48,0.41,0,85,3.7,Medium
731,9.1,4.93,0.37,0.26,0,157,3.4,Low
732,11.3,2.95,0.3,0.34,0,38,0.3,High
733,13.0,8.65,0.68,0.4,2,116,3.5,Low
734,16.2,5.63,0.38,0.46,1,107,3.3,Medium
735,30.9,0.87,0.82,0.05,1,40,4.1,High
736,24.5,9.45,0.23,0.26,0,187,0.3,Low
737,7.0,7.01,0.13,0.76,1,78,4.4,Medium
738,33.1,0.38,0.57,0.32,2,141,3.6,Medium
739,28.6,0.58,0.47,0.16,0,101,4.4,Medium
740,22.2,0.32,0.41,0.34,0,86,0.6,High
741,0.0,1.05,0.11,0.14,0,110,1.3,High
742,9.6,4.45,0.03,0.42,2,105,0.3,High
743,18.1,4.25,0.24,0.18,0,112,3.8,Medium
744,34.6,6.2,0.39,0.18,1,88,2.9,High
745,31.3,3.07,0.68,0.28,1,79,3.2,Medium
746,8.3,3.22,0.11,0.39,1,160,1.0,Medium
747,1.2,4.34,0.45,0.25,0,120,1.3,High
748,16.2,7.38,0.14,0.46,0,117,0.3,High
749,19.4,1.68,0.39,0.13,1,84,1.1,High
750,5.6,3.23,0.83,0.45,1,182,2.3,Low
751,9.3,7.96,0.31,0.08,1,116,2.4,High
752,39.2,4.2,0.15,0.19,0,44,3.4,High
753,14.3,3.12,0.2,0.05,0,131,4.9,Medium
754,15.0,1.56,0.36,0.49,1,89,2.3,High
755,46.3,6.71,0.21,0.16,0,156,4.4,Low
756,14.6,2.56,0.61,0.51,1,161,4.9,Low
757,7.9,2.53,0.51,0.46,0,156,5.6,Low
758,10.9,8.09,0.78,0.36,0,101,4.4,Low
759,20.9,0.86,0.26,0.1,0,115,3.6,Medium
760,13.3,8.89,0.61,0.07,0,129,1.6,Medium
761,16.7,4.51,0.26,0.16,1,155,4.0,Low
762,17.6,4.07,0.37,0.17,1,78,2.8,High
763,49.5,4.86,0.08,0.37,0,123,6.0,Low
764,25.1,4.06,0.23,0.54,1,194,3.7,Low
765,8.5,2.42,0.65,0.04,0,98,3.2,Medium
766,16.3,5.03,0.35,0.07,0,118,6.0,Low
767,26.0,2.53,0.65,0.54,1,224,2.6,Low
768,28.8,5.28,0.75,0.26,1,110,3.5,Low
769,2.0,10.94,0.54,0.5,0,58,7.1,Low
770,3.8,5.98,0.81,0.19,0,117,4.0,Low
771,22.7,3.43,0.45,0.09,0,186,5.5,Low
772,11.6,4.77,0.32,0.15,0,162,6.2,Low
773,10.2,3.04,0.32,0.02,1,80,2.5,High
774,19.9,3.45,0.46,0.16,0,136,5.1,Low
775,25.9,3.66,0.58,0.51,2,112,2.9,Medium
776,15.6,5.43,0.38,0.24,0,152,7.2,Low
777,0.0,6.72,0.4,0.31,0,95,6.1,Medium
778,12.7,10.33,0.46,0.23,0,139,4.8,Low
779,6.4,5.95,0.6,0.08,1,196,5.4,Low
780,23.6,0.71,0.2,0.47,1,15,2.2,High
781,38.5,0.16,0.14,0.48,0,143,6.6,Low
782,20.9,3.8,0.59,0.3,0,172,1.9,Low
783,22.4,7.0,0.21,0.11,1,57,4.2,High
784,26.1,3.38,0.14,0.15,1,91,2.2,High
785,31.5,3.42,0.29,0.26,2,104,5.0,Medium
786,12.2,6.7,0.33,0.56,0,90,6.6,Low
787,17.5,3.92,0.71,0.2,0,87,4.3,Low
788,27.5,7.1,0.54,0.11,0,105,4.1,Low
789,8.6,0.51,0.69,0.7,1,154,3.3,Low
790,2.9,5.43,0.38,0.08,0,179,3.7,Low
791,13.3,1.33,0.34,0.24,1,172,2.9,Low
792,30.6,4.8,0.37,0.17,1,159,6.4,Low
793,19.4,6.7,0.2,0.14,0,193,4.9,Low
794,13.3,0.88,0.24,0.23,0,201,2.9,Low
795,28.2,2.89,0.33,0.16,0,126,3.6,Medium
796,23.5,6.55,0.49,0.32,1,177,8.7,Low
797,10.2,5.35,0.62,0.08,0,136,4.0,Low
798,16.1,0.7,0.71,0.19,0,111,6.1,Low
799,7.8,4.73,0.35,0.44,0,118,2.5,Medium
800,19.4,2.38,0.15,0.17,1,160,4.4,Low
801,24.4,3.46,0.68,0.28,0,178,2.4,Low
802,0.0,3.19,0.24,0.21,0,143,2.5,High
803,7.8,0.01,0.43,0.13,0,104,4.9,Medium
804,34.8,6.7,0.19,0.15,0,100,1.9,High
805,14.6,0.82,0.58,0.11,1,45,1.4,High
806,34.6,4.28,0.36,0.41,0,134,4.7,Low
807,5.2,5.96,0.46,0.29,0,131,2.6,Low
808,12.7,1.51,0.39,0.32,1,78,3.0,High
809,20.2,3.18,0.1,0.31,0,138,0.3,High
810,14.8,2.47,0.02,0.19,0,138,1.2,High
811,30.7,9.17,0.59,0.29,1,60,3.9,Medium
812,16.8,6.74,0.27,0.17,0,107,3.1,Medium
813,25.1,6.28,0.54,0.27,1,176,5.1,Low
814,7.1,10.63,0.33,0.44,1,94,1.9,High
815,20.6,5.06,0.19,0.11,0,120,3.2,Medium
816,14.9,2.99,0.64,0.1,0,126,3.6,Low
817,8.0,0.32,0.92,0.13,0,118,3.1,Low
818,22.7,1.9,0.36,0.11,2,147,4.6,Medium
819,31.6,4.48,0.55,0.32,2,157,1.5,Medium
820,12.0,6.79,0.3,0.13,1,170,4.4,Low
821,22.2,2.04,0.54,0.28,1,107,5.6,Low
822,15.8,8.75,0.23,0.42,0,140,2.0,Medium
823,19.1,0.62,0.4,0.23,0,153,4.2,Low
824,26.4,2.87,0.3,0.23,1,115,4.1,Medium
825,32.4,5.21,0.49,0.09,0,91,4.6,Medium
826,30.4,4.39,0.41,0.35,0,125,3.5,Low
827,10.5,5.43,0.25,0.34,1,95,6.1,Medium
828,4.6,4.39,0.46,0.11,3,91,7.3,Medium
829,0.0,5.94,0.29,0.17,1,128,4.6,High
830,24.3,3.27,0.27,0.1,0,112,4.1,Medium
831,12.7,3.1,0.39,0.13,0,127,3.5,Medium
832,28.6,1.53,0.24,0.38,0,57,1.1,High
833,7.7,10.52,0.65,0.15,0,112,0.9,Medium
834,22.5,3.76,0.04,0.42,0,29,1.4,High
835,0.3,5.31,0.32,0.08,0,78,4.0,High
836,23.0,3.37,0.46,0.25,2,116,3.2,Medium
837,21.9,8.78,0.57,0.2,0,168,6.2,Low
838,7.0,3.97,0.38,0.27,0,141,0.3,Medium
839,19.9,4.98,0.62,0.46,0,123,3.6,Low
840,38.7,1.38,0.15,0.08,0,104,4.3,Medium
841,24.9,9.28,0.34,0.31,1,109,5.1,Low
842,47.6,4.65,0.35,0.08,0,172,3.8,Low
843,19.5,9.39,0.38,0.19,0,75,4.2,Medium
844,23.8,2.2,0.57,0.28,0,90,3.8,Medium
845,13.2,2.67,0.06,0.21,2,162,4.3,Medium
846,20.5,2.42,0.75,0.01,0,106,3.5,Medium
847,8.2,3.15,0.61,0.61,2,197,7.3,Low
848,27.1,6.01,0.14,0.21,0,147,4.5,Low
849,9.9,2.14,0.08,0.54,0,166,3.9,Low
850,34.7,3.86,0.86,0.38,1,54,2.2,Medium
851,4.5,1.66,0.55,0.03,0,162,2.9,Low
852,15.0,1.34,0.22,0.36,2,86,6.2,Medium
853,15.5,5.4,0.29,0.06,0,148,0.3,Medium
854,6.8,4.9,0.19,0.45,1,105,3.6,Medium
855,20.3,6.59,0.5,0.04,1,128,3.5,Medium
856,12.7,5.16,0.7,0.25,1,75,4.4,Medium
857,32.0,4.54,0.69,0.4,0,51,4.0,Medium
858,9.9,2.32,0.3,0.17,0,126,6.2,Low
859,22.2,1.22,0.56,0.02,1,108,3.7,Medium
860,17.1,5.8,0.49,0.42,0,84,3.4,Medium
861,15.9,3.23,0.63,0.13,1,52,5.2,Medium
862,18.9,5.2,0.43,0.22,0,12,6.3,Medium
863,25.1,3.99,0.51,0.4,0,140,4.7,Low
864,0.0,2.13,0.53,0.09,0,109,5.3,Medium
865,18.5,5.45,0.34,0.31,0,95,3.1,Medium
866,9.7,2.12,0.46,0.04,0,128,3.7,Medium
867,10.5,6.59,0.72,0.28,0,160,6.2,Low
868,20.4,1.58,0.31,0.06,1,130,4.4,Medium
869,29.0,9.7,0.64,0.28,1,102,3.1,Medium
870,33.5,2.21,0.09,0.36,1,205,3.6,Low
871,12.2,5.41,0.8,0.29,1,94,5.4,Low
872,0.0,1.86,0.38,0.42,0,63,5.5,High
873,18.7,2.27,0.49,0.21,1,123,2.0,Medium
874,0.0,6.06,0.33,0.21,2,109,4.2,High
875,22.4,3.39,0.12,0.51,1,157,3.5,Low
876,9.0,3.6,0.34,0.44,0,98,3.4,Medium
877,21.4,6.55,0.66,0.12,1,113,5.9,Low
878,9.5,4.57,0.64,0.28,2,85,3.1,Medium
879,6.4,5.34,0.69,0.27,0,152,2.5,Low
880,6.6,2.13,0.58,0.12,1,125,2.0,Medium
881,22.0,6.0,0.73,0.38,0,108,3.2,Low
882,4.8,4.33,0.29,0.23,0,114,2.2,Medium
883,23.5,5.29,0.59,0.28,2,119,1.9,Medium
884,35.8,5.09,0.31,0.49,1,62,1.9,High
885,34.7,7.39,0.19,0.44,1,166,2.0,Low
886,2.0,5.51,0.54,0.15,0,164,2.1,Low
887,4.5,0.52,0.33,0.27,1,121,4.2,Medium
888,22.8,2.22,0.72,0.08,0,117,0.3,Medium
889,7.3,4.68,0.29,0.39,0,80,2.2,High
890,24.2,5.2,0.64,0.2,0,189,3.3,Low
891,0.9,0.03,0.28,0.02,0,179,5.6,Low
892,17.3,1.02,0.3,0.47,1,135,3.1,Medium
893,27.4,7.28,0.69,0.19,0,152,3.2,Low
894,2.5,9.9,0.57,0.21,1,169,3.3,Low
895,16.8,0.96,0.43,0.42,1,161,0.3,Medium
896,16.7,4.77,0.75,0.38,0,85,4.7,Low
897,24.1,4.14,0.52,0.15,0,107,4.6,Low
898,11.3,7.03,0.42,0.33,1,138,5.0,Low
899,3.7,5.49,0.34,0.17,0,128,8.0,Low
900,0.0,6.49,0.43,0.3,0,150,1.2,High
901,31.3,2.84,0.22,0.14,2,145,0.8,High
902,26.3,3.98,0.52,0.15,0,129,4.8,Low
903,17.8,1.28,0.27,0.13,0,15,2.9,High
904,17.5,1.36,0.53,0.28,1,166,1.7,Low
905,22.3,0.32,0.14,0.4,0,153,3.0,Medium
906,27.7,4.69,0.26,0.19,0,202,2.4,Low
907,0.0,5.0,0.41,0.18,0,100,6.6,Medium
908,0.2,5.89,0.84,0.09,1,46,7.6,Medium
909,0.0,2.79,0.37,0.16,1,112,0.6,High
910,14.5,8.15,0.61,0.37,0,138,0.8,Low
911,19.8,1.2,0.45,0.58,0,102,2.1,Medium
912,28.1,0.3,0.55,0.18,0,174,2.3,Low
913,0.0,4.66,0.43,0.23,0,93,2.1,High
914,4.6,1.95,0.63,0.18,0,115,3.2,Medium
915,19.3,5.6,0.36,0.54,0,110,2.7,Medium
916,20.5,2.03,0.43,0.26,1,230,1.1,Low
917,16.0,2.26,0.11,0.09,1,83,1.7,High
918,6.7,2.02,0.14,0.07,0,143,6.3,Low
919,11.0,1.8,0.26,0.18,0,71,2.9,High
920,16.6,3.99,0.44,0.2,1,133,2.8,Medium
921,0.8,4.72,0.62,0.21,0,81,0.8,High
922,9.5,1.8,0.5,0.13,0,163,2.7,Low
923,4.2,0.49,0.37,0.12,1,156,5.2,Low
924,23.0,5.5,0.76,0.21,1,130,4.6,Low
925,8.9,5.16,0.4,0.13,1,64,5.0,High
926,4.9,6.14,0.89,0.35,0,117,1.3,Low
927,12.8,0.87,0.09,0.17,0,107,1.3,High
928,25.5,1.52,0.18,0.13,0,153,5.5,Low
929,17.8,6.47,0.17,0.25,1,83,5.0,Medium
930,29.0,6.69,0.36,0.14,0,166,3.0,Low
931,27.5,2.77,0.53,0.25,0,158,5.0,Low
932,10.5,1.14,0.77,0.21,0,65,1.3,High
933,19.3,1.9,0.25,0.31,0,111,1.3,High
934,29.0,1.1,0.05,0.31,1,117,0.6,High
935,13.2,6.39,0.59,0.33,0,160,4.2,Low
936,20.4,6.14,0.4,0.15,2,92,3.9,High
937,9.0,4.24,0.06,0.33,0,128,2.6,Medium
938,15.7,1.97,0.08,0.18,0,163,2.1,Medium
939,15.4,1.36,0.69,0.35,0,130,7.8,Low
940,24.3,2.15,0.62,0.4,0,45,3.0,Medium
941,14.2,1.33,0.31,0.51,0,100,6.0,Low
942,20.2,4.68,0.31,0.15,0,156,3.2,Low
943,21.8,6.29,0.34,0.2,1,151,2.6,Medium
944,10.1,6.38,0.63,0.16,0,30,6.0,Medium
945,14.0,1.35,0.27,0.18,1,128,4.9,Medium
946,22.6,2.21,0.64,0.1,0,157,3.5,Low
947,36.4,2.34,0.28,0.24,2,141,5.5,Low
948,5.4,7.06,0.36,0.38,1,146,8.0,Low
949,23.3,0.0,0.45,0.47,0,202,2.2,Low
950,30.1,3.99,0.44,0.14,1,118,4.3,Medium
951,19.0,1.38,0.18,0.16,1,132,2.8,High
952,9.0,3.43,0.1,0.32,1,82,1.8,High
953,17.5,6.08,0.19,0.2,1,94,1.8,High
954,8.3,3.03,0.45,0.2,0,106,6.4,Low
955,13.0,1.74,0.08,0.32,0,153,0.3,High
956,21.9,6.24,0.22,0.12,2,90,4.4,High
957,17.4,4.39,0.37,0.13,0,169,2.0,Low
958,20.0,5.45,0.47,0.19,0,76,6.7,Low
959,6.3,4.79,0.1,0.39,2,145,3.0,Medium
960,11.9,0.36,0.08,0.23,0,142,2.8,Medium
961,24.1,7.92,0.09,0.42,0,130,6.3,Low
962,1.3,3.4,0.29,0.18,2,159,5.1,Medium
963,4.7,6.53,0.14,0.15,1,90,4.5,High
964,14.9,2.95,0.34,0.55,0,101,5.0,Low
965,12.8,5.7,0.51,0.02,2,81,1.6,High
966,25.7,7.03,0.38,0.37,1,120,4.8,Low
967,0.0,6.65,0.11,0.24,0,115,3.1,High
968,17.2,4.32,0.72,0.13,1,154,4.1,Low
969,31.7,2.98,0.18,0.14,1,135,4.4,Medium
970,21.3,0.23,0.27,0.3,2,147,1.5,High
971,2.7,0.29,0.59,0.77,1,112,4.6,Low
972,42.3,7.35,0.37,0.25,0,136,3.2,Low
973,12.5,1.53,0.72,0.17,2,192,1.3,Low
974,0.0,6.41,0.64,0.11,0,66,3.2,High
975,26.1,6.74,0.61,0.16,1,46,3.5,High
976,9.9,5.37,0.61,0.21,1,145,4.6,Low
977,36.7,5.17,0.39,0.16,0,86,0.3,High
978,25.2,0.5,0.65,0.47,0,64,4.2,Medium
979,39.3,0.05,0.25,0.23,0,141,2.6,Medium
980,7.5,2.02,0.37,0.22,0,79,5.0,Medium
981,30.8,8.96,0.27,0.28,0,181,3.5,Low
982,9.9,8.12,0.71,0.03,2,126,2.9,Medium
983,21.4,4.11,0.79,0.55,0,111,3.2,Low
984,19.7,7.88,0.2,0.46,0,87,4.1,Medium
985,31.9,1.2,0.56,0.04,1,128,5.1,Low
986,26.1,2.89,0.27,0.29,0,56,1.9,High
987,13.4,8.76,0.38,0.33,0,21,2.9,High
988,28.9,10.31,0.79,0.3,0,57,6.1,Low
989,17.1,6.31,0.19,0.21,0,165,2.8,Low
990,24.9,0.77,0.23,0.04,0,83,4.2,High
991,21.0,8.05,0.56,0.18,2,62,1.3,High
992,15.9,3.2,0.68,0.23,0,116,0.4,Medium
993,4.8,6.17,0.85,0.16,0,208,1.6,Low
994,20.0,4.3,0.19,0.18,0,163,2.3,Medium
995,11.2,7.02,0.77,0.2,1,87,5.4,Low
996,5.7,4.14,0.59,0.44,0,87,5.6,Low
997,26.3,12.19,0.26,0.2,0,88,0.3,High
998,11.7,6.9,0.23,0.09,0,83,2.5,High
999,0.0,0.23,0.38,0.45,3,141,4.8,High
1000,18.0,1.04,0.37,0.16,1,106,3.3,High
1001,16.5,1.0,0.38,0.53,2,75,6.2,Medium
1002,17.4,5.78,0.31,0.53,0,66,4.7,Medium
1003,17.4,6.89,0.2,0.39,0,212,3.0,Low
1004,7.9,3.84,0.2,0.25,1,149,3.2,Medium
1005,14.0,7.66,0.31,0.31,1,85,3.4,Medium
1006,28.4,5.05,0.4,0.18,1,168,2.0,Low
1007,26.5,8.85,0.43,0.37,0,73,5.2,Low
1008,14.5,1.1,0.32,0.14,0,114,4.8,Medium
1009,23.9,4.87,0.26,0.33,0,110,4.3,Low
1010,18.9,4.85,0.3,0.58,0,127,3.9,Low
1011,14.7,1.68,0.12,0.32,0,82,1.7,High
1012,30.5,0.19,0.41,0.28,2,125,4.4,Medium
1013,9.1,6.79,0.27,0.29,0,50,3.7,High
1014,21.1,4.69,0.12,0.16,0,104,7.1,Low
1015,1.4,5.18,0.67,0.28,0,173,1.2,Low
1016,21.6,8.09,0.44,0.22,1,161,2.2,Low
1017,11.4,3.88,0.49,0.08,1,92,0.6,High
1018,14.2,4.94,0.49,0.35,0,58,3.1,Medium
1019,15.1,5.06,0.75,0.59,1,32,0.4,High
1020,0.0,5.14,0.43,0.34,0,144,5.6,Low
1021,1.9,0.23,0.16,0.12,0,131,5.5,Medium
1022,26.3,3.94,0.47,0.11,1,135,3.2,Medium
1023,19.0,7.48,0.08,0.54,1,187,1.7,Low
1024,32.6,3.62,0.43,0.6,1,126,0.8,Medium
1025,4.3,2.58,0.22,0.37,0,129,2.2,Medium
1026,26.5,6.91,0.29,0.22,0,64,4.6,Medium
1027,22.6,4.04,0.4,0.03,0,184,2.1,Low
1028,29.6,2.11,0.55,0.15,0,113,6.9,Low
1029,16.9,1.42,0.22,0.34,0,87,6.2,Medium
1030,19.1,3.84,0.22,0.08,1,128,3.5,Medium
1031,9.2,2.02,0.65,0.19,0,200,2.7,Low
1032,15.3,6.7,0.45,0.16,2,205,2.5,Low
1033,13.1,1.72,0.33,0.24,1,81,6.4,Medium
1034,4.7,4.83,0.38,0.3,1,167,2.3,Low
1035,19.4,5.26,0.28,0.14,1,133,5.2,Low
1036,27.4,5.9,0.16,0.24,1,159,3.5,Low
1037,29.8,8.71,0.41,0.06,0,131,4.8,Low
1038,9.9,0.06,0.28,0.27,0,144,2.0,Medium
1039,17.6,5.82,0.69,0.32,1,172,2.9,Low
1040,16.7,5.87,0.22,0.43,0,50,3.5,High
1041,32.7,0.74,0.23,0.09,2,134,2.4,High
1042,35.9,4.78,0.14,0.12,1,73,5.7,High
1043,5.0,2.74,0.87,0.45,0,101,2.1,Low
1044,22.9,8.21,0.41,0.09,0,120,2.5,Medium
1045,23.3,2.29,0.25,0.43,0,79,5.9,Low
1046,16.0,3.35,0.22,0.15,0,96,5.6,Medium
1047,5.4,2.86,0.05,0.18,0,63,6.4,Medium
1048,25.1,1.49,0.64,0.16,0,96,0.3,High
1049,30.2,0.65,0.7,0.43,0,140,3.9,Low
1050,12.5,1.5,0.62,0.26,0,154,3.7,Low
1051,30.0,4.43,0.15,0.41,0,89,2.5,High
1052,18.0,4.85,0.26,0.31,0,173,4.1,Low
1053,32.2,6.44,0.19,0.06,0,143,2.9,Medium
1054,32.2,7.15,0.49,0.16,1,177,3.8,Low
1055,17.8,5.2,0.27,0.21,0,49,9.6,Low
1056,22.2,6.39,0.41,0.11,1,132,4.1,Medium
1057,11.0,5.57,0.25,0.32,3,144,4.1,Medium
1058,1.8,0.7,0.48,0.25,2,51,5.0,High
1059,20.5,5.14,0.41,0.16,0,216,3.8,Low
1060,3.3,4.04,0.22,0.17,0,94,1.5,High
1061,38.9,2.31,0.09,0.38,0,141,0.5,Medium
1062,29.4,4.04,0.76,0.4,0,157,3.4,Low
1063,16.5,5.07,0.72,0.27,0,124,3.0,Low
1064,44.7,3.39,0.35,0.5,0,175,0.3,Low
1065,11.7,6.98,0.36,0.13,0,199,6.4,Low
1066,14.1,5.02,0.25,0.56,1,75,3.7,Medium
1067,14.0,6.62,0.49,0.23,0,124,6.1,Low
1068,17.4,7.77,0.32,0.24,1,156,0.3,Medium
1069,14.9,2.81,0.49,0.39,1,54,6.1,Medium
1070,22.6,2.67,0.2,0.04,1,162,2.6,Medium
1071,8.0,7.47,0.19,0.31,1,188,5.8,Low
1072,19.3,1.69,0.31,0.35,1,171,3.9,Low
1073,12.6,3.71,0.46,0.27,0,137,4.3,Low
1074,18.6,2.54,0.76,0.05,1,181,4.3,Low
1075,7.2,1.03,0.53,0.36,0,134,2.7,Low
1076,9.4,5.49,0.51,0.12,1,67,2.3,High
1077,39.3,3.2,0.46,0.23,2,99,2.8,High
1078,8.8,1.22,0.32,0.1,1,109,0.9,High
1079,23.2,6.78,0.25,0.57,0,117,2.6,Medium
1080,12.6,0.03,0.35,0.21,0,116,2.2,High
1081,7.8,3.56,0.17,0.49,1,106,0.8,High
1082,18.6,6.67,0.53,0.37,1,128,4.3,Low
1083,9.3,6.75,0.53,0.15,0,180,3.5,Low
1084,23.2,5.28,0.15,0.52,0,128,3.9,Low
1085,16.8,1.36,0.12,0.16,0,145,4.8,Low
1086,31.4,4.48,0.42,0.13,0,32,3.1,High
1087,4.9,5.07,0.21,0.02,1,125,1.8,High
1088,20.8,2.67,0.22,0.51,0,163,4.0,Low
1089,21.7,5.13,0.32,0.01,1,169,0.3,Medium
1090,8.0,0.43,0.27,0.19,0,165,3.3,Medium
1091,11.4,1.26,0.08,0.45,1,132,4.9,Medium
1092,3.8,2.07,0.33,0.21,1,136,5.4,Low
1093,2.4,6.08,0.71,0.19,1,93,2.5,Medium
1094,16.8,6.58,0.48,0.11,0,153,0.3,Medium
1095,26.1,0.16,0.41,0.17,0,93,0.3,High
1096,16.7,8.4,0.46,0.29,0,147,4.6,Low
1097,17.1,4.27,0.7,0.08,1,121,2.9,Medium
1098,5.0,0.65,0.24,0.26,2,120,7.1,Medium
1099,0.0,4.91,0.67,0.15,2,160,1.0,High
1100,21.4,7.82,0.67,0.33,1,142,4.1,Low
1101,11.4,2.55,0.24,0.51,0,131,6.5,Low
1102,0.0,6.93,0.25,0.28,0,100,3.9,High
1103,12.6,8.33,0.34,0.36,1,184,0.6,Low
1104,20.5,4.12,0.65,0.18,1,133,8.5,Low
1105,22.0,1.76,0.46,0.41,1,149,6.3,Low
1106,20.0,7.51,0.32,0.07,1,123,3.1,Medium
1107,11.0,7.5,0.42,0.24,0,92,5.0,Low
1108,23.9,0.22,0.31,0.12,2,134,5.0,Medium
1109,17.8,3.69,0.64,0.26,1,96,4.7,Low
1110,9.2,6.16,0.57,0.16,2,137,1.0,Medium
1111,6.8,6.33,0.38,0.32,0,0,4.1,High
1112,20.0,3.13,0.19,0.36,0,103,6.1,Low
1113,26.7,1.12,0.76,0.16,1,119,4.4,Low
1114,23.9,8.71,0.53,0.15,1,81,4.2,Medium
1115,19.6,4.27,0.38,0.24,0,134,2.5,Medium
1116,24.3,3.46,0.34,0.07,0,103,1.9,High
1117,41.7,2.24,0.4,0.32,1,119,0.7,High
1118,20.9,3.4,0.52,0.13,1,97,4.9,Medium
1119,19.6,0.72,0.41,0.39,0,158,3.1,Low
1120,23.4,7.0,0.27,0.45,2,141,1.1,Medium
1121,25.5,3.19,0.07,0.11,0,131,5.3,Low
1122,4.6,2.3,0.29,0.17,1,122,2.4,High
1123,19.8,1.05,0.78,0.18,1,221,2.0,Low
1124,28.0,6.87,0.3,0.28,1,113,2.6,Medium
1125,35.5,3.57,0.07,0.24,0,92,3.2,High
1126,18.2,1.63,0.57,0.42,1,73,4.3,Medium
1127,13.5,4.4,0.63,0.1,0,156,1.9,Low
1128,19.6,3.1,0.23,0.28,0,185,5.3,Low
1129,11.6,4.33,0.55,0.05,1,86,4.4,Medium
1130,33.7,4.96,0.48,0.39,0,108,2.6,Medium
1131,22.8,1.55,0.18,0.25,0,105,3.2,Medium
1132,17.5,2.27,0.2,0.2,2,115,2.7,High
1133,29.1,1.8,0.55,0.19,0,49,3.6,High
1134,6.5,1.89,0.31,0.5,1,152,6.2,Low
1135,0.0,2.12,0.72,0.2,1,167,2.7,Medium
1136,22.2,3.13,0.36,0.19,0,43,3.8,High
1137,28.7,2.18,0.67,0.17,0,190,2.2,Low
1138,16.6,4.48,0.31,0.08,0,184,4.5,Low
1139,11.2,3.06,0.58,0.12,2,0,4.0,High
1140,8.4,1.88,0.36,0.19,1,33,5.9,High
1141,5.7,1.78,0.48,0.41,1,114,2.0,Medium
1142,24.7,1.29,0.14,0.31,0,172,4.7,Low
1143,26.2,2.91,0.31,0.2,1,131,5.8,Low
1144,27.2,6.87,0.4,0.15,1,120,2.7,Medium
1145,18.1,3.79,0.29,0.35,1,142,3.3,Medium
1146,6.4,0.54,0.42,0.15,0,87,3.8,High
1147,10.9,4.29,0.69,0.15,1,171,3.1,Low
1148,24.0,2.64,0.03,0.07,2,115,3.8,High
1149,7.6,5.71,0.15,0.3,0,54,4.7,High
1150,17.0,0.39,0.53,0.23,0,88,3.3,Medium
1151,7.8,7.63,0.25,0.24,0,134,3.3,Medium
1152,11.0,5.34,0.32,0.26,2,108,4.0,Medium
1153,6.5,3.37,0.48,0.43,2,104,2.8,Medium
1154,18.2,0.63,0.49,0.37,0,128,2.9,Medium
1155,3.4,0.38,0.47,0.66,0,134,1.9,Medium
1156,10.4,6.06,0.16,0.23,1,70,3.4,High
1157,26.5,6.41,0.41,0.21,0,168,4.3,Low
1158,28.5,7.12,0.73,0.13,1,114,3.0,Medium
1159,24.7,9.0,0.45,0.49,1,136,2.1,Low
1160,32.2,6.25,0.18,0.08,1,123,3.3,Medium
1161,4.8,5.22,0.31,0.09,1,103,4.2,Medium
1162,17.1,11.17,0.1,0.31,2,156,3.7,Medium
1163,18.8,2.36,0.7,0.17,2,123,7.5,Low
1164,37.5,3.7,0.91,0.1,0,122,2.3,Low
1165,15.6,0.62,0.42,0.11,2,20,3.2,High
1166,26.0,5.87,0.3,0.19,1,152,4.9,Low
1167,34.9,3.39,0.71,0.06,0,113,2.2,Medium
1168,19.3,2.14,0.41,0.19,0,150,7.0,Low
1169,13.3,2.2,0.6,0.22,1,185,3.5,Low
1170,14.2,1.62,0.33,0.26,0,152,4.5,Low
1171,0.9,3.49,0.75,0.23,1,122,3.5,Medium
1172,13.4,0.33,0.3,0.4,0,108,5.3,Medium
1173,3.8,0.06,0.4,0.26,0,221,1.6,Low
1174,25.8,0.68,0.39,0.12,0,139,6.3,Low
1175,2.4,2.14,0.56,0.1,2,128,3.9,Medium
1176,21.9,2.61,0.5,0.14,0,112,4.7,Low
1177,29.4,2.15,0.18,0.38,2,84,2.2,High
1178,25.3,2.45,0.44,0.14,0,41,4.1,High
1179,13.2,1.48,0.45,0.26,0,180,1.8,Low
1180,25.6,6.35,0.43,0.15,2,88,5.6,Medium
1181,18.1,1.3,0.7,0.33,0,112,1.2,Medium
1182,13.4,7.01,0.15,0.09,0,115,3.8,Medium
1183,14.4,9.23,0.21,0.21,0,177,2.8,Low
1184,22.4,7.5,0.63,0.16,0,89,0.7,High
1185,2.4,1.05,0.59,0.1,0,130,1.8,Medium
1186,13.0,5.56,0.73,0.09,2,140,4.3,Low
1187,21.7,1.11,0.07,0.26,0,64,1.9,High
1188,12.9,1.52,0.59,0.22,1,60,2.3,High
1189,5.1,1.72,0.69,0.51,0,91,4.2,Low
1190,9.1,4.41,0.49,0.28,0,129,5.1,Low
1191,19.7,1.38,0.47,0.63,0,124,4.7,Low
1192,22.8,4.12,0.38,0.3,0,115,3.4,Medium
1193,28.8,7.79,0.3,0.33,1,146,3.9,Low
1194,25.8,0.69,0.53,0.24,0,85,3.7,Medium
1195,25.7,0.82,0.7,0.31,0,113,1.6,Medium
1196,0.0,2.08,0.33,0.55,0,115,4.0,Medium
1197,25.5,8.28,0.21,0.21,1,86,1.6,High
1198,12.8,6.07,0.67,0.35,0,212,4.6,Low
1199,3.6,1.44,0.85,0.27,3,33,3.7,High
1200,23.6,0.86,0.03,0.21,0,169,0.3,High
