link_id,device,freq_mhz,terrain,distance_km,line_of_sight,solar_activity,humidity_pct,dropout
1,SAT,2287.72,Hills,7.31,1,Medium,84.0,0
2,SAT,2076.06,Hills,0.99,1,Medium,50.0,0
3,UHF,2929.0,Hills,4.53,1,Low,51.0,0
4,VHF,286.88,Mountains,3.19,1,High,88.0,0
5,UHF,814.71,Hills,4.62,1,Low,59.0,0
6,HF,26.1,Snow,16.92,1,High,50.0,1
7,SAT,1826.08,Urban,7.26,1,Medium,37.0,0
8,UHF,764.73,Mountains,22.59,1,Low,64.0,0
9,HF,15.2,Snow,0.65,1,Low,84.0,0
10,VHF,107.0,Plain,3.11,0,Low,54.0,0
11,HF,16.73,Plain,1.42,1,Medium,81.0,1
12,SAT,2147.83,Urban,5.48,1,Medium,52.0,0
13,VHF,111.88,Plain,0.5,1,Medium,40.0,0
14,UHF,1769.19,Hills,11.2,1,Medium,45.0,0
15,SAT,2125.71,Forest,4.59,1,Low,40.0,0
16,SAT,2116.13,Plain,5.56,1,High,83.0,1
17,SAT,2424.5,Snow,7.91,0,High,78.0,0
18,UHF,2051.2,Mountains,6.85,1,High,63.0,0
19,UHF,1197.98,Plain,5.81,0,Low,10.0,1
20,HF,5.55,Urban,14.75,1,High,85.0,0
21,HF,16.14,Hills,1.36,0,Medium,47.0,0
22,VHF,185.53,Snow,0.5,1,Low,43.0,0
23,SAT,2056.28,Plain,4.99,0,High,48.0,0
24,HF,17.85,Hills,0.5,1,Low,56.0,1
25,VHF,131.34,Snow,4.04,0,High,64.0,0
26,UHF,2885.88,Snow,6.01,0,Low,77.0,0
27,HF,19.55,Snow,5.6,1,Medium,66.0,0
28,VHF,90.02,Urban,2.06,1,High,56.0,0
29,SAT,1506.4,Plain,5.67,1,Low,48.0,0
30,SAT,2070.17,Urban,2.04,0,Medium,37.0,0
31,HF,23.15,Hills,8.19,1,Medium,63.0,0
32,SAT,1609.49,Snow,10.28,1,Medium,66.0,0
33,HF,15.59,Forest,5.48,0,Low,40.0,0
34,SAT,2472.1,Forest,4.94,1,Low,34.0,0
35,SAT,1994.3,Mountains,1.7,1,Medium,71.0,0
36,UHF,2604.57,Hills,3.13,1,Low,47.0,0
37,VHF,67.97,Plain,1.31,1,Medium,32.0,0
38,SAT,1952.01,Urban,6.09,0,High,36.0,1
39,UHF,1254.18,Snow,5.25,1,Medium,65.0,0
40,VHF,37.63,Urban,0.58,1,Low,86.0,1
41,SAT,2021.13,Hills,11.4,0,Low,75.0,0
42,UHF,1376.59,Forest,21.97,0,High,17.0,0
43,HF,19.51,Urban,0.76,0,Low,53.0,0
44,SAT,2046.49,Mountains,1.61,1,Low,71.0,0
45,SAT,1953.47,Hills,8.62,0,Medium,25.0,0
46,VHF,57.29,Plain,2.51,1,Medium,87.0,0
47,SAT,1942.69,Urban,0.5,1,Low,19.0,0
48,UHF,2921.92,Snow,12.14,1,Medium,67.0,0
49,VHF,104.05,Plain,3.73,1,Medium,48.0,0
50,VHF,133.94,Forest,0.5,0,High,59.0,0
51,VHF,257.2,Forest,2.85,0,Low,57.0,0
52,VHF,170.41,Plain,8.99,0,Low,37.0,0
53,SAT,1502.04,Urban,2.51,0,High,66.0,0
54,VHF,175.66,Forest,0.7,1,Medium,50.0,0
55,SAT,2372.01,Urban,0.5,0,Low,67.0,0
56,UHF,2164.0,Urban,7.56,0,High,42.0,0
57,SAT,2257.18,Forest,3.57,1,High,50.0,1
58,UHF,403.32,Urban,1.93,1,Low,66.0,0
59,UHF,783.78,Mountains,8.75,1,Medium,41.0,0
60,VHF,188.0,Forest,0.6,1,Medium,78.0,0
61,UHF,713.33,Plain,0.89,1,Low,61.0,0
62,HF,23.35,Mountains,2.46,0,Medium,95.0,0
63,HF,9.13,Plain,0.5,0,High,52.0,0
64,VHF,115.87,Forest,9.62,0,High,60.0,0
65,UHF,412.47,Hills,3.06,0,Low,50.0,1
66,SAT,1926.25,Urban,4.51,0,Low,55.0,1
67,SAT,1755.72,Snow,0.5,1,Low,66.0,0
68,SAT,1533.17,Mountains,10.06,1,Low,87.0,0
69,HF,6.61,Urban,17.46,1,High,84.0,1
70,VHF,135.95,Mountains,10.93,1,Low,71.0,0
71,UHF,1224.15,Hills,5.76,0,Medium,34.0,0
72,UHF,2624.39,Hills,7.85,1,Medium,48.0,1
73,UHF,1117.56,Forest,9.44,0,Low,67.0,0
74,UHF,1421.1,Snow,1.22,0,Low,39.0,0
75,UHF,1403.17,Snow,0.77,0,Medium,55.0,0
76,HF,19.17,Plain,1.14,0,Low,58.0,0
77,SAT,2402.77,Snow,10.95,1,Low,91.0,0
78,VHF,212.15,Mountains,2.05,1,Medium,52.0,0
79,UHF,2563.65,Plain,0.83,0,Medium,24.0,0
80,HF,8.05,Hills,38.98,1,High,70.0,0
81,SAT,2339.45,Urban,0.92,0,Medium,76.0,0
82,HF,21.9,Urban,0.62,1,High,100.0,1
83,UHF,1096.26,Snow,8.98,1,Low,46.0,0
84,VHF,271.75,Forest,9.33,1,High,28.0,0
85,UHF,2095.57,Snow,3.99,1,High,62.0,0
86,UHF,1562.97,Urban,1.61,1,Low,65.0,0
87,VHF,220.2,Urban,1.84,1,Medium,67.0,0
88,HF,3.18,Hills,1.81,1,Low,47.0,0
89,SAT,1823.41,Mountains,10.03,1,High,64.0,1
90,SAT,2276.7,Forest,0.5,1,Medium,57.0,0
91,UHF,2619.34,Snow,6.2,1,Medium,44.0,0
92,UHF,2460.5,Plain,15.53,1,High,33.0,0
93,UHF,2274.25,Plain,6.98,0,High,49.0,0
94,SAT,1997.58,Snow,3.38,0,High,54.0,1
95,UHF,811.91,Snow,0.5,0,Low,69.0,1
96,HF,5.99,Hills,0.5,0,Medium,54.0,1
97,SAT,2423.99,Plain,1.17,1,High,45.0,0
98,HF,8.69,Urban,4.74,0,Medium,66.0,0
99,VHF,96.22,Urban,3.03,1,Medium,54.0,0
100,HF,22.49,Urban,4.6,1,Low,41.0,0
101,SAT,2255.87,Urban,0.5,1,Medium,62.0,0
102,UHF,1402.11,Hills,8.79,1,Low,68.0,0
103,SAT,1575.05,Snow,5.68,1,Medium,53.0,0
104,HF,16.08,Urban,5.08,1,Medium,88.0,0
105,VHF,249.44,Urban,0.95,0,High,80.0,0
106,UHF,2681.32,Snow,3.95,0,Medium,65.0,0
107,HF,20.56,Forest,1.48,1,Low,48.0,0
108,VHF,214.84,Hills,13.48,0,High,19.0,0
109,SAT,1523.79,Plain,3.14,0,High,31.0,0
110,SAT,1713.13,Mountains,1.84,0,Low,73.0,0
111,HF,23.17,Snow,15.05,1,High,37.0,0
112,SAT,2030.5,Forest,1.15,1,Low,63.0,0
113,UHF,1884.82,Snow,3.4,0,Low,37.0,1
114,VHF,248.8,Urban,0.94,1,Low,51.0,0
115,SAT,2169.48,Snow,0.5,1,High,45.0,0
116,SAT,1919.9,Mountains,0.5,1,High,72.0,0
117,HF,29.3,Plain,0.5,0,Low,73.0,0
118,UHF,952.76,Plain,6.18,0,High,23.0,0
119,VHF,121.78,Plain,2.45,1,High,82.0,0
120,UHF,2102.53,Plain,12.75,1,Medium,50.0,0
121,UHF,926.49,Hills,4.93,0,Medium,77.0,0
122,UHF,1327.37,Hills,8.22,0,Low,81.0,0
123,UHF,2166.59,Mountains,1.66,1,High,44.0,0
124,VHF,121.28,Forest,1.2,1,Low,87.0,0
125,UHF,454.51,Forest,2.94,0,High,19.0,0
126,HF,18.12,Plain,8.79,0,Medium,34.0,0
127,SAT,2270.12,Mountains,3.26,1,Low,47.0,0
128,UHF,2305.7,Hills,4.0,0,Low,34.0,0
129,HF,19.77,Urban,2.22,0,Medium,26.0,0
130,HF,23.66,Mountains,4.49,0,Low,76.0,1
131,SAT,1699.33,Forest,3.52,1,Medium,46.0,0
132,SAT,2233.96,Snow,3.1,1,High,57.0,0
133,HF,4.35,Plain,3.98,0,High,69.0,0
134,SAT,2240.05,Forest,2.71,1,Medium,77.0,1
135,SAT,1550.71,Forest,7.74,0,High,86.0,1
136,UHF,2383.0,Snow,0.5,1,High,38.0,0
137,SAT,2384.93,Hills,2.19,1,Medium,86.0,0
138,UHF,2538.41,Snow,7.0,0,Low,58.0,0
139,SAT,1848.55,Snow,2.28,1,Medium,58.0,1
140,SAT,2475.13,Mountains,3.17,0,Medium,49.0,0
141,SAT,2018.41,Forest,2.49,1,High,61.0,0
142,HF,13.24,Forest,2.16,0,Medium,86.0,0
143,UHF,1872.25,Urban,3.99,1,Low,68.0,1
144,HF,11.23,Hills,0.89,0,High,77.0,0
145,UHF,781.43,Plain,2.86,0,Medium,38.0,0
146,SAT,1663.34,Mountains,7.02,0,Low,46.0,1
147,UHF,757.54,Snow,0.5,1,Low,57.0,1
148,VHF,91.64,Urban,4.62,0,Medium,65.0,1
149,SAT,2386.46,Mountains,20.1,0,Low,62.0,0
150,HF,13.93,Mountains,2.58,0,Low,91.0,0
151,SAT,1500.1,Plain,3.87,1,Low,42.0,1
152,VHF,112.05,Mountains,0.76,1,High,64.0,0
153,SAT,2496.1,Forest,6.13,0,High,65.0,1
154,UHF,2287.73,Hills,2.71,0,Low,47.0,1
155,VHF,166.04,Snow,7.33,0,Medium,54.0,0
156,VHF,64.39,Forest,0.67,0,High,42.0,0
157,SAT,1955.58,Urban,0.5,1,Medium,61.0,1
158,UHF,2027.1,Urban,1.65,1,High,29.0,1
159,VHF,278.07,Plain,0.96,1,Medium,89.0,0
160,HF,16.28,Mountains,8.5,1,Low,50.0,0
161,HF,17.8,Urban,7.09,1,Low,41.0,0
162,UHF,1832.81,Forest,17.0,1,Low,20.0,0
163,UHF,2867.13,Plain,0.5,0,Low,48.0,0
164,UHF,1214.97,Hills,1.69,1,High,50.0,0
165,SAT,2360.55,Hills,17.61,0,High,61.0,0
166,VHF,146.46,Hills,0.56,1,High,51.0,0
167,HF,23.0,Hills,3.36,1,Low,100.0,0
168,VHF,160.44,Plain,5.33,1,High,30.0,1
169,UHF,1796.56,Snow,1.29,0,Low,67.0,1
170,SAT,1829.15,Mountains,7.48,0,Medium,63.0,1
171,HF,14.2,Plain,9.56,0,Low,28.0,1
172,UHF,1718.43,Forest,2.53,1,High,48.0,0
173,SAT,2104.3,Snow,6.09,1,Low,100.0,0
174,SAT,1870.31,Forest,3.78,1,Medium,45.0,0
175,VHF,255.23,Mountains,5.7,0,Medium,95.0,0
176,UHF,2241.47,Hills,2.99,1,High,53.0,0
177,VHF,151.91,Urban,0.5,1,Medium,56.0,0
178,HF,22.84,Forest,1.96,0,High,48.0,1
179,VHF,31.8,Plain,1.75,0,High,35.0,1
180,SAT,2093.55,Mountains,12.9,1,Low,31.0,1
181,HF,17.19,Forest,2.89,1,Low,43.0,0
182,SAT,2014.52,Snow,11.69,1,High,70.0,0
183,HF,19.3,Urban,0.5,1,High,66.0,0
184,HF,24.67,Mountains,5.0,1,Medium,48.0,0
185,VHF,42.44,Snow,3.05,0,Medium,93.0,1
186,VHF,70.18,Plain,0.5,1,Medium,38.0,1
187,VHF,32.59,Mountains,3.15,0,High,64.0,0
188,HF,9.42,Urban,2.42,1,Low,29.0,0
189,VHF,293.97,Urban,1.2,0,Medium,61.0,0
190,UHF,1308.32,Snow,0.5,1,Medium,65.0,0
191,HF,18.57,Mountains,7.81,1,Medium,51.0,1
192,UHF,2973.28,Plain,4.69,1,High,56.0,0
193,VHF,199.36,Hills,4.47,0,Medium,45.0,1
194,VHF,76.19,Forest,11.81,0,Low,74.0,0
195,VHF,247.36,Urban,0.5,1,Medium,72.0,0
196,UHF,1790.24,Forest,3.9,0,High,64.0,0
197,VHF,298.75,Snow,15.26,1,Low,69.0,0
198,UHF,2338.68,Plain,2.99,1,Low,66.0,0
199,VHF,298.6,Urban,3.19,0,Low,47.0,1
200,SAT,2390.78,Urban,0.5,0,Low,62.0,0
201,VHF,79.18,Mountains,6.09,0,High,70.0,1
202,HF,23.2,Snow,7.18,1,High,51.0,0
203,HF,16.45,Mountains,0.75,0,Medium,66.0,0
204,VHF,65.04,Mountains,5.08,1,Low,29.0,1
205,SAT,2067.83,Forest,2.34,1,High,31.0,0
206,UHF,552.95,Forest,4.16,1,Low,57.0,0
207,UHF,2357.43,Forest,5.62,0,Low,49.0,1
208,SAT,1861.24,Mountains,0.53,0,Low,77.0,0
209,SAT,2308.94,Hills,1.79,0,Low,51.0,0
210,SAT,2182.28,Mountains,9.24,0,High,78.0,1
211,SAT,2378.36,Hills,0.93,1,High,54.0,0
212,VHF,80.19,Snow,5.25,0,Medium,62.0,0
213,HF,20.42,Hills,9.06,0,Low,47.0,0
214,VHF,263.25,Urban,4.9,1,Medium,53.0,0
215,HF,9.15,Forest,7.69,0,High,40.0,0
216,HF,24.15,Urban,3.36,0,Low,34.0,1
217,SAT,1784.85,Plain,10.71,1,Medium,74.0,0
218,SAT,2315.51,Hills,5.65,0,High,77.0,0
219,SAT,2015.52,Mountains,2.09,1,High,74.0,0
220,SAT,2166.15,Forest,3.67,1,Medium,77.0,0
221,HF,12.98,Hills,5.21,0,Medium,59.0,1
222,SAT,2325.87,Snow,7.75,0,Medium,46.0,0
223,UHF,632.54,Snow,0.92,1,Medium,41.0,0
224,HF,8.22,Snow,23.22,1,High,20.0,0
225,UHF,542.69,Mountains,0.82,1,Low,66.0,0
226,VHF,286.39,Hills,3.92,0,Low,58.0,0
227,VHF,155.9,Mountains,0.5,1,Medium,63.0,0
228,HF,15.89,Hills,2.9,1,Low,67.0,0
229,UHF,1114.02,Plain,0.5,0,High,83.0,0
230,UHF,1568.2,Snow,0.5,0,Medium,48.0,0
231,SAT,1735.09,Mountains,3.97,1,Medium,65.0,0
232,UHF,2869.44,Mountains,3.05,1,Low,45.0,0
233,UHF,1011.33,Mountains,0.5,1,High,21.0,0
234,HF,27.99,Plain,13.39,0,Low,51.0,1
235,HF,16.18,Forest,2.16,1,Low,84.0,0
236,HF,14.8,Snow,6.79,0,Medium,51.0,1
237,UHF,2470.32,Snow,16.42,0,Low,37.0,1
238,HF,16.35,Snow,11.98,0,High,63.0,0
239,UHF,1020.64,Mountains,5.74,1,Low,73.0,0
240,HF,14.75,Mountains,0.5,0,Medium,65.0,0
241,VHF,148.7,Urban,5.12,1,Medium,82.0,0
242,VHF,109.69,Plain,0.5,0,Medium,36.0,0
243,SAT,1920.39,Urban,2.79,1,High,83.0,0
244,VHF,62.43,Hills,12.27,0,Low,14.0,0
245,HF,28.38,Snow,0.64,1,Low,14.0,0
246,VHF,202.8,Plain,6.11,0,Low,26.0,0
247,SAT,1693.19,Forest,1.67,0,Low,65.0,1
248,HF,24.31,Snow,0.88,1,High,25.0,0
249,SAT,1766.37,Forest,1.37,0,Medium,42.0,0
250,VHF,190.99,Plain,2.6,1,Low,47.0,0
251,VHF,276.89,Snow,8.18,0,Low,70.0,0
252,VHF,236.62,Mountains,3.62,1,Low,81.0,0
253,SAT,1622.03,Plain,2.16,0,High,73.0,1
254,VHF,177.37,Hills,0.97,0,Low,26.0,1
255,UHF,2210.71,Hills,1.46,1,Medium,59.0,0
256,HF,8.45,Snow,14.57,0,High,48.0,0
257,UHF,571.47,Plain,1.25,0,Low,52.0,0
258,VHF,69.97,Mountains,1.97,0,Medium,54.0,0
259,SAT,2463.22,Forest,3.35,0,High,46.0,0
260,UHF,2581.63,Forest,3.01,0,Medium,40.0,0
261,HF,26.16,Urban,1.83,1,Low,46.0,0
262,SAT,1746.24,Plain,0.5,0,Medium,41.0,0
263,SAT,2058.24,Snow,8.69,1,Low,75.0,0
264,HF,16.16,Mountains,0.5,0,Low,54.0,1
265,VHF,255.26,Hills,7.8,1,High,75.0,0
266,VHF,143.87,Plain,1.83,0,Low,77.0,0
267,VHF,175.23,Urban,12.11,0,High,83.0,1
268,HF,18.69,Mountains,3.44,1,Low,30.0,1
269,VHF,130.26,Forest,0.5,1,Low,60.0,0
270,UHF,391.63,Mountains,3.65,1,Medium,30.0,0
271,SAT,1995.24,Mountains,12.02,0,High,92.0,1
272,UHF,1631.82,Forest,0.5,0,High,67.0,0
273,HF,4.1,Mountains,3.06,0,Medium,46.0,0
274,HF,16.13,Snow,6.01,1,Medium,49.0,0
275,UHF,1680.09,Forest,0.5,0,Low,72.0,1
276,HF,6.63,Hills,1.33,0,Medium,48.0,1
277,SAT,1644.0,Mountains,0.5,1,Medium,28.0,0
278,SAT,2436.53,Hills,4.07,0,Medium,64.0,0
279,VHF,81.4,Plain,8.43,1,Low,80.0,0
280,VHF,114.27,Plain,2.2,1,High,54.0,0
281,SAT,1797.67,Forest,0.59,1,Low,70.0,0
282,HF,20.75,Forest,3.73,1,Low,43.0,0
283,VHF,203.33,Urban,10.07,0,Medium,58.0,1
284,HF,27.64,Mountains,4.44,1,Low,57.0,0
285,VHF,138.75,Plain,1.23,0,Medium,48.0,0
286,UHF,2406.19,Mountains,1.22,0,Low,36.0,0
287,UHF,1319.05,Hills,2.09,1,Medium,40.0,0
288,VHF,94.81,Urban,0.5,1,Medium,41.0,1
289,SAT,2391.28,Urban,3.9,1,High,46.0,1
290,SAT,1983.66,Hills,17.89,0,High,52.0,1
291,HF,13.54,Plain,8.14,0,High,58.0,0
292,VHF,274.52,Snow,3.95,0,Low,58.0,0
293,HF,28.36,Urban,12.66,1,Low,53.0,0
294,VHF,151.89,Hills,4.3,1,High,55.0,0
295,SAT,1519.68,Snow,8.02,1,High,38.0,0
296,UHF,387.65,Forest,1.02,1,Medium,59.0,1
297,UHF,1944.39,Hills,1.07,1,High,24.0,0
298,UHF,2600.46,Plain,10.1,0,Medium,35.0,1
299,VHF,266.31,Mountains,1.31,1,Medium,34.0,0
300,VHF,273.31,Hills,4.04,0,Low,44.0,0
301,HF,24.8,Hills,1.2,1,Low,61.0,0
302,VHF,265.51,Urban,4.67,0,Low,58.0,0
303,UHF,2572.44,Mountains,3.05,0,Low,60.0,0
304,VHF,256.85,Forest,8.51,1,Low,71.0,0
305,VHF,118.42,Snow,7.34,0,Low,59.0,0
306,SAT,1893.7,Snow,1.35,0,Low,35.0,0
307,HF,11.56,Mountains,3.59,1,Medium,56.0,0
308,UHF,717.34,Snow,19.73,1,High,36.0,0
309,SAT,1832.06,Mountains,3.7,1,Low,48.0,0
310,SAT,2407.4,Mountains,2.89,0,High,63.0,1
311,UHF,2921.92,Hills,0.5,0,High,52.0,1
312,UHF,706.3,Hills,4.32,1,Low,68.0,1
313,UHF,2087.46,Hills,14.44,0,Medium,55.0,0
314,SAT,2466.96,Mountains,11.87,0,High,25.0,1
315,VHF,85.8,Hills,6.2,1,Low,47.0,0
316,UHF,2568.12,Hills,2.07,1,Medium,68.0,1
317,UHF,1100.5,Mountains,6.7,0,Low,64.0,0
318,SAT,1910.33,Forest,4.04,1,Low,34.0,1
319,VHF,277.39,Hills,4.04,0,High,46.0,0
320,UHF,456.9,Urban,8.56,1,Low,59.0,0
321,UHF,1511.03,Urban,1.35,0,Low,45.0,0
322,UHF,1665.43,Urban,4.34,0,Medium,48.0,0
323,VHF,273.25,Snow,4.6,0,High,60.0,0
324,HF,18.49,Mountains,12.99,1,High,92.0,0
325,VHF,285.17,Forest,0.5,0,Low,61.0,0
326,UHF,1158.27,Forest,3.26,0,Low,69.0,0
327,VHF,163.29,Hills,1.53,1,High,37.0,0
328,HF,3.61,Forest,9.07,1,Low,30.0,0
329,SAT,2488.78,Mountains,1.8,1,Low,37.0,0
330,HF,9.3,Hills,1.64,0,Low,51.0,0
331,SAT,2428.81,Mountains,5.64,1,High,60.0,1
332,VHF,138.06,Urban,1.67,1,High,65.0,1
333,SAT,1665.2,Mountains,2.58,0,Medium,73.0,1
334,SAT,1919.87,Urban,0.5,0,Medium,80.0,0
335,SAT,1824.01,Plain,2.2,1,Low,13.0,1
336,UHF,2869.89,Mountains,6.07,0,Medium,35.0,0
337,HF,23.82,Urban,4.02,0,Low,88.0,0
338,VHF,86.01,Forest,0.77,0,Medium,62.0,0
339,SAT,2040.11,Hills,8.58,0,Low,53.0,1
340,UHF,2108.81,Plain,2.04,0,Low,10.0,0
341,UHF,1864.19,Urban,10.52,0,High,29.0,1
342,VHF,277.51,Hills,9.23,1,High,73.0,1
343,UHF,605.06,Snow,0.79,0,Medium,46.0,0
344,VHF,40.92,Snow,12.02,1,Low,66.0,0
345,HF,19.52,Plain,0.5,0,Low,47.0,1
346,UHF,2312.36,Urban,2.67,1,High,99.0,0
347,HF,24.86,Snow,0.92,1,Low,54.0,0
348,UHF,870.05,Mountains,0.63,1,High,25.0,0
349,HF,8.13,Forest,0.6,1,Medium,67.0,0
350,HF,25.64,Forest,0.5,0,High,56.0,1
351,VHF,121.13,Mountains,7.85,0,Low,43.0,0
352,SAT,2159.67,Snow,1.52,0,High,59.0,0
353,SAT,1650.81,Forest,0.5,1,High,76.0,0
354,HF,24.63,Plain,1.26,0,High,50.0,0
355,UHF,2894.38,Urban,0.5,1,High,36.0,0
356,HF,29.23,Snow,0.5,1,Low,59.0,0
357,SAT,2019.01,Snow,7.91,1,High,42.0,0
358,UHF,946.1,Forest,0.5,1,Low,62.0,0
359,VHF,68.07,Plain,10.01,1,Medium,80.0,0
360,UHF,963.48,Urban,1.13,1,High,32.0,1
361,VHF,197.84,Snow,15.24,1,Low,18.0,0
362,SAT,1935.88,Forest,7.08,0,Medium,100.0,0
363,UHF,1588.99,Plain,1.41,1,Medium,58.0,0
364,UHF,1580.57,Snow,1.73,0,High,30.0,1
365,UHF,2442.3,Hills,1.59,0,Low,35.0,1
366,SAT,2331.35,Hills,1.24,0,High,46.0,0
367,HF,3.38,Mountains,1.41,0,Low,61.0,0
368,VHF,277.92,Urban,4.59,0,High,10.0,0
369,UHF,1348.75,Snow,5.32,1,High,69.0,0
370,SAT,1740.82,Urban,1.19,0,Low,41.0,0
371,SAT,2496.02,Mountains,9.41,1,High,85.0,0
372,HF,6.31,Plain,7.29,1,High,63.0,1
373,HF,11.67,Forest,3.36,0,High,73.0,1
374,SAT,2407.1,Mountains,0.8,0,Low,50.0,0
375,VHF,158.42,Plain,2.54,1,Medium,60.0,0
376,VHF,279.97,Urban,2.43,0,High,83.0,1
377,UHF,952.09,Urban,11.57,1,Medium,38.0,0
378,SAT,1907.42,Forest,9.95,0,High,64.0,0
379,SAT,1551.65,Snow,0.5,0,High,66.0,0
380,HF,15.27,Snow,0.5,0,High,82.0,0
381,VHF,30.13,Urban,7.41,1,Medium,42.0,0
382,HF,11.56,Mountains,0.59,1,High,38.0,0
383,SAT,2215.11,Plain,1.12,1,High,79.0,0
384,HF,22.55,Hills,14.61,0,Low,50.0,1
385,SAT,1927.79,Mountains,2.24,1,Medium,37.0,0
386,SAT,1512.96,Urban,9.14,0,Low,45.0,0
387,UHF,653.7,Hills,0.9,1,Medium,27.0,0
388,HF,9.54,Mountains,5.7,0,Medium,54.0,0
389,HF,3.44,Plain,4.93,1,Medium,10.0,0
390,SAT,1717.02,Urban,6.65,1,Low,60.0,0
391,HF,17.14,Forest,1.73,0,Medium,24.0,0
392,VHF,63.94,Snow,0.74,1,High,80.0,0
393,SAT,2366.28,Snow,0.5,1,Medium,41.0,1
394,SAT,1559.98,Plain,5.72,1,Medium,38.0,0
395,VHF,239.48,Hills,5.44,0,Medium,56.0,1
396,UHF,1504.99,Snow,0.5,0,High,63.0,0
397,HF,19.55,Forest,4.57,1,High,56.0,0
398,UHF,1605.35,Forest,0.78,0,Medium,23.0,0
399,VHF,145.61,Plain,0.5,1,Medium,57.0,0
400,UHF,2136.91,Mountains,3.65,1,High,53.0,1
401,SAT,1727.13,Forest,1.28,0,High,53.0,1
402,UHF,1614.28,Mountains,3.86,1,Medium,67.0,1
403,HF,24.8,Forest,6.31,0,High,40.0,0
404,SAT,1655.14,Forest,13.01,1,Low,32.0,0
405,HF,5.5,Snow,2.09,0,High,67.0,0
406,SAT,2103.61,Mountains,2.75,0,High,16.0,0
407,HF,29.02,Plain,0.89,0,Low,61.0,0
408,VHF,145.89,Snow,6.39,0,High,31.0,1
409,SAT,2314.63,Snow,8.66,1,Low,83.0,0
410,SAT,1970.23,Hills,6.09,1,Low,26.0,1
411,HF,9.34,Urban,2.92,0,High,26.0,1
412,SAT,1985.07,Urban,4.11,0,Medium,100.0,1
413,VHF,149.31,Mountains,1.24,1,Low,80.0,0
414,VHF,98.14,Snow,6.65,1,Low,39.0,0
415,VHF,125.35,Forest,5.41,1,Medium,30.0,0
416,HF,13.59,Snow,12.94,1,High,36.0,1
417,HF,26.2,Mountains,4.19,0,Medium,62.0,0
418,SAT,1807.48,Plain,6.92,0,Medium,61.0,1
419,UHF,2797.91,Urban,3.47,0,Low,47.0,0
420,VHF,33.64,Hills,9.02,1,Medium,89.0,0
421,VHF,64.67,Forest,4.5,0,Medium,39.0,0
422,HF,3.73,Hills,3.13,0,Medium,17.0,0
423,VHF,237.27,Mountains,0.78,1,High,100.0,1
424,VHF,63.63,Snow,8.14,0,Medium,73.0,0
425,HF,18.5,Mountains,8.28,0,High,51.0,1
426,SAT,2277.88,Snow,1.89,0,High,59.0,0
427,UHF,1621.27,Mountains,2.93,0,Medium,57.0,0
428,HF,5.64,Snow,2.66,1,High,23.0,0
429,HF,25.61,Mountains,2.06,1,High,55.0,0
430,SAT,1706.22,Urban,3.41,0,Medium,64.0,1
431,HF,5.55,Hills,3.51,1,High,63.0,0
432,SAT,2267.53,Mountains,0.5,0,Medium,10.0,0
433,VHF,37.53,Snow,1.5,1,Low,59.0,0
434,UHF,1968.02,Hills,0.5,1,Low,64.0,1
435,SAT,1920.38,Snow,6.5,0,Medium,54.0,0
436,HF,14.73,Mountains,6.34,0,High,31.0,0
437,SAT,2304.43,Urban,1.71,1,Low,81.0,0
438,UHF,426.08,Plain,4.35,0,Medium,54.0,0
439,SAT,2241.65,Snow,2.81,0,Medium,51.0,0
440,HF,22.05,Hills,0.84,1,Low,52.0,1
441,UHF,2701.17,Urban,5.57,0,Low,26.0,0
442,VHF,185.83,Snow,7.43,1,Low,94.0,0
443,VHF,73.23,Snow,2.04,1,High,78.0,0
444,UHF,425.52,Hills,3.58,1,Medium,41.0,0
445,UHF,1493.44,Snow,1.0,0,High,17.0,1
446,UHF,2244.56,Mountains,0.5,0,Medium,66.0,0
447,SAT,1542.31,Forest,1.53,0,Low,70.0,0
448,SAT,1748.25,Forest,8.56,0,High,56.0,0
449,HF,23.81,Plain,7.35,1,High,48.0,1
450,UHF,922.15,Plain,1.34,1,Medium,22.0,0
451,HF,13.29,Urban,0.5,0,Low,67.0,0
452,UHF,2316.67,Forest,8.81,0,Low,21.0,1
453,SAT,1930.43,Forest,4.85,0,Low,61.0,1
454,HF,23.83,Forest,0.5,0,High,70.0,1
455,VHF,102.96,Hills,6.21,0,High,49.0,0
456,VHF,288.68,Forest,3.67,0,Low,50.0,0
457,UHF,553.28,Mountains,0.74,1,High,10.0,0
458,UHF,2328.94,Forest,0.5,1,Low,36.0,0
459,VHF,50.03,Hills,9.17,0,Medium,45.0,1
460,SAT,2345.12,Mountains,1.68,1,Medium,23.0,0
461,UHF,668.55,Snow,3.96,0,High,81.0,1
462,HF,18.83,Snow,0.81,0,Medium,39.0,0
463,UHF,1200.63,Forest,5.67,1,Medium,46.0,0
464,VHF,193.28,Urban,0.5,1,Medium,91.0,0
465,SAT,1547.82,Snow,9.05,1,Medium,75.0,0
466,HF,26.8,Mountains,4.18,0,High,90.0,0
467,HF,22.28,Hills,0.53,0,Medium,81.0,1
468,SAT,1845.67,Hills,4.06,1,Medium,69.0,0
469,SAT,1970.54,Plain,2.71,1,Low,39.0,0
470,SAT,2126.21,Snow,1.6,0,Medium,26.0,0
471,SAT,2117.81,Plain,5.6,0,Low,71.0,0
472,SAT,2139.74,Forest,8.31,1,Medium,44.0,1
473,SAT,1654.93,Forest,0.62,1,Medium,10.0,0
474,SAT,2293.18,Snow,1.6,1,Low,64.0,0
475,HF,15.41,Hills,0.87,0,Medium,60.0,1
476,UHF,2460.63,Forest,3.03,0,Low,29.0,0
477,UHF,2806.95,Forest,0.5,1,High,83.0,0
478,SAT,1603.27,Snow,5.93,1,High,38.0,1
479,SAT,1856.04,Snow,0.5,0,High,100.0,0
480,HF,17.34,Urban,1.03,0,High,81.0,1
481,HF,6.64,Plain,9.47,1,Medium,75.0,1
482,UHF,999.7,Plain,8.51,1,High,43.0,0
483,SAT,1549.19,Mountains,4.81,1,Low,58.0,1
484,VHF,213.96,Mountains,6.28,1,Medium,60.0,0
485,HF,16.4,Plain,4.06,0,Low,49.0,0
486,SAT,1531.27,Forest,2.49,1,High,55.0,0
487,HF,11.2,Hills,1.38,1,Low,90.0,0
488,SAT,1908.13,Forest,11.96,1,High,41.0,0
489,VHF,122.49,Hills,11.44,0,Medium,64.0,0
490,SAT,1518.26,Forest,11.27,1,Low,44.0,0
491,VHF,107.68,Plain,12.17,0,High,24.0,0
492,VHF,51.91,Snow,7.23,0,High,76.0,0
493,HF,3.16,Hills,11.35,1,Medium,63.0,0
494,VHF,125.37,Plain,10.24,1,High,75.0,1
495,VHF,134.35,Urban,1.55,0,High,36.0,1
496,HF,27.69,Plain,9.31,0,Low,43.0,1
497,VHF,64.64,Plain,4.12,0,High,63.0,0
498,VHF,219.11,Snow,3.67,0,Low,70.0,0
499,SAT,1763.56,Plain,0.66,0,High,79.0,0
500,HF,16.43,Plain,9.54,1,Low,53.0,1
501,VHF,146.3,Mountains,1.91,1,High,65.0,1
502,VHF,160.69,Urban,1.18,0,High,91.0,1
503,SAT,2262.61,Forest,8.82,0,Low,47.0,1
504,SAT,1518.46,Urban,0.5,0,High,61.0,1
505,UHF,1188.76,Snow,1.11,1,Low,52.0,0
506,SAT,1840.29,Plain,3.38,0,Low,59.0,0
507,SAT,1594.74,Forest,11.0,1,Medium,83.0,0
508,VHF,32.89,Forest,2.84,0,High,43.0,1
509,VHF,224.13,Urban,0.95,0,Medium,38.0,0
510,SAT,2382.73,Snow,3.36,1,Medium,73.0,0
511,SAT,1810.96,Urban,4.96,0,High,85.0,1
512,VHF,206.32,Plain,10.32,1,Medium,26.0,0
513,HF,29.87,Hills,8.22,1,High,48.0,1
514,UHF,743.45,Forest,7.52,0,Medium,61.0,1
515,UHF,1046.99,Forest,3.39,1,High,56.0,0
516,HF,25.09,Plain,11.96,1,High,58.0,0
517,HF,3.09,Forest,10.54,1,Low,56.0,0
518,HF,19.0,Plain,7.16,1,Medium,40.0,0
519,HF,15.91,Hills,7.89,1,High,10.0,0
520,SAT,2220.72,Mountains,11.81,0,Low,54.0,1
521,VHF,172.82,Urban,2.1,1,Medium,50.0,0
522,HF,16.94,Snow,15.42,1,Low,25.0,0
523,SAT,2210.33,Hills,0.71,0,High,41.0,0
524,HF,17.85,Hills,10.54,1,Low,73.0,0
525,UHF,2962.62,Hills,1.29,0,High,51.0,0
526,UHF,2184.55,Forest,4.07,1,Medium,59.0,1
527,SAT,2306.85,Plain,4.27,0,High,34.0,0
528,HF,14.41,Forest,13.77,1,Low,67.0,1
529,SAT,2458.02,Mountains,1.59,0,Medium,99.0,0
530,UHF,1510.79,Forest,2.74,0,Low,65.0,0
531,HF,12.35,Snow,0.78,1,Low,64.0,0
532,HF,28.36,Plain,3.93,0,Low,60.0,1
533,HF,13.18,Snow,2.48,0,Low,42.0,0
534,UHF,1287.14,Hills,2.94,1,Medium,74.0,0
535,HF,18.02,Forest,0.5,1,Medium,53.0,0
536,SAT,2349.45,Urban,8.96,1,Low,89.0,1
537,UHF,1191.3,Plain,2.18,0,Low,91.0,0
538,UHF,2539.66,Hills,5.06,1,High,44.0,0
539,SAT,1662.97,Mountains,5.0,0,High,70.0,0
540,SAT,1672.58,Forest,5.06,1,Medium,43.0,0
541,SAT,1950.93,Mountains,1.33,1,Medium,78.0,0
542,VHF,101.09,Plain,0.55,0,High,37.0,0
543,SAT,1984.37,Forest,0.5,0,Low,60.0,1
544,SAT,1512.47,Urban,4.21,1,Low,65.0,0
545,VHF,104.72,Mountains,0.5,0,Low,70.0,1
546,VHF,285.84,Urban,2.54,1,Low,35.0,0
547,UHF,2674.02,Urban,10.45,0,Medium,64.0,1
548,HF,3.78,Urban,0.5,1,High,59.0,0
549,UHF,2471.7,Forest,5.26,0,Medium,32.0,1
550,VHF,149.85,Plain,2.8,0,Low,78.0,0
551,UHF,2505.48,Forest,9.82,0,Low,87.0,0
552,SAT,1780.1,Hills,6.79,1,Medium,56.0,1
553,SAT,2050.2,Plain,0.63,0,Medium,52.0,1
554,SAT,2486.12,Snow,1.73,0,Low,48.0,1
555,VHF,118.24,Forest,5.07,0,Low,100.0,0
556,SAT,2384.72,Hills,0.94,1,Low,74.0,0
557,VHF,266.86,Forest,8.09,0,Low,41.0,0
558,UHF,715.92,Snow,1.39,1,Medium,23.0,0
559,VHF,95.76,Hills,8.87,0,Medium,46.0,0
560,VHF,64.55,Urban,1.56,0,Medium,47.0,0
561,UHF,1077.67,Forest,1.23,1,Medium,60.0,0
562,UHF,1714.37,Mountains,14.2,0,Low,56.0,1
563,UHF,2805.81,Plain,5.06,1,Low,78.0,0
564,VHF,137.08,Mountains,3.88,0,High,10.0,0
565,HF,29.67,Hills,0.5,0,Low,66.0,1
566,UHF,1377.94,Mountains,1.65,0,Medium,73.0,0
567,SAT,2089.03,Urban,0.66,0,Medium,19.0,0
568,VHF,290.49,Forest,0.87,0,Low,38.0,0
569,SAT,2101.59,Snow,1.52,0,Medium,45.0,0
570,VHF,134.46,Snow,0.73,1,Low,65.0,0
571,VHF,171.89,Snow,11.49,0,High,47.0,1
572,SAT,2043.76,Plain,0.5,0,High,54.0,1
573,VHF,58.36,Plain,9.81,1,Low,39.0,0
574,UHF,1392.55,Urban,3.26,0,High,56.0,0
575,VHF,172.12,Hills,0.85,1,High,42.0,0
576,VHF,240.4,Mountains,3.74,1,High,37.0,0
577,SAT,1506.04,Mountains,9.87,0,High,58.0,1
578,VHF,249.75,Urban,11.03,0,Low,72.0,0
579,HF,10.3,Snow,2.2,1,High,60.0,1
580,SAT,2215.39,Plain,5.55,1,Low,50.0,0
581,VHF,238.53,Plain,0.5,0,Medium,75.0,0
582,VHF,262.1,Urban,3.46,0,Low,46.0,0
583,SAT,2451.86,Mountains,1.29,1,Low,53.0,1
584,HF,27.3,Mountains,1.78,0,High,78.0,1
585,VHF,200.96,Urban,3.12,0,Low,46.0,0
586,SAT,2225.45,Forest,12.24,1,Low,44.0,0
587,HF,21.96,Forest,8.67,0,High,70.0,0
588,UHF,1698.27,Plain,2.41,1,Medium,35.0,0
589,HF,23.75,Urban,3.25,0,Low,79.0,0
590,HF,15.23,Hills,10.36,0,Medium,16.0,0
591,UHF,2513.9,Plain,0.5,0,Low,56.0,0
592,VHF,230.83,Mountains,7.49,0,Medium,42.0,0
593,SAT,1989.82,Plain,0.93,0,High,62.0,1
594,UHF,1688.18,Plain,1.63,1,Low,84.0,1
595,SAT,2141.12,Plain,1.23,1,High,32.0,0
596,UHF,1199.32,Hills,4.01,0,Medium,27.0,0
597,HF,18.01,Urban,1.31,0,High,78.0,0
598,SAT,2399.93,Snow,3.05,1,Medium,50.0,0
599,VHF,113.98,Snow,0.5,1,Medium,53.0,0
600,VHF,216.14,Urban,1.9,0,Low,50.0,0
601,SAT,1539.85,Plain,6.21,0,Low,48.0,0
602,HF,6.46,Forest,2.85,1,Low,37.0,0
603,VHF,268.95,Forest,8.67,0,Low,50.0,1
604,SAT,2403.32,Forest,3.08,1,Low,38.0,1
605,UHF,1835.65,Plain,10.44,0,High,75.0,1
606,VHF,191.18,Plain,2.51,1,High,44.0,0
607,VHF,140.62,Urban,2.24,0,High,81.0,0
608,VHF,191.12,Hills,1.48,0,Low,68.0,0
609,UHF,2664.46,Mountains,3.1,1,Low,35.0,1
610,UHF,717.35,Snow,8.89,1,Medium,34.0,0
611,SAT,2000.55,Urban,6.26,0,High,51.0,1
612,UHF,2665.51,Plain,0.95,0,Medium,40.0,1
613,HF,4.92,Plain,12.97,0,Low,40.0,0
614,VHF,84.32,Forest,2.96,0,High,72.0,0
615,SAT,2012.86,Plain,1.26,0,High,60.0,0
616,UHF,1967.14,Snow,13.99,1,Low,80.0,0
617,HF,22.09,Plain,2.91,0,Medium,34.0,0
618,VHF,79.94,Forest,0.95,0,High,18.0,0
619,SAT,2097.85,Mountains,8.67,1,High,40.0,0
620,HF,12.27,Plain,3.47,1,Low,77.0,0
621,UHF,1154.27,Forest,1.1,0,Medium,42.0,1
622,HF,4.7,Snow,5.7,0,Low,88.0,0
623,VHF,63.48,Forest,20.08,1,High,44.0,0
624,HF,24.57,Hills,0.5,0,Low,67.0,0
625,VHF,153.33,Plain,2.85,0,High,54.0,1
626,VHF,232.25,Mountains,3.6,0,Low,16.0,1
627,VHF,250.75,Mountains,5.41,0,Low,42.0,0
628,HF,24.42,Urban,1.3,0,Low,65.0,0
629,SAT,2481.22,Snow,1.02,1,High,54.0,0
630,UHF,1000.02,Plain,6.77,1,Medium,46.0,0
631,SAT,1572.78,Forest,5.53,0,Low,52.0,1
632,VHF,171.12,Forest,1.41,1,Low,58.0,0
633,SAT,2463.32,Hills,0.5,1,High,10.0,1
634,SAT,1702.22,Forest,8.05,1,High,44.0,1
635,VHF,176.85,Forest,5.73,0,High,39.0,0
636,UHF,1405.94,Snow,10.59,1,High,69.0,0
637,HF,19.84,Urban,0.5,0,Low,70.0,0
638,UHF,1477.74,Snow,3.34,0,Low,58.0,0
639,HF,29.69,Forest,0.87,0,Low,57.0,1
640,SAT,2279.31,Hills,5.62,1,Low,15.0,0
641,HF,23.87,Hills,1.44,1,High,37.0,0
642,UHF,1290.69,Urban,1.53,1,Low,48.0,0
643,HF,23.66,Snow,6.27,0,High,53.0,0
644,VHF,170.88,Mountains,8.71,1,High,55.0,0
645,SAT,2357.28,Urban,12.07,1,High,16.0,0
646,UHF,2411.91,Snow,0.5,0,Medium,75.0,0
647,SAT,2170.14,Plain,8.22,1,Low,35.0,0
648,UHF,951.12,Urban,17.79,1,High,10.0,0
649,SAT,2073.72,Mountains,0.5,0,High,71.0,1
650,UHF,2711.32,Urban,12.16,0,High,37.0,0
651,SAT,2123.97,Plain,15.39,1,Medium,69.0,1
652,SAT,2331.8,Mountains,1.07,0,High,20.0,0
653,UHF,1740.84,Plain,1.85,0,Low,47.0,0
654,VHF,257.58,Mountains,1.78,0,High,36.0,0
655,HF,18.76,Snow,14.93,1,High,63.0,1
656,VHF,259.84,Mountains,0.5,1,High,37.0,0
657,UHF,1576.64,Snow,4.07,0,Medium,63.0,1
658,VHF,209.95,Mountains,4.33,1,Medium,47.0,0
659,HF,4.55,Plain,5.28,1,High,42.0,0
660,SAT,1937.82,Plain,1.27,0,High,73.0,0
661,SAT,1639.38,Plain,3.21,1,Medium,94.0,0
662,UHF,921.72,Mountains,2.66,0,High,48.0,1
663,VHF,176.15,Plain,2.62,0,Medium,40.0,0
664,VHF,175.98,Hills,2.03,1,Medium,52.0,0
665,HF,24.58,Snow,14.35,1,High,57.0,1
666,HF,15.83,Snow,5.27,0,High,19.0,0
667,UHF,2849.66,Hills,7.14,1,High,35.0,0
668,VHF,120.44,Urban,1.94,0,Medium,25.0,0
669,UHF,1539.36,Urban,0.5,0,Low,32.0,0
670,VHF,238.01,Forest,15.21,1,High,84.0,0
671,SAT,2157.1,Mountains,10.45,1,Medium,10.0,1
672,VHF,75.04,Hills,3.06,1,High,62.0,0
673,UHF,1701.28,Forest,2.44,0,Medium,48.0,0
674,VHF,50.46,Snow,2.94,1,Medium,60.0,0
675,HF,7.03,Mountains,1.57,0,Medium,32.0,1
676,VHF,58.24,Plain,4.77,1,High,46.0,0
677,VHF,55.66,Mountains,18.19,0,Low,79.0,1
678,SAT,1646.35,Plain,0.5,0,High,46.0,0
679,UHF,2704.19,Mountains,7.79,1,Low,83.0,0
680,HF,21.58,Plain,0.5,0,Low,10.0,0
681,SAT,2175.49,Plain,9.8,1,Low,66.0,1
682,UHF,2718.89,Mountains,0.79,1,Medium,56.0,0
683,UHF,2184.07,Hills,3.41,1,Medium,26.0,0
684,SAT,2108.88,Forest,3.55,0,Medium,73.0,1
685,SAT,2245.3,Plain,4.98,0,Medium,40.0,0
686,SAT,2197.85,Forest,4.65,0,Medium,60.0,0
687,HF,19.22,Forest,6.06,1,Medium,35.0,0
688,SAT,1607.65,Plain,9.44,1,High,45.0,0
689,UHF,489.52,Urban,0.5,1,Low,69.0,0
690,UHF,745.19,Forest,6.7,1,Low,100.0,0
691,VHF,197.75,Plain,0.5,0,Low,37.0,0
692,VHF,170.92,Mountains,7.89,0,Medium,80.0,1
693,SAT,2046.57,Urban,7.88,1,Medium,82.0,0
694,SAT,1885.6,Hills,1.06,0,Medium,68.0,0
695,HF,25.22,Mountains,1.17,1,Low,70.0,0
696,HF,23.04,Plain,0.5,1,Medium,41.0,0
697,UHF,438.94,Mountains,1.37,0,Low,36.0,1
698,SAT,1700.29,Hills,3.46,1,High,46.0,1
699,HF,17.73,Mountains,2.46,0,Medium,60.0,0
700,SAT,1691.29,Snow,1.27,0,Low,49.0,1
701,VHF,68.11,Forest,4.85,0,Medium,40.0,0
702,UHF,325.73,Forest,3.7,1,Medium,41.0,0
703,HF,29.54,Mountains,0.67,1,High,49.0,0
704,UHF,924.6,Forest,1.93,1,Medium,72.0,0
705,HF,14.41,Urban,14.15,1,Low,33.0,0
706,UHF,1992.72,Plain,5.6,0,Medium,66.0,1
707,VHF,96.48,Forest,15.07,0,Low,66.0,0
708,SAT,2313.96,Plain,3.04,0,High,45.0,1
709,VHF,189.98,Hills,0.5,1,Low,61.0,0
710,HF,21.49,Forest,7.86,0,High,79.0,1
711,SAT,1653.68,Mountains,0.5,1,High,49.0,0
712,HF,22.51,Snow,14.28,0,Low,40.0,1
713,UHF,443.03,Mountains,1.83,1,High,36.0,0
714,VHF,116.66,Hills,5.38,1,Medium,38.0,0
715,VHF,146.25,Hills,9.36,0,Low,71.0,0
716,UHF,556.84,Snow,3.06,1,High,54.0,0
717,SAT,2059.22,Plain,2.81,0,Low,23.0,0
718,UHF,1220.53,Forest,1.03,1,Low,80.0,0
719,HF,6.65,Snow,6.51,0,Low,51.0,0
720,UHF,1070.76,Mountains,2.07,0,Low,65.0,0
721,SAT,2080.25,Forest,4.94,0,Medium,67.0,1
722,HF,9.08,Mountains,1.42,1,High,38.0,0
723,HF,15.7,Urban,6.72,1,Medium,30.0,1
724,HF,21.64,Plain,5.96,0,Low,36.0,1
725,HF,19.51,Hills,0.5,0,High,51.0,0
726,SAT,2264.07,Snow,0.54,0,Low,64.0,0
727,HF,21.68,Snow,0.5,1,High,92.0,1
728,VHF,160.78,Urban,0.5,1,Medium,73.0,0
729,UHF,1703.15,Snow,0.5,1,Medium,16.0,0
730,UHF,1014.73,Plain,1.97,1,Low,52.0,0
731,HF,28.16,Mountains,7.26,0,Medium,10.0,0
732,VHF,273.52,Snow,3.81,1,Low,74.0,1
733,HF,25.04,Forest,0.56,0,High,51.0,0
734,HF,7.02,Hills,0.5,0,Medium,56.0,1
735,HF,23.85,Forest,0.55,1,High,50.0,0
736,SAT,2427.52,Forest,2.34,0,High,57.0,0
737,SAT,2409.81,Urban,1.81,0,Low,41.0,0
738,UHF,2743.65,Hills,6.19,1,Medium,57.0,0
739,SAT,2173.94,Snow,4.91,0,Medium,36.0,1
740,VHF,97.56,Forest,10.47,0,Low,61.0,1
741,VHF,188.1,Plain,14.81,1,High,60.0,0
742,SAT,1783.82,Mountains,0.5,0,Medium,65.0,0
743,VHF,246.22,Urban,1.29,1,Low,53.0,0
744,HF,7.65,Snow,0.5,0,High,76.0,1
745,VHF,88.43,Urban,1.83,1,Medium,91.0,0
746,VHF,101.57,Hills,4.55,0,Low,24.0,0
747,VHF,190.46,Mountains,1.55,0,Medium,30.0,0
748,VHF,188.75,Urban,1.05,0,Low,52.0,0
749,UHF,1783.09,Urban,2.45,1,High,46.0,1
750,UHF,692.3,Plain,0.5,1,High,64.0,0
751,SAT,1963.44,Urban,18.11,0,Low,65.0,1
752,VHF,280.69,Urban,17.07,0,High,61.0,1
753,UHF,2833.23,Mountains,0.72,1,Medium,22.0,0
754,SAT,1980.46,Hills,1.05,0,Medium,59.0,0
755,HF,10.08,Mountains,4.17,0,Low,92.0,0
756,VHF,298.02,Mountains,1.85,0,Medium,65.0,0
757,SAT,1719.96,Urban,0.5,1,Medium,54.0,0
758,SAT,2340.94,Urban,0.5,1,Medium,67.0,0
759,HF,10.96,Mountains,5.59,1,Low,38.0,0
760,HF,27.57,Snow,1.18,1,Low,63.0,1
761,SAT,1618.94,Hills,3.86,1,High,55.0,0
762,VHF,115.4,Forest,1.62,1,High,32.0,0
763,VHF,203.61,Plain,3.72,1,Low,60.0,0
764,UHF,555.62,Forest,34.2,0,High,56.0,0
765,SAT,1891.73,Plain,5.87,1,Medium,71.0,0
766,UHF,1362.94,Plain,2.13,0,Low,58.0,0
767,SAT,2011.22,Hills,16.8,0,High,59.0,1
768,SAT,1503.64,Hills,0.5,0,High,58.0,0
769,SAT,2151.27,Plain,0.94,0,Low,58.0,0
770,VHF,140.52,Snow,3.45,1,Low,78.0,0
771,VHF,95.37,Plain,1.73,0,High,69.0,1
772,SAT,1706.26,Mountains,6.36,1,Low,36.0,0
773,HF,23.93,Plain,0.5,0,Low,52.0,0
774,HF,10.73,Hills,1.6,0,High,27.0,0
775,SAT,2177.3,Mountains,9.68,1,Low,85.0,0
776,UHF,326.52,Plain,2.57,1,Low,41.0,0
777,VHF,291.98,Mountains,1.13,1,Low,40.0,0
778,UHF,517.05,Urban,3.66,0,High,92.0,0
779,UHF,1392.23,Plain,2.28,1,High,43.0,0
780,HF,21.03,Plain,1.66,0,High,36.0,0
781,HF,19.86,Hills,9.44,1,Low,68.0,1
782,UHF,2709.76,Mountains,9.53,1,High,55.0,0
783,UHF,2918.24,Mountains,2.71,0,High,37.0,1
784,UHF,2243.34,Plain,4.63,1,Low,62.0,0
785,HF,20.25,Plain,6.34,0,High,68.0,1
786,UHF,565.55,Hills,6.09,0,High,72.0,0
787,HF,14.9,Snow,2.02,1,Medium,60.0,1
788,VHF,80.49,Plain,5.41,1,High,73.0,1
789,VHF,132.5,Urban,12.52,0,Low,72.0,0
790,UHF,681.68,Hills,0.5,0,High,46.0,1
791,UHF,2420.46,Mountains,0.5,1,High,89.0,0
792,HF,16.85,Plain,9.57,0,Medium,68.0,1
793,VHF,59.85,Urban,4.61,1,Low,83.0,0
794,SAT,2020.81,Mountains,0.5,1,Low,52.0,0
795,VHF,118.94,Forest,7.26,0,Low,72.0,0
796,UHF,1653.66,Hills,0.56,1,High,60.0,0
797,HF,9.94,Hills,9.15,1,Low,74.0,0
798,HF,23.42,Hills,3.3,1,Medium,47.0,0
799,UHF,321.94,Mountains,1.72,1,Medium,44.0,0
800,HF,6.79,Hills,4.81,1,High,80.0,0
801,SAT,2071.34,Hills,0.96,0,High,60.0,1
802,HF,20.5,Mountains,3.86,0,High,75.0,0
803,SAT,1541.6,Urban,3.37,0,High,27.0,0
804,UHF,2098.99,Forest,1.37,1,Low,39.0,0
805,UHF,844.17,Forest,5.51,1,High,45.0,0
806,SAT,1647.51,Snow,2.16,1,Low,81.0,0
807,UHF,354.32,Plain,9.5,0,Medium,80.0,0
808,VHF,162.77,Forest,0.5,1,High,57.0,0
809,SAT,2252.36,Hills,7.35,0,Low,65.0,1
810,SAT,2095.47,Mountains,2.88,1,Low,58.0,0
811,UHF,2637.59,Plain,1.87,1,Low,35.0,1
812,SAT,2034.12,Mountains,13.97,0,Low,56.0,0
813,VHF,32.43,Hills,1.12,1,Medium,37.0,0
814,VHF,260.78,Snow,2.75,0,Low,47.0,1
815,SAT,2418.8,Forest,3.12,0,High,51.0,0
816,UHF,2657.86,Hills,1.77,0,Low,88.0,0
817,HF,8.13,Mountains,0.5,0,Medium,58.0,0
818,HF,29.74,Plain,11.78,1,High,47.0,0
819,VHF,289.55,Forest,11.22,0,Medium,67.0,0
820,HF,26.12,Forest,4.96,0,Medium,42.0,0
821,SAT,2081.32,Hills,1.96,0,Low,100.0,1
822,VHF,83.5,Forest,4.94,0,High,64.0,1
823,UHF,823.03,Hills,16.68,1,Low,10.0,0
824,VHF,170.08,Urban,10.74,0,High,39.0,0
825,VHF,270.99,Snow,0.91,1,High,91.0,0
826,HF,13.34,Hills,8.47,0,Medium,58.0,1
827,VHF,163.38,Snow,7.99,0,Medium,46.0,1
828,SAT,1919.2,Forest,12.46,0,Medium,63.0,0
829,HF,22.93,Urban,0.5,0,High,23.0,1
830,VHF,56.73,Snow,7.27,0,High,36.0,1
831,UHF,2244.28,Forest,3.95,0,High,27.0,0
832,UHF,2420.48,Snow,3.86,1,Low,48.0,0
833,HF,22.31,Mountains,2.15,0,High,87.0,1
834,HF,21.28,Snow,7.7,0,Medium,67.0,0
835,VHF,135.39,Mountains,2.76,0,Medium,65.0,1
836,HF,16.06,Urban,2.22,0,Medium,42.0,1
837,SAT,1711.84,Plain,16.14,1,High,71.0,1
838,HF,21.69,Mountains,3.11,0,Medium,39.0,0
839,VHF,86.44,Forest,7.86,1,Low,51.0,1
840,SAT,2057.97,Plain,0.75,0,Medium,70.0,0
841,VHF,231.68,Mountains,6.74,1,High,53.0,0
842,UHF,798.04,Mountains,5.56,1,Medium,73.0,0
843,SAT,1770.86,Hills,3.58,0,Low,51.0,0
844,UHF,1485.46,Forest,0.74,1,High,82.0,1
845,SAT,2147.15,Forest,0.64,0,Medium,63.0,0
846,UHF,1172.72,Mountains,5.64,0,Low,37.0,0
847,SAT,1677.83,Snow,9.68,0,High,44.0,0
848,VHF,72.01,Plain,4.19,0,High,51.0,0
849,SAT,1762.74,Hills,3.09,1,Medium,74.0,1
850,HF,13.92,Hills,3.67,0,Medium,92.0,1
851,UHF,550.95,Snow,0.85,0,Medium,25.0,0
852,UHF,2870.8,Plain,0.5,1,Medium,47.0,0
853,SAT,2498.97,Hills,8.83,1,Medium,80.0,0
854,SAT,2371.23,Hills,9.37,1,Low,54.0,0
855,HF,25.34,Mountains,7.0,0,Medium,52.0,1
856,VHF,145.86,Hills,7.38,1,High,66.0,0
857,VHF,121.01,Hills,1.2,1,High,28.0,0
858,SAT,1932.86,Plain,0.58,0,High,67.0,0
859,UHF,350.99,Hills,0.87,0,High,61.0,0
860,SAT,1659.75,Plain,5.09,0,Medium,59.0,0
861,VHF,177.54,Snow,2.53,1,Medium,77.0,0
862,UHF,2803.24,Mountains,0.5,0,Low,54.0,0
863,UHF,2803.73,Plain,15.02,1,Low,56.0,0
864,HF,22.29,Hills,1.31,1,Low,59.0,1
865,SAT,1984.9,Snow,0.5,1,Low,14.0,0
866,UHF,1022.54,Plain,2.42,1,Low,76.0,0
867,HF,14.18,Mountains,1.2,1,High,67.0,0
868,VHF,295.93,Snow,2.3,1,Medium,66.0,0
869,SAT,2357.21,Plain,13.93,1,High,62.0,1
870,UHF,1608.17,Forest,4.85,0,Low,82.0,1
871,HF,26.05,Snow,5.19,1,Medium,59.0,0
872,VHF,231.83,Hills,10.75,0,Low,51.0,0
873,HF,13.9,Mountains,0.6,1,Low,20.0,0
874,HF,16.34,Snow,0.53,1,Medium,30.0,0
875,HF,15.52,Mountains,9.67,0,Medium,49.0,0
876,SAT,1514.51,Urban,0.87,0,High,57.0,0
877,VHF,116.77,Forest,6.62,0,High,43.0,1
878,UHF,404.66,Hills,1.17,0,Medium,50.0,0
879,VHF,268.93,Snow,3.22,0,Low,37.0,0
880,UHF,1883.67,Mountains,2.43,1,Medium,74.0,0
881,SAT,1904.07,Snow,0.55,1,High,49.0,0
882,SAT,1599.65,Snow,5.56,0,Medium,79.0,0
883,SAT,1540.66,Snow,9.65,0,Low,50.0,0
884,SAT,1756.17,Snow,0.52,1,Low,62.0,0
885,SAT,1895.81,Snow,2.21,0,High,64.0,0
886,UHF,1916.73,Plain,0.5,1,Medium,58.0,0
887,SAT,1852.04,Hills,1.35,0,High,33.0,1
888,HF,15.99,Mountains,1.51,1,Medium,48.0,0
889,SAT,2179.91,Hills,8.49,1,High,13.0,0
890,VHF,41.8,Forest,6.97,1,Low,88.0,1
891,UHF,1717.08,Forest,8.9,1,Low,10.0,0
892,UHF,1068.93,Mountains,0.5,1,Medium,72.0,0
893,HF,24.11,Forest,0.71,0,Medium,57.0,0
894,VHF,117.19,Snow,1.81,0,High,20.0,1
895,HF,7.58,Snow,6.82,1,High,60.0,0
896,UHF,2431.43,Forest,0.5,1,High,33.0,0
897,UHF,2375.72,Urban,0.81,0,High,64.0,0
898,SAT,1963.93,Hills,3.44,1,High,54.0,0
899,VHF,79.75,Hills,0.5,0,Low,60.0,0
900,UHF,1576.99,Hills,0.55,0,Low,48.0,0
901,VHF,149.3,Hills,1.92,0,Low,82.0,0
902,HF,6.97,Snow,1.37,0,High,35.0,0
903,SAT,1862.93,Urban,2.24,0,High,42.0,0
904,HF,24.99,Hills,7.05,1,Low,52.0,1
905,SAT,2003.03,Forest,1.23,1,Low,53.0,0
906,UHF,649.41,Snow,4.91,1,High,32.0,1
907,HF,26.88,Forest,10.64,0,High,15.0,1
908,VHF,230.88,Forest,1.82,0,Low,62.0,0
909,UHF,1766.62,Mountains,0.5,1,Low,62.0,0
910,HF,10.22,Forest,4.99,0,High,89.0,0
911,VHF,56.12,Plain,6.31,0,Medium,80.0,0
912,UHF,2293.07,Urban,3.24,0,High,56.0,0
913,UHF,1993.69,Snow,2.79,1,Medium,41.0,0
914,SAT,2319.65,Snow,6.86,0,High,78.0,0
915,UHF,2160.57,Plain,2.69,0,Medium,38.0,0
916,UHF,717.25,Snow,0.5,0,Low,73.0,0
917,SAT,1952.45,Forest,11.03,0,Medium,26.0,0
918,HF,11.43,Urban,1.46,0,Low,94.0,1
919,SAT,2365.46,Urban,4.69,1,Low,34.0,0
920,HF,10.39,Hills,4.05,1,Medium,35.0,0
921,UHF,1637.4,Urban,3.6,0,Low,17.0,0
922,VHF,178.05,Forest,1.41,0,High,47.0,0
923,SAT,2125.36,Snow,6.74,0,Low,64.0,1
924,SAT,2135.25,Plain,1.41,1,Medium,43.0,1
925,VHF,204.32,Urban,13.98,0,Low,37.0,0
926,UHF,1259.52,Hills,4.11,1,High,26.0,0
927,SAT,2005.76,Snow,7.35,0,Medium,61.0,1
928,HF,4.58,Forest,6.82,0,Low,69.0,0
929,SAT,2027.47,Hills,17.26,0,High,58.0,0
930,SAT,2122.07,Hills,3.8,0,Low,69.0,0
931,SAT,2244.38,Urban,0.5,1,Low,31.0,0
932,SAT,1647.3,Hills,0.5,1,Medium,42.0,0
933,UHF,1973.7,Urban,2.21,1,Medium,51.0,0
934,VHF,118.39,Hills,2.23,0,Low,81.0,0
935,SAT,1903.81,Mountains,1.23,1,Low,80.0,0
936,HF,15.82,Snow,13.0,0,Low,71.0,0
937,VHF,64.81,Snow,3.2,0,High,70.0,1
938,HF,9.48,Forest,11.65,0,Medium,39.0,1
939,HF,4.71,Urban,0.5,1,Low,57.0,0
940,HF,29.3,Urban,2.14,0,Medium,22.0,0
941,SAT,1690.77,Forest,2.23,0,Low,70.0,0
942,SAT,2133.74,Urban,0.5,1,High,50.0,0
943,HF,6.12,Forest,5.21,0,High,96.0,1
944,HF,21.82,Plain,0.77,0,Low,60.0,0
945,HF,26.62,Mountains,2.13,1,High,40.0,1
946,UHF,1583.24,Urban,19.83,0,Low,50.0,0
947,VHF,215.35,Snow,13.31,1,Low,42.0,0
948,SAT,2160.66,Plain,1.51,0,Medium,43.0,1
949,UHF,2065.19,Snow,1.89,0,Medium,55.0,0
950,UHF,585.9,Snow,3.89,0,Medium,35.0,0
951,UHF,2505.12,Snow,1.68,0,Low,54.0,1
952,SAT,2086.05,Snow,6.47,0,Medium,16.0,0
953,UHF,912.65,Mountains,4.19,0,Low,58.0,1
954,SAT,1939.87,Hills,3.2,0,Medium,40.0,1
955,VHF,225.77,Snow,15.78,0,Low,28.0,0
956,UHF,2034.69,Mountains,1.23,1,Low,69.0,0
957,SAT,1652.62,Snow,9.78,0,Low,20.0,0
958,HF,19.22,Urban,6.49,1,High,67.0,0
959,VHF,167.31,Hills,1.12,1,High,64.0,0
960,HF,20.66,Hills,1.02,0,Low,37.0,0
961,UHF,2417.93,Plain,4.31,0,Low,50.0,0
962,UHF,1188.35,Forest,0.5,0,Medium,60.0,0
963,SAT,1908.92,Plain,3.28,0,Medium,60.0,0
964,HF,19.05,Hills,2.06,1,High,73.0,0
965,SAT,2282.13,Mountains,9.51,1,Low,70.0,1
966,UHF,1965.65,Urban,4.54,1,High,76.0,0
967,UHF,339.84,Snow,5.11,0,Low,78.0,1
968,SAT,2491.01,Plain,1.98,0,High,57.0,0
969,UHF,376.84,Hills,1.22,1,Low,49.0,1
970,UHF,2644.33,Mountains,3.85,0,Medium,53.0,0
971,VHF,274.53,Hills,14.48,0,Medium,48.0,0
972,HF,8.8,Plain,4.52,1,Low,84.0,1
973,VHF,239.32,Forest,0.5,0,Low,40.0,0
974,UHF,1587.28,Hills,16.58,0,High,78.0,1
975,VHF,142.74,Snow,8.97,0,High,45.0,0
976,SAT,1646.82,Mountains,10.75,0,Low,77.0,0
977,HF,15.43,Hills,3.01,1,Medium,70.0,0
978,UHF,2021.35,Plain,11.33,1,Low,54.0,0
979,HF,16.45,Urban,1.5,1,Low,60.0,1
980,HF,9.05,Snow,8.09,0,Medium,33.0,1
981,UHF,1614.85,Urban,4.74,1,Medium,67.0,0
982,SAT,2373.16,Snow,15.25,1,High,74.0,1
983,VHF,250.8,Hills,1.76,0,High,82.0,0
984,HF,8.18,Urban,0.66,1,Medium,49.0,1
985,HF,16.21,Snow,6.31,1,Low,99.0,0
986,SAT,2103.82,Urban,21.37,0,Medium,49.0,1
987,UHF,1736.49,Snow,0.79,0,Medium,46.0,0
988,SAT,2160.61,Urban,0.54,1,Low,52.0,1
989,SAT,2184.32,Plain,2.82,0,Low,52.0,0
990,SAT,1904.15,Snow,6.37,1,Medium,26.0,1
991,SAT,1741.93,Forest,4.54,0,Low,32.0,0
992,SAT,1942.23,Snow,14.08,0,High,31.0,1
993,UHF,591.69,Snow,8.28,0,Medium,60.0,0
994,UHF,2317.92,Plain,4.25,0,High,85.0,0
995,SAT,2275.56,Plain,2.24,0,Low,42.0,0
996,SAT,2443.23,Forest,9.02,1,High,52.0,0
997,VHF,272.72,Mountains,3.35,1,High,39.0,0
998,SAT,1627.31,Mountains,10.4,0,High,68.0,0
999,VHF,177.4,Forest,4.59,0,Medium,60.0,0
1000,VHF,220.49,Snow,6.14,1,Medium,73.0,0
1001,HF,25.36,Plain,0.5,0,Low,35.0,1
1002,SAT,1798.08,Forest,23.21,1,Low,54.0,0
1003,UHF,2964.7,Mountains,7.02,1,High,50.0,0
1004,UHF,1661.69,Forest,4.36,1,Medium,52.0,0
1005,HF,15.48,Forest,3.8,1,High,75.0,0
1006,SAT,1921.96,Snow,4.57,1,Medium,44.0,0
1007,UHF,780.61,Mountains,0.5,0,Medium,46.0,1
1008,SAT,2058.09,Urban,2.27,1,Low,39.0,0
1009,SAT,1624.67,Forest,0.5,1,Medium,98.0,0
1010,VHF,257.75,Hills,0.96,0,Medium,36.0,1
1011,UHF,430.0,Snow,2.02,0,Low,67.0,0
1012,UHF,2601.82,Mountains,5.58,1,Low,28.0,0
1013,SAT,2310.83,Mountains,13.34,0,Low,64.0,1
1014,UHF,1111.88,Snow,21.75,1,Low,32.0,0
1015,SAT,1535.65,Hills,6.95,0,Medium,58.0,1
1016,SAT,2384.46,Mountains,1.57,0,Medium,61.0,1
1017,SAT,2304.32,Plain,1.95,0,Medium,54.0,1
1018,VHF,201.36,Mountains,1.83,0,Medium,69.0,0
1019,SAT,1555.03,Hills,9.12,1,High,64.0,0
1020,SAT,2008.74,Mountains,7.45,0,Medium,41.0,1
1021,SAT,2434.06,Urban,0.5,1,Medium,65.0,0
1022,VHF,58.84,Mountains,3.41,1,High,60.0,0
1023,VHF,167.69,Plain,5.13,0,High,74.0,1
1024,SAT,2303.43,Snow,0.5,0,High,26.0,0
1025,SAT,2161.17,Plain,4.5,0,High,57.0,0
1026,SAT,1894.46,Mountains,14.18,0,High,57.0,1
1027,SAT,2392.0,Forest,0.5,0,Medium,48.0,1
1028,UHF,1723.12,Urban,0.94,0,Low,76.0,0
1029,HF,26.46,Mountains,0.55,0,Medium,41.0,1
1030,UHF,1951.39,Urban,2.3,0,Medium,69.0,1
1031,VHF,114.49,Plain,2.31,0,Low,41.0,0
1032,HF,27.27,Forest,15.58,0,Medium,82.0,0
1033,HF,26.75,Mountains,8.06,0,Medium,63.0,0
1034,VHF,112.81,Urban,5.07,1,Low,24.0,1
1035,HF,8.84,Hills,5.14,0,Medium,78.0,0
1036,VHF,294.27,Snow,5.49,1,Low,66.0,0
1037,UHF,1578.64,Mountains,0.94,1,Medium,57.0,0
1038,VHF,299.36,Hills,2.19,0,High,42.0,0
1039,SAT,1753.72,Plain,5.2,1,Low,38.0,0
1040,VHF,57.36,Forest,0.5,0,Medium,65.0,0
1041,VHF,32.07,Forest,3.37,1,High,24.0,0
1042,VHF,114.29,Mountains,9.06,0,Medium,41.0,1
1043,SAT,2084.82,Forest,3.94,0,Medium,69.0,0
1044,HF,9.72,Mountains,10.02,0,Medium,27.0,1
1045,SAT,2075.76,Urban,6.86,0,Low,28.0,1
1046,UHF,452.17,Urban,3.87,0,High,65.0,0
1047,VHF,292.03,Urban,2.36,1,High,50.0,0
1048,VHF,123.79,Snow,5.33,0,Medium,88.0,1
1049,HF,29.28,Mountains,3.44,1,Low,49.0,0
1050,HF,17.43,Snow,25.78,0,High,24.0,1
1051,VHF,155.89,Hills,4.71,1,High,78.0,0
1052,VHF,54.19,Plain,1.45,1,Low,28.0,0
1053,VHF,52.89,Hills,16.48,0,High,35.0,0
1054,HF,16.87,Hills,1.69,0,Medium,48.0,1
1055,SAT,1818.39,Forest,11.07,0,Medium,58.0,0
1056,UHF,802.82,Hills,3.39,1,Low,63.0,0
1057,VHF,66.55,Mountains,6.1,0,High,74.0,1
1058,VHF,180.84,Forest,1.13,1,High,10.0,1
1059,VHF,111.34,Snow,4.1,0,Medium,36.0,0
1060,SAT,2305.88,Forest,1.12,0,High,76.0,0
1061,VHF,54.27,Hills,1.36,1,High,37.0,0
1062,HF,3.22,Mountains,0.88,1,High,54.0,0
1063,VHF,284.33,Forest,2.98,0,Low,82.0,0
1064,UHF,346.6,Urban,3.61,1,Low,52.0,0
1065,UHF,2621.87,Forest,1.52,1,Low,50.0,0
1066,UHF,2676.99,Snow,4.75,1,High,52.0,0
1067,SAT,2446.83,Plain,1.58,1,High,81.0,0
1068,SAT,1994.79,Snow,3.68,1,High,23.0,0
1069,SAT,2123.76,Hills,5.79,1,Low,91.0,0
1070,UHF,1288.94,Urban,0.5,1,High,50.0,0
1071,SAT,2471.75,Hills,9.84,0,High,48.0,0
1072,VHF,227.59,Snow,2.21,0,Medium,39.0,0
1073,VHF,224.56,Plain,3.64,1,Medium,32.0,0
1074,SAT,1853.42,Snow,2.95,1,Medium,10.0,1
1075,HF,11.13,Hills,14.95,1,High,79.0,0
1076,HF,18.05,Urban,1.05,0,Medium,11.0,1
1077,UHF,519.53,Plain,4.93,0,Low,54.0,0
1078,VHF,143.11,Urban,8.82,1,Medium,46.0,0
1079,SAT,2031.99,Plain,2.8,1,Medium,61.0,0
1080,VHF,232.55,Plain,2.04,1,Medium,15.0,0
1081,VHF,184.35,Forest,0.6,0,Low,38.0,1
1082,SAT,1890.01,Snow,6.38,0,Low,64.0,0
1083,HF,3.75,Urban,7.71,1,Medium,59.0,0
1084,HF,22.13,Plain,1.88,1,Low,42.0,0
1085,HF,23.73,Plain,7.48,1,High,57.0,0
1086,VHF,260.64,Mountains,0.53,1,Low,89.0,0
1087,VHF,83.5,Snow,2.81,1,Medium,77.0,1
1088,HF,16.63,Urban,1.62,1,Low,74.0,0
1089,UHF,1543.09,Mountains,1.61,0,Medium,66.0,0
1090,HF,23.54,Plain,13.33,0,Medium,59.0,0
1091,VHF,165.81,Mountains,7.49,0,Low,41.0,0
1092,VHF,245.42,Hills,7.27,1,High,56.0,0
1093,VHF,52.38,Snow,3.4,0,High,94.0,1
1094,HF,4.45,Urban,4.86,0,Low,73.0,0
1095,VHF,102.01,Urban,7.71,1,Medium,48.0,0
1096,HF,15.81,Hills,1.55,0,Medium,13.0,1
1097,VHF,232.83,Snow,1.72,1,High,70.0,0
1098,SAT,1865.51,Hills,10.75,1,Low,74.0,1
1099,UHF,2301.03,Mountains,1.3,0,Low,44.0,0
1100,HF,25.45,Hills,5.7,0,Medium,42.0,0
1101,UHF,1656.92,Plain,12.56,0,Medium,16.0,0
1102,VHF,288.68,Hills,15.21,0,High,80.0,0
1103,SAT,1652.24,Mountains,1.81,1,Low,47.0,1
1104,VHF,109.83,Forest,15.0,0,Medium,60.0,0
1105,SAT,2497.56,Urban,0.74,0,High,33.0,0
1106,SAT,1666.76,Hills,1.39,0,Medium,26.0,0
1107,VHF,276.06,Snow,2.57,0,Low,85.0,0
1108,SAT,2420.22,Forest,7.13,1,High,47.0,0
1109,HF,20.26,Hills,0.5,0,Medium,40.0,0
1110,HF,4.32,Plain,1.26,0,High,100.0,1
1111,UHF,1675.27,Urban,3.24,0,Medium,75.0,0
1112,SAT,1569.22,Urban,0.5,0,High,41.0,0
1113,VHF,119.51,Forest,2.17,1,High,70.0,0
1114,SAT,1517.3,Hills,4.77,0,High,23.0,0
1115,UHF,423.82,Plain,7.41,1,Low,49.0,0
1116,VHF,218.25,Plain,3.47,0,Low,38.0,0
1117,VHF,295.21,Snow,2.97,0,Low,63.0,1
1118,HF,24.13,Mountains,2.02,1,High,88.0,0
1119,SAT,1896.02,Mountains,2.3,1,Low,21.0,0
1120,HF,12.11,Plain,3.88,0,High,92.0,0
1121,VHF,298.35,Plain,2.52,0,Low,70.0,0
1122,VHF,92.57,Forest,1.91,0,High,35.0,1
1123,VHF,40.44,Mountains,4.88,1,Medium,35.0,0
1124,SAT,1761.19,Hills,28.48,1,Low,41.0,0
1125,SAT,1841.68,Hills,1.74,0,Medium,38.0,0
1126,UHF,1617.61,Mountains,0.64,1,Low,38.0,0
1127,UHF,2184.16,Hills,0.8,1,Medium,19.0,0
1128,SAT,2156.07,Forest,4.67,0,Low,51.0,0
1129,UHF,1997.12,Snow,4.07,1,Medium,70.0,0
1130,SAT,2388.11,Hills,0.56,1,Low,44.0,0
1131,HF,18.68,Forest,2.64,1,High,61.0,0
1132,VHF,77.5,Hills,9.63,1,Low,78.0,0
1133,UHF,1274.62,Urban,3.25,0,Low,25.0,0
1134,UHF,2115.44,Hills,7.61,1,High,42.0,1
1135,SAT,2025.24,Hills,0.5,1,Medium,25.0,1
1136,UHF,1862.91,Mountains,3.38,1,Low,27.0,0
1137,HF,11.05,Snow,8.69,1,Low,82.0,1
1138,HF,10.78,Hills,4.61,0,High,45.0,1
1139,HF,15.16,Forest,0.61,0,Medium,64.0,0
1140,UHF,391.5,Forest,10.8,1,High,58.0,0
1141,HF,14.68,Forest,1.02,0,Medium,69.0,1
1142,HF,16.26,Forest,6.22,1,Medium,58.0,0
1143,VHF,46.26,Urban,0.5,0,Medium,57.0,1
1144,UHF,388.5,Snow,3.87,0,Low,25.0,0
1145,VHF,32.44,Plain,1.79,1,Low,56.0,1
1146,HF,12.77,Mountains,18.74,0,Low,55.0,1
1147,HF,16.45,Mountains,11.5,0,High,36.0,1
1148,VHF,76.65,Plain,2.91,0,Low,14.0,0
1149,SAT,2395.61,Forest,9.62,0,High,60.0,0
1150,HF,18.75,Plain,1.37,1,Medium,79.0,0
1151,UHF,1913.43,Snow,3.67,0,High,20.0,1
1152,UHF,477.59,Forest,8.82,1,Medium,52.0,0
1153,HF,5.17,Snow,5.77,0,High,10.0,0
1154,SAT,2004.71,Snow,2.98,0,Medium,68.0,1
1155,UHF,2358.8,Mountains,3.83,0,Low,79.0,1
1156,UHF,2564.42,Forest,1.72,0,High,53.0,1
1157,HF,17.61,Urban,4.15,1,Low,67.0,0
1158,HF,18.91,Forest,0.73,1,High,56.0,0
1159,UHF,1958.94,Urban,7.07,0,Low,36.0,1
1160,SAT,1810.41,Snow,26.43,1,Medium,52.0,1
1161,HF,29.34,Urban,0.5,0,Medium,54.0,1
1162,VHF,293.47,Plain,7.86,0,High,52.0,1
1163,HF,19.87,Plain,9.16,0,Low,62.0,0
1164,SAT,1878.8,Hills,0.5,0,High,58.0,1
1165,SAT,2349.59,Plain,4.39,0,Low,51.0,0
1166,SAT,1675.33,Forest,11.16,1,Medium,42.0,1
1167,HF,19.3,Hills,4.19,0,High,65.0,0
1168,VHF,243.07,Urban,4.44,0,Low,64.0,1
1169,SAT,1504.09,Plain,27.04,0,High,59.0,1
1170,HF,14.66,Hills,11.41,0,Low,38.0,0
1171,UHF,1007.25,Plain,5.03,0,Low,32.0,1
1172,UHF,2455.33,Forest,3.61,1,High,69.0,1
1173,SAT,2423.59,Mountains,1.07,1,Low,37.0,0
1174,UHF,767.77,Hills,9.29,0,High,48.0,0
1175,HF,7.85,Plain,1.68,1,Low,24.0,0
1176,UHF,2897.09,Hills,0.5,0,Low,64.0,1
1177,HF,16.82,Mountains,0.5,0,Medium,30.0,0
1178,UHF,564.08,Plain,1.1,0,Medium,29.0,0
1179,SAT,1576.05,Hills,8.4,0,High,35.0,0
1180,SAT,2464.31,Forest,18.35,1,Low,64.0,0
1181,SAT,1931.97,Plain,6.31,0,High,51.0,1
1182,UHF,2843.82,Forest,0.91,0,Medium,42.0,0
1183,UHF,1857.57,Snow,10.01,1,Medium,88.0,1
1184,VHF,224.99,Hills,8.3,1,Medium,65.0,0
1185,HF,10.53,Snow,9.45,1,Medium,15.0,0
1186,HF,4.82,Plain,1.0,1,Low,38.0,0
1187,SAT,2286.16,Snow,3.63,0,Medium,15.0,0
1188,SAT,1668.26,Snow,4.92,1,Medium,45.0,1
1189,HF,22.34,Plain,5.66,1,Medium,76.0,0
1190,SAT,1575.55,Plain,5.78,0,Medium,60.0,0
1191,UHF,1853.37,Forest,0.5,1,Medium,50.0,1
1192,UHF,2333.55,Mountains,16.06,0,Low,46.0,0
1193,VHF,35.17,Forest,4.33,0,High,61.0,1
1194,UHF,1348.69,Mountains,1.08,0,High,21.0,0
1195,UHF,1888.65,Forest,7.27,1,Low,53.0,1
1196,SAT,2298.3,Snow,0.5,0,High,58.0,1
1197,UHF,996.69,Plain,0.9,0,Medium,30.0,0
1198,SAT,2316.23,Urban,2.53,1,Medium,37.0,0
1199,HF,20.49,Forest,4.14,1,Low,94.0,0
1200,UHF,1236.25,Plain,2.7,0,Medium,66.0,1
