route_id,length_km,bridges_count,landslide_zone_km,rainfall_mm_24h,road_type,elevation_gain_m,cell_coverage_pct,ambush_cover_score_1to5,route_risk
1,88.0,0,16.8,58.0,Mixed,595.0,64.0,4,Low
2,107.0,2,11.0,24.0,Mixed,740.0,59.0,5,Low
3,137.2,5,0.8,130.0,Unpaved,578.0,15.0,1,Medium
4,123.3,3,3.2,100.0,Paved,0.0,65.0,5,Low
5,143.6,9,0.7,166.0,Paved,1544.0,31.0,5,High
6,163.1,3,20.4,170.0,Paved,410.0,34.0,2,Medium
7,112.0,8,7.0,229.0,Mixed,575.0,68.0,3,Medium
8,57.9,5,4.7,88.0,Paved,684.0,87.0,2,Low
9,23.9,5,10.0,155.0,Mixed,1115.0,75.0,1,Low
10,74.2,3,13.7,121.0,Unpaved,504.0,70.0,3,Medium
11,133.5,3,10.6,166.0,Unpaved,1440.0,63.0,5,High
12,37.0,1,17.7,157.0,Mixed,1925.0,77.0,2,Low
13,184.4,4,9.0,117.0,Paved,1782.0,97.0,1,Low
14,56.9,5,0.0,135.0,Mixed,952.0,41.0,2,Low
15,113.2,3,1.5,41.0,Mixed,454.0,41.0,5,Low
16,208.6,8,20.2,176.0,Mixed,438.0,73.0,4,Medium
17,109.1,4,1.4,5.0,Unpaved,578.0,12.0,2,Low
18,54.5,5,9.7,172.0,Paved,289.0,53.0,2,Low
19,10.0,4,2.3,42.0,Unpaved,1049.0,62.0,4,Medium
20,144.4,1,32.3,190.0,Paved,664.0,41.0,2,Medium
21,138.6,5,2.6,171.0,Unpaved,790.0,7.0,1,Medium
22,154.6,4,4.5,97.0,Mixed,615.0,90.0,3,Low
23,126.8,4,14.9,4.0,Paved,1071.0,40.0,1,Low
24,87.8,3,10.7,169.0,Unpaved,954.0,41.0,4,High
25,72.8,1,3.9,40.0,Unpaved,588.0,88.0,1,Low
26,122.5,3,12.0,200.0,Paved,711.0,0.0,1,Medium
27,179.4,3,39.1,45.0,Unpaved,710.0,93.0,5,High
28,10.0,3,1.6,37.0,Mixed,1202.0,100.0,4,Low
29,176.3,3,2.8,117.0,Unpaved,333.0,33.0,3,Medium
30,102.6,2,6.0,36.0,Mixed,521.0,43.0,3,Low
31,110.0,4,3.8,123.0,Paved,0.0,67.0,2,Low
32,161.7,4,3.8,16.0,Paved,155.0,61.0,4,Low
33,109.8,4,5.6,156.0,Mixed,658.0,80.0,4,Low
34,133.5,7,15.6,81.0,Paved,538.0,67.0,3,Low
35,22.0,5,4.4,282.0,Paved,0.0,76.0,2,Medium
36,103.4,3,3.0,149.0,Unpaved,1115.0,100.0,1,Low
37,150.4,4,8.0,158.0,Unpaved,272.0,15.0,3,High
38,96.5,8,20.5,144.0,Mixed,0.0,89.0,4,Medium
39,100.1,6,12.0,14.0,Paved,1019.0,92.0,3,Low
40,129.8,5,4.2,155.0,Unpaved,1300.0,28.0,5,High
41,145.9,3,35.8,0.0,Mixed,0.0,35.0,5,Medium
42,211.3,6,11.7,290.0,Paved,1209.0,68.0,3,Medium
43,146.4,5,1.5,6.0,Unpaved,671.0,24.0,5,Medium
44,201.1,1,11.9,42.0,Mixed,647.0,40.0,5,Medium
45,114.2,5,23.6,182.0,Paved,128.0,61.0,3,Medium
46,10.0,7,6.4,194.0,Mixed,707.0,38.0,1,Low
47,94.3,6,13.1,234.0,Paved,745.0,49.0,5,High
48,71.4,8,1.6,233.0,Mixed,2152.0,33.0,4,High
49,116.2,2,1.2,71.0,Unpaved,1113.0,31.0,4,Medium
50,100.7,8,9.9,0.0,Mixed,799.0,67.0,4,Low
51,135.8,2,5.1,158.0,Paved,1509.0,52.0,3,Low
52,79.8,5,6.2,61.0,Paved,1331.0,58.0,1,Low
53,132.9,4,3.7,103.0,Mixed,0.0,73.0,4,Low
54,142.2,4,6.1,133.0,Unpaved,1197.0,60.0,2,Medium
55,122.1,7,1.0,235.0,Paved,859.0,47.0,5,High
56,32.2,5,1.1,179.0,Mixed,380.0,33.0,3,Medium
57,173.6,2,5.9,105.0,Mixed,180.0,66.0,5,Low
58,157.2,3,6.0,74.0,Mixed,712.0,100.0,1,Low
59,108.5,3,20.5,55.0,Unpaved,794.0,77.0,1,Low
60,11.3,4,4.0,301.0,Mixed,1489.0,17.0,4,High
61,138.1,5,11.3,114.0,Mixed,0.0,4.0,2,Medium
62,88.3,2,3.6,174.0,Unpaved,45.0,37.0,2,Medium
63,87.0,1,3.7,219.0,Mixed,917.0,17.0,4,Medium
64,115.3,7,12.3,148.0,Paved,717.0,23.0,3,Medium
65,207.3,3,8.3,203.0,Mixed,866.0,0.0,5,High
66,128.8,4,4.7,112.0,Mixed,525.0,61.0,4,Low
67,113.4,5,6.6,220.0,Paved,949.0,26.0,3,Medium
68,88.7,3,18.6,224.0,Mixed,0.0,26.0,1,Medium
69,121.9,4,13.7,74.0,Mixed,2059.0,38.0,1,Low
70,119.9,3,27.3,128.0,Paved,1051.0,39.0,1,Low
71,156.2,6,20.9,175.0,Mixed,1074.0,48.0,3,Medium
72,88.1,4,11.1,166.0,Paved,160.0,20.0,3,Medium
73,71.3,5,2.1,141.0,Mixed,447.0,80.0,5,Medium
74,93.4,1,4.5,195.0,Paved,1107.0,62.0,1,Low
75,114.8,2,8.1,247.0,Paved,590.0,65.0,4,Medium
76,118.7,6,0.3,16.0,Mixed,961.0,44.0,3,Low
77,119.4,8,11.4,82.0,Unpaved,332.0,82.0,2,Medium
78,60.5,4,39.1,31.0,Paved,0.0,67.0,5,Medium
79,114.9,3,17.6,231.0,Paved,1467.0,60.0,1,Low
80,161.0,3,11.6,151.0,Paved,262.0,80.0,4,Low
81,196.3,4,11.3,123.0,Mixed,1346.0,13.0,5,High
82,179.1,5,22.7,121.0,Mixed,297.0,60.0,1,Low
83,116.4,4,3.7,49.0,Mixed,705.0,38.0,4,Low
84,110.5,3,5.9,170.0,Paved,568.0,37.0,3,Medium
85,194.6,5,10.8,244.0,Unpaved,674.0,75.0,2,Medium
86,113.4,3,8.5,192.0,Mixed,1255.0,89.0,1,Low
87,172.0,4,18.6,92.0,Unpaved,1779.0,87.0,5,High
88,118.3,8,4.6,68.0,Mixed,685.0,55.0,5,Medium
89,10.0,1,5.4,179.0,Paved,873.0,47.0,4,Medium
90,159.8,3,2.9,72.0,Mixed,638.0,86.0,5,Low
91,178.0,2,10.2,107.0,Paved,852.0,30.0,5,Medium
92,100.3,1,4.9,72.0,Unpaved,369.0,97.0,3,Low
93,50.6,3,8.0,157.0,Mixed,179.0,45.0,1,Low
94,211.3,1,0.6,41.0,Mixed,995.0,54.0,3,Low
95,111.2,2,12.2,307.0,Mixed,934.0,42.0,5,High
96,99.4,2,7.6,80.0,Mixed,1482.0,56.0,2,Low
97,146.9,4,13.6,45.0,Paved,830.0,32.0,1,Low
98,284.2,5,2.9,294.0,Unpaved,772.0,46.0,2,High
99,149.0,5,19.3,86.0,Mixed,1111.0,59.0,5,Medium
100,130.7,3,20.5,149.0,Unpaved,1391.0,52.0,1,Medium
101,124.2,4,5.7,245.0,Unpaved,705.0,0.0,2,High
102,219.2,5,1.0,82.0,Unpaved,0.0,100.0,2,Low
103,151.6,6,7.1,46.0,Unpaved,170.0,95.0,4,Medium
104,171.8,2,10.4,89.0,Mixed,1442.0,26.0,1,Low
105,138.2,7,9.1,73.0,Mixed,1823.0,39.0,2,Low
106,152.2,3,22.8,325.0,Mixed,1600.0,51.0,1,Medium
107,103.3,5,25.0,181.0,Mixed,537.0,72.0,4,Medium
108,130.2,5,9.7,143.0,Unpaved,603.0,67.0,1,Low
109,78.8,4,10.3,164.0,Unpaved,1244.0,28.0,2,Medium
110,89.5,6,1.4,67.0,Paved,1160.0,100.0,2,Low
111,149.4,4,5.0,145.0,Paved,0.0,45.0,4,Medium
112,77.8,3,4.0,123.0,Unpaved,826.0,100.0,3,Low
113,127.8,4,4.2,178.0,Paved,768.0,40.0,5,Medium
114,97.9,3,13.0,102.0,Unpaved,109.0,81.0,5,Medium
115,52.6,1,6.7,94.0,Paved,442.0,64.0,2,Low
116,133.7,4,7.0,33.0,Paved,958.0,34.0,1,Low
117,166.5,4,2.8,310.0,Paved,669.0,70.0,3,Medium
118,41.1,3,1.8,164.0,Paved,1359.0,60.0,4,Medium
119,156.5,4,5.3,82.0,Unpaved,1856.0,78.0,5,Medium
120,53.1,1,0.6,106.0,Paved,1367.0,36.0,3,Low
121,201.3,8,1.7,79.0,Unpaved,1068.0,53.0,4,Medium
122,154.0,4,17.1,282.0,Paved,711.0,75.0,2,Medium
123,41.1,4,5.8,144.0,Paved,1278.0,9.0,4,Medium
124,171.2,4,37.5,92.0,Paved,426.0,26.0,3,Medium
125,83.2,4,0.0,220.0,Unpaved,472.0,56.0,4,High
126,62.1,4,25.3,0.0,Mixed,61.0,60.0,1,Low
127,163.3,3,10.6,135.0,Unpaved,0.0,53.0,3,Medium
128,192.4,2,9.8,72.0,Mixed,1568.0,75.0,5,Low
129,148.6,3,18.3,99.0,Mixed,962.0,52.0,5,Medium
130,97.7,4,9.9,167.0,Unpaved,1119.0,81.0,2,Medium
131,130.2,5,0.4,60.0,Paved,724.0,63.0,3,Low
132,85.1,4,23.6,171.0,Paved,1934.0,27.0,1,Medium
133,109.5,5,20.6,69.0,Unpaved,1855.0,59.0,5,High
134,144.5,5,7.3,41.0,Mixed,790.0,53.0,1,Low
135,34.4,2,1.3,87.0,Unpaved,783.0,38.0,3,Medium
136,146.8,5,17.2,191.0,Paved,668.0,17.0,3,High
137,35.3,2,7.5,183.0,Mixed,131.0,26.0,1,Low
138,43.6,2,3.9,113.0,Mixed,554.0,34.0,5,Medium
139,159.2,4,50.1,143.0,Mixed,611.0,81.0,2,Medium
140,69.4,1,1.8,259.0,Unpaved,0.0,47.0,5,High
141,60.5,2,1.8,212.0,Unpaved,0.0,86.0,4,Medium
142,102.3,5,9.2,94.0,Mixed,761.0,29.0,4,Medium
143,84.5,6,3.1,8.0,Paved,1299.0,37.0,3,Low
144,133.9,4,5.3,189.0,Mixed,338.0,41.0,2,Low
145,130.5,4,2.8,109.0,Paved,1850.0,48.0,4,Low
146,60.9,7,15.3,6.0,Unpaved,631.0,61.0,1,Low
147,17.3,7,3.2,150.0,Unpaved,292.0,71.0,5,High
148,107.8,2,18.5,173.0,Paved,0.0,86.0,2,Low
149,186.0,4,13.3,71.0,Paved,859.0,0.0,2,Low
150,116.1,4,3.5,250.0,Unpaved,0.0,100.0,2,Medium
151,99.1,5,16.0,135.0,Unpaved,350.0,28.0,3,High
152,223.8,2,3.8,164.0,Unpaved,827.0,58.0,3,Medium
153,165.2,3,5.2,56.0,Unpaved,0.0,79.0,1,Low
154,16.3,4,0.8,143.0,Paved,486.0,71.0,1,Low
155,103.3,7,8.4,105.0,Mixed,815.0,83.0,3,Low
156,133.4,2,16.9,289.0,Unpaved,69.0,80.0,4,High
157,55.9,5,9.8,102.0,Paved,1191.0,65.0,5,Medium
158,102.4,6,8.0,125.0,Unpaved,1365.0,74.0,5,High
159,121.3,4,22.8,49.0,Mixed,194.0,24.0,2,Low
160,106.6,1,5.8,241.0,Paved,680.0,37.0,1,Low
161,47.4,9,54.7,101.0,Unpaved,725.0,31.0,4,High
162,208.1,4,6.2,38.0,Mixed,1008.0,0.0,5,Medium
163,136.0,3,10.3,183.0,Paved,621.0,32.0,2,Low
164,68.4,4,0.5,187.0,Paved,367.0,29.0,2,Low
165,172.6,2,12.0,91.0,Mixed,166.0,32.0,1,Low
166,115.1,2,3.8,49.0,Mixed,1302.0,72.0,5,Low
167,179.5,1,1.4,129.0,Unpaved,453.0,36.0,5,High
168,113.7,3,1.6,100.0,Unpaved,334.0,76.0,4,Medium
169,31.4,6,7.1,108.0,Mixed,1428.0,16.0,1,Low
170,56.0,4,8.9,169.0,Mixed,887.0,39.0,1,Low
171,188.5,4,12.1,181.0,Unpaved,187.0,45.0,3,High
172,182.0,1,5.9,139.0,Mixed,683.0,85.0,5,Low
173,40.2,2,20.0,52.0,Paved,218.0,57.0,3,Low
174,203.6,5,0.7,0.0,Mixed,92.0,62.0,4,Low
175,181.5,6,1.3,133.0,Mixed,473.0,28.0,2,Low
176,81.9,3,2.6,0.0,Mixed,677.0,76.0,1,Low
177,115.3,2,1.1,84.0,Unpaved,430.0,54.0,5,Medium
178,10.0,2,14.1,153.0,Paved,1125.0,11.0,3,Medium
179,78.0,4,4.5,152.0,Paved,1191.0,73.0,2,Low
180,107.3,1,9.3,122.0,Mixed,375.0,62.0,4,Low
181,138.6,2,14.5,140.0,Unpaved,695.0,46.0,5,High
182,113.1,5,7.9,166.0,Unpaved,517.0,46.0,5,High
183,128.3,1,7.6,38.0,Mixed,206.0,28.0,1,Low
184,61.9,6,6.0,62.0,Mixed,894.0,84.0,1,Low
185,139.4,6,11.9,170.0,Unpaved,0.0,73.0,3,Medium
186,221.0,3,7.5,157.0,Unpaved,224.0,29.0,3,High
187,146.4,5,5.2,109.0,Paved,102.0,56.0,4,Low
188,122.0,7,9.6,200.0,Mixed,258.0,37.0,2,Medium
189,75.6,7,32.6,232.0,Unpaved,149.0,23.0,4,High
190,98.6,4,16.5,84.0,Unpaved,0.0,94.0,5,Medium
191,41.3,3,5.9,200.0,Paved,625.0,46.0,3,Medium
192,33.3,4,9.4,109.0,Paved,577.0,34.0,4,Medium
193,115.8,5,5.0,9.0,Mixed,794.0,25.0,4,Low
194,153.3,3,7.3,146.0,Paved,941.0,49.0,1,Low
195,68.7,1,13.2,205.0,Mixed,1043.0,2.0,4,High
196,191.7,4,18.2,91.0,Paved,317.0,51.0,2,Low
197,86.3,4,0.6,220.0,Mixed,837.0,85.0,4,Medium
198,114.6,3,1.8,120.0,Mixed,643.0,78.0,2,Low
199,176.7,3,8.7,185.0,Mixed,735.0,67.0,2,Low
200,101.2,2,12.2,187.0,Unpaved,526.0,100.0,5,High
201,157.7,3,10.8,140.0,Mixed,319.0,61.0,4,Medium
202,154.4,5,2.9,284.0,Unpaved,653.0,32.0,3,High
203,79.6,2,10.6,234.0,Paved,514.0,76.0,5,Medium
204,81.2,4,6.2,11.0,Unpaved,980.0,58.0,1,Low
205,193.3,3,2.8,0.0,Unpaved,1367.0,56.0,4,Low
206,199.2,4,21.6,167.0,Unpaved,236.0,62.0,5,High
207,157.5,5,7.6,0.0,Paved,478.0,45.0,1,Low
208,67.9,5,19.8,132.0,Mixed,2191.0,100.0,5,Medium
209,172.1,6,5.4,209.0,Mixed,0.0,14.0,5,High
210,103.3,2,10.0,173.0,Paved,0.0,75.0,5,Medium
211,43.9,3,17.0,96.0,Mixed,1432.0,58.0,2,Low
212,81.8,2,4.0,219.0,Mixed,1948.0,66.0,4,Medium
213,106.6,2,19.5,120.0,Mixed,1672.0,45.0,1,Low
214,185.2,3,4.3,140.0,Mixed,988.0,93.0,4,Low
215,71.8,3,2.3,114.0,Paved,541.0,77.0,5,Low
216,62.1,4,13.5,178.0,Mixed,635.0,36.0,2,Medium
217,91.0,2,4.1,58.0,Mixed,1041.0,83.0,3,Low
218,112.7,2,30.7,126.0,Unpaved,1361.0,63.0,5,High
219,160.4,3,16.3,175.0,Unpaved,1122.0,40.0,3,High
220,154.2,4,2.6,276.0,Mixed,0.0,13.0,2,Medium
221,10.0,1,43.1,180.0,Unpaved,94.0,74.0,2,High
222,98.7,3,4.5,0.0,Mixed,967.0,37.0,3,Low
223,127.4,7,8.2,175.0,Mixed,0.0,68.0,2,Low
224,67.8,1,0.8,99.0,Unpaved,0.0,92.0,3,Low
225,73.2,3,0.4,190.0,Mixed,1325.0,35.0,2,Low
226,157.5,3,3.5,39.0,Unpaved,955.0,89.0,3,Low
227,161.0,2,0.1,71.0,Paved,1729.0,26.0,3,Low
228,109.4,5,3.3,119.0,Unpaved,1383.0,92.0,4,Medium
229,144.1,4,7.4,123.0,Paved,426.0,100.0,2,Low
230,147.8,8,11.7,191.0,Unpaved,948.0,77.0,4,High
231,54.2,2,2.9,186.0,Paved,325.0,66.0,4,Medium
232,55.0,4,5.2,65.0,Mixed,0.0,77.0,3,Low
233,96.4,3,4.8,233.0,Mixed,1517.0,47.0,5,High
234,78.4,3,4.0,153.0,Unpaved,683.0,22.0,3,Medium
235,84.2,3,4.9,65.0,Mixed,1609.0,37.0,2,Low
236,114.3,6,6.7,0.0,Unpaved,865.0,100.0,3,Low
237,114.5,3,2.2,228.0,Mixed,967.0,26.0,1,Low
238,10.0,4,6.2,98.0,Mixed,1146.0,79.0,2,Low
239,125.7,4,3.0,90.0,Mixed,690.0,52.0,5,Medium
240,104.9,6,0.7,189.0,Mixed,658.0,46.0,1,Low
241,133.5,3,2.4,50.0,Unpaved,945.0,97.0,3,Low
242,81.5,3,27.2,104.0,Mixed,1548.0,57.0,3,Medium
243,81.9,3,7.0,92.0,Unpaved,1103.0,78.0,5,Medium
244,96.6,9,40.5,132.0,Paved,810.0,100.0,3,Medium
245,184.1,2,2.6,173.0,Mixed,554.0,50.0,5,Medium
246,95.0,5,3.5,194.0,Mixed,729.0,67.0,1,Low
247,186.6,2,10.2,177.0,Paved,282.0,73.0,5,Medium
248,178.6,5,4.4,230.0,Unpaved,211.0,47.0,5,High
249,99.7,6,4.5,86.0,Unpaved,657.0,67.0,2,Low
250,89.3,6,18.6,163.0,Unpaved,804.0,83.0,4,High
251,91.4,2,0.3,104.0,Unpaved,1236.0,75.0,2,Low
252,111.4,4,11.0,130.0,Mixed,122.0,58.0,4,Medium
253,86.5,5,21.2,129.0,Paved,806.0,0.0,1,Medium
254,164.1,5,1.9,39.0,Paved,1056.0,19.0,1,Low
255,81.3,2,5.2,153.0,Paved,211.0,100.0,3,Low
256,171.8,1,16.6,145.0,Paved,524.0,31.0,2,Low
257,64.1,5,7.7,139.0,Paved,1256.0,84.0,3,Low
258,20.0,2,4.4,116.0,Mixed,765.0,24.0,3,Low
259,12.2,3,9.8,0.0,Mixed,0.0,31.0,4,Low
260,87.6,3,3.9,148.0,Unpaved,1265.0,72.0,2,Low
261,71.5,2,9.8,179.0,Mixed,853.0,94.0,2,Low
262,68.8,3,1.6,258.0,Unpaved,0.0,71.0,3,Medium
263,179.0,6,2.6,166.0,Mixed,273.0,64.0,3,Low
264,76.1,8,0.1,327.0,Mixed,724.0,21.0,3,High
265,10.0,4,2.0,141.0,Paved,987.0,2.0,4,Medium
266,153.9,5,1.4,156.0,Unpaved,1417.0,44.0,4,High
267,200.2,6,9.1,125.0,Unpaved,259.0,59.0,5,High
268,147.0,1,28.9,104.0,Unpaved,529.0,54.0,1,Medium
269,79.8,7,2.4,180.0,Unpaved,1330.0,100.0,2,Medium
270,130.3,5,1.4,228.0,Unpaved,1427.0,16.0,2,High
271,71.8,3,7.7,177.0,Mixed,606.0,47.0,1,Low
272,61.7,3,2.0,156.0,Paved,480.0,97.0,3,Low
273,108.1,6,7.8,115.0,Mixed,1100.0,71.0,2,Low
274,116.6,5,7.0,137.0,Mixed,0.0,28.0,2,Low
275,107.8,9,0.2,138.0,Mixed,792.0,0.0,3,Medium
276,220.3,3,33.3,157.0,Paved,784.0,45.0,2,Medium
277,122.6,7,2.2,148.0,Unpaved,519.0,30.0,4,High
278,177.6,3,22.5,76.0,Paved,1083.0,44.0,1,Low
279,253.9,6,4.8,240.0,Unpaved,1455.0,100.0,4,High
280,91.6,7,1.7,280.0,Unpaved,214.0,30.0,4,High
281,128.9,2,1.1,137.0,Paved,363.0,39.0,2,Low
282,169.0,3,7.1,147.0,Paved,1200.0,78.0,4,Low
283,127.3,7,4.5,182.0,Unpaved,0.0,62.0,5,High
284,103.4,2,25.0,88.0,Mixed,481.0,92.0,4,Low
285,260.6,3,2.2,176.0,Unpaved,2101.0,75.0,2,Low
286,191.9,3,12.9,107.0,Paved,913.0,38.0,3,Low
287,10.0,6,2.1,116.0,Paved,630.0,68.0,3,Low
288,201.4,2,20.5,53.0,Mixed,0.0,58.0,2,Low
289,216.0,2,7.1,111.0,Mixed,0.0,11.0,4,Medium
290,191.7,4,17.8,156.0,Unpaved,1438.0,100.0,1,Low
291,165.0,2,5.8,262.0,Unpaved,102.0,28.0,4,High
292,213.1,4,1.9,123.0,Unpaved,827.0,52.0,4,Medium
293,173.0,3,7.8,104.0,Unpaved,1565.0,43.0,1,Low
294,154.7,2,3.2,171.0,Unpaved,501.0,58.0,4,Medium
295,128.0,3,2.0,222.0,Unpaved,524.0,60.0,4,High
296,55.7,2,23.4,237.0,Mixed,1218.0,69.0,5,High
297,37.6,6,8.0,40.0,Unpaved,1613.0,43.0,5,High
298,166.4,2,16.1,147.0,Mixed,1308.0,82.0,2,Low
299,165.3,2,15.0,268.0,Paved,1682.0,38.0,4,High
300,117.4,5,0.0,53.0,Mixed,0.0,42.0,3,Low
301,68.6,6,21.7,155.0,Unpaved,1053.0,12.0,3,High
302,52.2,6,14.8,160.0,Mixed,1570.0,61.0,2,Low
303,98.3,2,3.1,45.0,Unpaved,1070.0,93.0,5,Medium
304,162.1,4,2.6,178.0,Mixed,714.0,49.0,2,Low
305,254.3,3,0.6,183.0,Mixed,65.0,99.0,2,Low
306,118.5,3,1.0,102.0,Unpaved,360.0,28.0,3,Medium
307,137.3,4,2.2,56.0,Mixed,1700.0,21.0,5,Medium
308,187.6,6,0.0,237.0,Unpaved,778.0,90.0,5,High
309,116.2,6,3.8,62.0,Unpaved,422.0,51.0,4,Medium
310,142.1,4,25.5,242.0,Paved,0.0,31.0,2,Medium
311,169.3,5,8.1,166.0,Unpaved,1080.0,62.0,4,High
312,186.1,4,8.7,128.0,Paved,317.0,63.0,1,Low
313,123.2,4,2.7,237.0,Paved,781.0,79.0,3,Low
314,91.2,3,2.6,122.0,Mixed,1835.0,47.0,1,Low
315,132.2,3,4.6,139.0,Paved,1278.0,21.0,1,Low
316,18.2,4,3.0,190.0,Paved,1586.0,48.0,1,Low
317,137.6,5,19.5,94.0,Unpaved,886.0,55.0,5,High
318,172.0,3,2.0,157.0,Paved,1228.0,83.0,4,Low
319,221.9,4,11.2,58.0,Mixed,1598.0,17.0,4,Medium
320,175.5,4,6.7,184.0,Mixed,303.0,46.0,2,Low
321,10.0,3,11.3,92.0,Mixed,778.0,62.0,2,Low
322,203.5,3,18.0,161.0,Mixed,387.0,94.0,2,Low
323,208.0,4,4.2,382.0,Mixed,435.0,38.0,1,Medium
324,64.8,4,7.8,85.0,Paved,711.0,35.0,3,Low
325,96.0,1,6.9,254.0,Paved,228.0,72.0,3,Medium
326,206.3,4,4.7,133.0,Unpaved,578.0,0.0,3,High
327,123.3,4,16.7,197.0,Mixed,1212.0,41.0,4,High
328,84.7,4,0.1,211.0,Mixed,742.0,70.0,5,Medium
329,74.9,2,3.7,194.0,Paved,335.0,64.0,3,Low
330,278.1,2,17.8,157.0,Paved,1272.0,60.0,3,Low
331,167.2,7,20.6,10.0,Unpaved,250.0,14.0,5,High
332,103.3,5,11.8,205.0,Mixed,137.0,23.0,2,Medium
333,205.7,2,4.2,144.0,Mixed,1521.0,89.0,4,Low
334,114.6,2,17.3,91.0,Paved,1307.0,53.0,4,Medium
335,192.7,3,0.9,101.0,Unpaved,596.0,50.0,5,Medium
336,154.9,7,3.1,46.0,Unpaved,1937.0,35.0,1,Low
337,99.7,0,1.0,150.0,Mixed,461.0,55.0,4,Low
338,149.9,0,1.2,108.0,Unpaved,1209.0,43.0,1,Low
339,152.3,5,9.0,117.0,Paved,0.0,76.0,2,Low
340,168.0,3,0.7,192.0,Unpaved,191.0,29.0,4,High
341,217.7,5,11.4,119.0,Mixed,1417.0,76.0,4,Low
342,252.7,5,4.3,157.0,Paved,1652.0,96.0,2,Low
343,144.7,3,0.6,112.0,Unpaved,710.0,70.0,3,Low
344,10.0,1,3.4,155.0,Mixed,2168.0,24.0,3,Low
345,172.6,4,5.1,86.0,Mixed,1585.0,76.0,2,Low
346,104.4,3,4.6,47.0,Paved,382.0,43.0,5,Low
347,18.5,6,7.1,115.0,Unpaved,573.0,42.0,1,Medium
348,161.4,0,7.0,113.0,Paved,0.0,58.0,5,Low
349,146.4,2,4.5,99.0,Unpaved,534.0,49.0,5,High
350,71.7,6,22.9,160.0,Paved,944.0,43.0,4,High
351,48.8,6,2.5,231.0,Paved,824.0,72.0,1,Low
352,203.7,7,4.2,38.0,Paved,818.0,58.0,5,Medium
353,150.4,8,8.1,188.0,Unpaved,1398.0,7.0,3,High
354,72.5,0,2.8,251.0,Mixed,900.0,81.0,5,Medium
355,159.8,5,1.6,191.0,Unpaved,1211.0,85.0,3,Medium
356,94.8,3,0.1,155.0,Unpaved,1068.0,70.0,3,Medium
357,152.7,4,29.1,164.0,Paved,972.0,72.0,1,Low
358,138.8,5,15.3,190.0,Unpaved,1353.0,49.0,4,High
359,10.0,5,22.0,0.0,Mixed,1281.0,25.0,3,Low
360,126.5,5,0.4,0.0,Unpaved,124.0,59.0,2,Low
361,110.0,3,0.8,150.0,Paved,1891.0,94.0,4,Low
362,75.6,3,8.0,143.0,Paved,872.0,62.0,2,Low
363,44.2,5,0.2,235.0,Paved,230.0,97.0,3,Low
364,106.9,3,3.2,135.0,Paved,761.0,98.0,3,Low
365,98.8,3,36.0,91.0,Unpaved,957.0,54.0,1,Medium
366,159.1,3,4.4,37.0,Unpaved,1153.0,43.0,2,Low
367,111.3,4,38.8,110.0,Unpaved,1376.0,44.0,5,High
368,125.3,2,1.3,88.0,Unpaved,1261.0,52.0,5,Medium
369,139.6,5,4.9,160.0,Unpaved,1903.0,31.0,4,High
370,92.2,1,0.1,185.0,Mixed,863.0,69.0,4,Low
371,60.2,3,9.0,59.0,Paved,705.0,79.0,3,Low
372,252.8,9,4.2,196.0,Unpaved,0.0,9.0,2,High
373,115.3,4,7.0,0.0,Unpaved,1382.0,100.0,1,Low
374,107.4,2,15.8,229.0,Mixed,1166.0,42.0,1,Low
375,204.8,1,8.0,78.0,Mixed,461.0,48.0,4,Low
376,233.2,4,10.9,214.0,Paved,946.0,63.0,5,High
377,206.7,4,6.4,90.0,Mixed,794.0,34.0,3,Low
378,96.6,0,13.8,155.0,Paved,905.0,40.0,3,Low
379,140.8,4,9.2,102.0,Mixed,635.0,34.0,5,Medium
380,155.1,6,20.1,187.0,Mixed,868.0,55.0,2,Medium
381,254.2,2,14.1,71.0,Mixed,0.0,40.0,5,Medium
382,145.2,5,2.6,35.0,Unpaved,557.0,64.0,4,Medium
383,147.9,6,7.4,181.0,Mixed,985.0,22.0,5,High
384,59.2,1,20.8,101.0,Unpaved,377.0,66.0,3,Medium
385,44.7,2,19.6,259.0,Paved,1033.0,27.0,1,Medium
386,201.3,6,6.5,173.0,Mixed,2039.0,80.0,2,Low
387,140.7,7,3.8,221.0,Unpaved,107.0,75.0,4,High
388,146.8,4,2.4,226.0,Paved,0.0,2.0,1,Medium
389,184.4,8,2.2,108.0,Paved,1524.0,76.0,5,Medium
390,171.1,1,1.6,140.0,Unpaved,2056.0,0.0,1,Medium
391,163.3,9,79.0,163.0,Paved,1023.0,26.0,2,High
392,158.2,1,10.9,85.0,Unpaved,804.0,81.0,2,Low
393,128.3,7,3.8,97.0,Mixed,413.0,41.0,2,Low
394,132.5,4,3.5,143.0,Paved,1124.0,94.0,3,Low
395,175.0,6,3.6,224.0,Unpaved,791.0,73.0,2,Medium
396,63.7,4,20.6,144.0,Unpaved,1310.0,44.0,4,High
397,57.0,1,7.2,163.0,Paved,0.0,41.0,5,Medium
398,124.9,5,3.2,186.0,Unpaved,996.0,93.0,4,Medium
399,128.9,5,16.0,222.0,Mixed,300.0,43.0,5,High
400,163.5,3,13.9,189.0,Mixed,1368.0,8.0,3,Medium
401,106.7,5,6.3,122.0,Unpaved,113.0,32.0,3,Medium
402,73.3,2,11.7,118.0,Unpaved,1178.0,58.0,4,Medium
403,156.1,5,13.4,0.0,Paved,451.0,35.0,2,Low
404,200.8,3,0.5,81.0,Mixed,539.0,100.0,3,Low
405,141.9,6,20.8,179.0,Mixed,1310.0,39.0,5,High
406,32.8,2,3.4,71.0,Unpaved,322.0,39.0,5,Medium
407,136.5,5,39.7,78.0,Unpaved,0.0,30.0,4,High
408,10.0,5,23.9,205.0,Unpaved,844.0,77.0,4,High
409,117.5,2,0.2,62.0,Unpaved,403.0,48.0,2,Low
410,10.0,3,9.7,80.0,Paved,0.0,75.0,2,Low
411,94.2,4,33.6,81.0,Unpaved,1010.0,84.0,4,High
412,150.7,5,8.3,43.0,Unpaved,974.0,64.0,1,Low
413,102.9,5,9.6,87.0,Mixed,870.0,63.0,1,Low
414,188.9,8,26.7,0.0,Unpaved,1105.0,25.0,5,High
415,133.1,2,8.5,307.0,Mixed,0.0,17.0,2,Medium
416,52.6,4,2.8,119.0,Unpaved,342.0,18.0,1,Medium
417,174.0,5,6.2,143.0,Paved,967.0,57.0,2,Low
418,161.4,3,4.3,0.0,Mixed,1422.0,100.0,5,Low
419,196.4,7,1.8,75.0,Unpaved,944.0,41.0,3,Medium
420,162.6,4,2.4,141.0,Unpaved,1501.0,81.0,4,Medium
421,148.2,7,0.6,41.0,Unpaved,394.0,68.0,2,Low
422,60.4,5,1.8,198.0,Unpaved,431.0,56.0,5,High
423,168.8,2,3.0,150.0,Mixed,577.0,49.0,1,Low
424,111.2,5,14.2,111.0,Unpaved,750.0,44.0,5,High
425,168.4,0,4.6,135.0,Unpaved,0.0,44.0,2,Low
426,253.8,5,11.7,98.0,Unpaved,787.0,70.0,5,High
427,192.4,4,55.6,0.0,Mixed,779.0,77.0,4,Medium
428,137.1,3,8.7,152.0,Paved,432.0,44.0,5,Medium
429,124.4,6,9.5,41.0,Paved,339.0,44.0,5,Medium
430,94.9,4,8.0,137.0,Unpaved,963.0,40.0,4,High
431,10.0,4,5.0,213.0,Unpaved,1154.0,80.0,5,High
432,122.8,1,2.1,128.0,Paved,887.0,77.0,2,Low
433,89.2,1,37.9,146.0,Paved,886.0,92.0,1,Low
434,139.3,0,6.5,62.0,Paved,778.0,35.0,1,Low
435,89.0,2,27.5,34.0,Paved,809.0,40.0,1,Low
436,133.3,5,3.0,208.0,Mixed,1208.0,96.0,4,Medium
437,194.8,3,1.1,199.0,Unpaved,1773.0,88.0,4,Medium
438,129.4,2,10.1,226.0,Paved,1696.0,30.0,4,Medium
439,54.8,1,19.1,291.0,Mixed,150.0,33.0,2,Medium
440,70.2,3,10.9,101.0,Mixed,0.0,61.0,3,Low
441,161.4,4,13.6,163.0,Mixed,1118.0,86.0,2,Low
442,165.2,3,9.4,219.0,Paved,813.0,32.0,1,Low
443,67.7,4,13.7,278.0,Mixed,764.0,57.0,1,Medium
444,118.3,4,4.2,218.0,Unpaved,1029.0,82.0,3,Medium
445,174.3,6,4.9,75.0,Unpaved,653.0,50.0,4,Medium
446,223.2,2,15.2,257.0,Mixed,0.0,53.0,1,Low
447,130.6,5,16.2,201.0,Paved,115.0,91.0,2,Low
448,108.1,3,0.9,159.0,Paved,152.0,45.0,5,Medium
449,97.8,3,0.2,106.0,Paved,1200.0,87.0,3,Low
450,128.6,2,11.0,249.0,Unpaved,1931.0,51.0,5,High
451,203.3,5,0.9,336.0,Mixed,518.0,28.0,3,High
452,128.7,3,1.9,129.0,Unpaved,2361.0,69.0,3,Medium
453,150.0,4,2.2,152.0,Unpaved,0.0,40.0,2,Medium
454,34.7,2,7.1,177.0,Mixed,495.0,26.0,1,Low
455,215.7,3,2.2,66.0,Paved,910.0,100.0,4,Low
456,200.2,1,2.0,142.0,Paved,0.0,65.0,1,Low
457,102.2,5,0.1,185.0,Unpaved,1713.0,47.0,5,High
458,113.7,4,14.5,276.0,Paved,385.0,47.0,1,Medium
459,190.8,2,1.5,128.0,Paved,820.0,93.0,5,Low
460,296.7,3,8.4,174.0,Unpaved,1069.0,95.0,4,Medium
461,18.9,3,3.6,94.0,Mixed,0.0,41.0,4,Low
462,89.3,6,2.0,203.0,Paved,2259.0,62.0,3,Medium
463,96.3,4,4.3,131.0,Unpaved,880.0,46.0,1,Low
464,182.5,2,3.0,206.0,Mixed,596.0,74.0,2,Low
465,141.3,0,5.7,91.0,Paved,133.0,46.0,2,Low
466,89.3,4,11.7,30.0,Paved,923.0,7.0,4,Medium
467,35.0,5,0.5,86.0,Mixed,0.0,29.0,4,Medium
468,180.7,5,2.0,248.0,Paved,884.0,81.0,5,Medium
469,108.0,2,0.8,128.0,Mixed,1638.0,37.0,1,Low
470,50.5,3,34.4,132.0,Mixed,1499.0,75.0,5,High
471,79.1,4,8.5,161.0,Mixed,467.0,64.0,3,Low
472,94.5,3,17.2,145.0,Unpaved,633.0,37.0,1,Medium
473,102.0,3,3.1,175.0,Unpaved,1125.0,51.0,4,High
474,57.3,4,22.6,151.0,Unpaved,1509.0,39.0,4,High
475,58.1,9,9.9,364.0,Mixed,1720.0,45.0,1,High
476,262.2,3,5.2,235.0,Paved,1778.0,10.0,3,Medium
477,139.8,4,9.2,205.0,Mixed,240.0,52.0,5,High
478,95.3,6,1.4,197.0,Unpaved,1252.0,41.0,3,High
479,142.7,4,3.8,170.0,Mixed,0.0,57.0,2,Low
480,129.6,2,7.7,119.0,Mixed,522.0,68.0,1,Low
481,65.6,4,10.2,189.0,Mixed,95.0,71.0,4,Medium
482,10.0,7,2.4,51.0,Mixed,108.0,41.0,2,Low
483,88.1,4,48.1,58.0,Mixed,945.0,39.0,3,Medium
484,109.0,2,17.9,117.0,Mixed,385.0,51.0,3,Low
485,113.4,4,8.7,167.0,Mixed,972.0,82.0,4,Medium
486,10.1,1,36.2,89.0,Mixed,75.0,42.0,2,Low
487,268.8,2,7.2,176.0,Paved,1090.0,38.0,3,Medium
488,264.2,2,29.4,43.0,Unpaved,542.0,27.0,5,High
489,146.7,6,13.9,121.0,Paved,625.0,68.0,5,Medium
490,121.5,3,2.5,31.0,Mixed,20.0,48.0,5,Low
491,86.1,4,5.2,154.0,Unpaved,1411.0,30.0,2,Medium
492,154.7,2,3.0,258.0,Unpaved,884.0,35.0,4,High
493,113.0,4,12.8,145.0,Paved,1124.0,72.0,1,Low
494,195.1,3,14.6,216.0,Unpaved,34.0,59.0,5,High
495,174.8,2,11.5,213.0,Mixed,1205.0,38.0,4,Medium
496,69.0,4,7.9,124.0,Unpaved,825.0,69.0,3,Medium
497,78.7,7,5.1,185.0,Paved,502.0,81.0,1,Low
498,178.2,2,41.5,51.0,Paved,1626.0,71.0,3,Low
499,161.7,5,0.3,126.0,Paved,1045.0,60.0,2,Low
500,53.2,3,1.3,143.0,Paved,1072.0,97.0,2,Low
501,92.6,6,9.1,76.0,Mixed,0.0,88.0,2,Low
502,110.8,6,14.1,148.0,Paved,1449.0,57.0,4,Medium
503,117.8,1,31.6,92.0,Mixed,1069.0,80.0,3,Low
504,115.7,3,6.7,207.0,Unpaved,1543.0,71.0,2,Medium
505,174.0,5,3.1,53.0,Paved,444.0,42.0,2,Low
506,128.7,4,19.9,85.0,Unpaved,372.0,95.0,2,Low
507,124.8,2,5.8,140.0,Mixed,1769.0,97.0,3,Low
508,74.6,5,1.4,69.0,Paved,1375.0,85.0,2,Low
509,130.1,5,7.4,260.0,Paved,0.0,71.0,1,Low
510,118.3,2,7.5,0.0,Paved,810.0,79.0,3,Low
511,91.2,5,2.6,88.0,Mixed,1414.0,47.0,2,Low
512,51.0,8,1.5,156.0,Paved,907.0,82.0,3,Low
513,196.6,4,1.5,260.0,Paved,470.0,23.0,5,High
514,226.8,4,17.3,28.0,Paved,399.0,47.0,1,Low
515,134.7,4,7.0,69.0,Unpaved,839.0,0.0,3,Medium
516,206.1,6,13.3,99.0,Mixed,1413.0,65.0,1,Low
517,133.8,4,32.8,247.0,Paved,203.0,81.0,4,High
518,36.8,3,15.7,192.0,Mixed,0.0,96.0,2,Low
519,138.0,0,1.7,84.0,Mixed,557.0,50.0,4,Low
520,99.6,1,5.4,221.0,Paved,1070.0,61.0,4,Medium
521,148.6,2,6.9,162.0,Paved,1203.0,55.0,4,Medium
522,214.2,1,12.1,149.0,Paved,192.0,100.0,3,Low
523,89.6,6,33.5,169.0,Unpaved,962.0,63.0,1,Medium
524,143.3,4,3.4,75.0,Mixed,417.0,100.0,2,Low
525,171.7,10,19.7,164.0,Mixed,1241.0,86.0,3,Medium
526,201.3,2,0.7,120.0,Paved,721.0,74.0,2,Low
527,179.1,3,20.6,333.0,Unpaved,1303.0,41.0,1,High
528,53.1,7,11.9,255.0,Unpaved,840.0,28.0,4,High
529,53.0,5,0.3,126.0,Paved,1100.0,57.0,5,Medium
530,165.9,4,9.4,170.0,Unpaved,534.0,57.0,2,Medium
531,96.9,2,26.8,69.0,Unpaved,374.0,26.0,3,High
532,61.0,2,5.7,164.0,Paved,629.0,82.0,4,Low
533,191.3,4,1.2,59.0,Unpaved,1170.0,60.0,2,Low
534,97.8,3,44.8,104.0,Mixed,2314.0,70.0,3,Medium
535,217.8,5,5.4,181.0,Mixed,1556.0,97.0,2,Low
536,93.6,2,7.5,63.0,Mixed,1712.0,36.0,5,Medium
537,75.2,6,34.2,71.0,Unpaved,737.0,3.0,3,High
538,116.1,3,8.8,81.0,Paved,478.0,40.0,3,Low
539,165.5,4,11.3,132.0,Paved,0.0,98.0,3,Low
540,137.6,4,12.4,237.0,Mixed,441.0,55.0,1,Low
541,233.5,3,14.0,222.0,Unpaved,0.0,50.0,2,High
542,130.3,6,16.1,109.0,Unpaved,1261.0,42.0,1,Medium
543,109.4,2,0.8,235.0,Mixed,682.0,55.0,2,Low
544,210.5,3,27.2,137.0,Paved,8.0,41.0,5,High
545,155.7,1,7.9,151.0,Unpaved,1128.0,43.0,2,Medium
546,95.2,5,7.6,136.0,Mixed,990.0,81.0,4,Low
547,134.3,3,18.0,188.0,Paved,120.0,100.0,5,Medium
548,133.1,2,3.7,79.0,Unpaved,1708.0,34.0,3,Medium
549,107.7,5,10.7,106.0,Mixed,348.0,42.0,3,Low
550,130.9,1,3.8,218.0,Unpaved,1158.0,41.0,5,High
551,42.7,2,14.3,110.0,Unpaved,725.0,95.0,1,Low
552,98.6,1,5.7,93.0,Paved,1788.0,74.0,3,Low
553,145.9,8,2.1,34.0,Paved,1353.0,49.0,2,Low
554,88.3,5,24.0,177.0,Unpaved,141.0,42.0,3,High
555,66.5,3,14.0,64.0,Paved,1892.0,94.0,3,Low
556,117.6,5,0.1,253.0,Mixed,40.0,56.0,2,Low
557,91.6,4,0.7,179.0,Paved,164.0,54.0,3,Low
558,40.7,3,4.8,47.0,Mixed,1774.0,1.0,2,Low
559,42.2,2,15.1,154.0,Mixed,783.0,75.0,3,Low
560,144.5,4,3.2,94.0,Unpaved,987.0,55.0,4,Medium
561,125.4,3,46.8,187.0,Paved,1054.0,58.0,2,Medium
562,138.8,4,25.1,120.0,Paved,154.0,58.0,3,Medium
563,102.1,5,20.0,299.0,Mixed,1928.0,79.0,1,Medium
564,29.2,6,0.1,296.0,Paved,2117.0,0.0,4,High
565,67.6,2,33.2,103.0,Mixed,0.0,25.0,4,High
566,100.7,2,9.0,130.0,Unpaved,530.0,100.0,1,Low
567,146.2,1,8.9,196.0,Paved,1208.0,24.0,4,Medium
568,15.1,2,1.0,100.0,Unpaved,733.0,36.0,2,Low
569,10.0,1,9.4,101.0,Unpaved,474.0,86.0,4,Medium
570,206.9,3,7.5,32.0,Mixed,1137.0,56.0,5,Low
571,155.9,3,7.8,42.0,Paved,1196.0,56.0,3,Low
572,67.4,3,2.1,200.0,Paved,1815.0,95.0,4,Low
573,105.9,2,7.8,148.0,Paved,0.0,41.0,3,Low
574,94.7,2,0.8,93.0,Mixed,195.0,42.0,3,Low
575,137.4,4,0.2,191.0,Unpaved,348.0,74.0,2,Medium
576,89.6,3,2.4,0.0,Mixed,2238.0,59.0,2,Low
577,51.1,5,16.2,123.0,Unpaved,1706.0,81.0,4,Medium
578,149.4,3,9.3,142.0,Mixed,965.0,39.0,5,Medium
579,228.9,4,22.5,57.0,Paved,750.0,60.0,5,Medium
580,151.8,4,4.9,183.0,Mixed,1065.0,53.0,2,Low
581,124.5,2,4.3,205.0,Mixed,1505.0,45.0,2,Low
582,107.1,5,12.0,150.0,Unpaved,648.0,23.0,1,Medium
583,72.7,7,5.2,97.0,Mixed,964.0,44.0,3,Low
584,95.5,4,4.8,82.0,Mixed,598.0,42.0,3,Low
585,143.5,6,6.3,139.0,Paved,0.0,86.0,3,Low
586,191.2,6,1.2,88.0,Paved,0.0,69.0,1,Low
587,193.9,2,2.3,149.0,Unpaved,385.0,66.0,3,Medium
588,130.2,3,9.2,215.0,Unpaved,576.0,50.0,5,High
589,131.2,8,9.4,190.0,Mixed,1062.0,33.0,3,Medium
590,123.1,6,8.9,122.0,Paved,961.0,61.0,2,Low
591,154.3,4,2.2,172.0,Mixed,0.0,90.0,1,Low
592,122.9,5,5.7,142.0,Paved,806.0,34.0,4,Medium
593,123.9,4,25.4,163.0,Unpaved,472.0,66.0,2,Medium
594,68.4,4,19.7,154.0,Unpaved,650.0,44.0,1,Medium
595,67.0,1,8.2,294.0,Paved,848.0,55.0,3,Medium
596,78.5,2,23.1,168.0,Mixed,1569.0,51.0,3,Medium
597,134.4,3,11.2,226.0,Unpaved,524.0,66.0,5,High
598,101.6,3,5.3,54.0,Unpaved,1807.0,51.0,3,Low
599,274.9,4,15.0,199.0,Paved,20.0,42.0,3,Medium
600,143.3,7,3.6,119.0,Mixed,274.0,16.0,3,Medium
601,214.2,2,19.3,171.0,Paved,742.0,61.0,3,Medium
602,209.1,5,4.0,149.0,Unpaved,99.0,70.0,5,High
603,145.5,3,15.8,0.0,Mixed,8.0,57.0,5,Low
604,117.5,3,3.3,274.0,Mixed,844.0,53.0,3,Medium
605,66.1,4,24.9,43.0,Paved,5.0,92.0,5,Medium
606,83.9,6,2.0,60.0,Paved,224.0,96.0,5,Low
607,170.4,4,12.7,115.0,Unpaved,751.0,82.0,2,Low
608,136.2,6,5.3,85.0,Paved,1822.0,63.0,4,Low
609,81.5,3,0.2,87.0,Mixed,685.0,57.0,4,Low
610,107.6,3,4.0,154.0,Paved,878.0,29.0,4,Medium
611,139.8,4,2.3,163.0,Paved,110.0,7.0,5,High
612,121.5,3,8.1,120.0,Paved,171.0,89.0,4,Low
613,105.7,3,3.0,126.0,Paved,0.0,58.0,2,Low
614,116.7,4,0.8,118.0,Unpaved,210.0,100.0,4,Medium
615,10.0,4,30.6,126.0,Paved,1259.0,40.0,3,Medium
616,121.1,4,18.7,200.0,Mixed,455.0,66.0,5,High
617,56.5,6,0.5,271.0,Paved,891.0,81.0,3,Medium
618,141.8,2,3.2,184.0,Mixed,934.0,39.0,1,Low
619,128.0,5,10.0,315.0,Paved,1242.0,48.0,5,High
620,164.9,7,3.9,0.0,Paved,1796.0,50.0,3,Low
621,165.5,3,3.3,111.0,Unpaved,1164.0,45.0,1,Low
622,223.2,2,9.1,78.0,Mixed,657.0,65.0,2,Low
623,10.0,2,2.2,248.0,Paved,1278.0,56.0,3,Medium
624,112.4,5,10.5,193.0,Paved,982.0,4.0,4,High
625,10.0,5,0.9,149.0,Mixed,0.0,58.0,2,Low
626,149.4,5,3.9,207.0,Mixed,80.0,64.0,2,Low
627,110.0,1,1.2,251.0,Paved,665.0,54.0,1,Low
628,91.8,3,3.5,78.0,Unpaved,449.0,96.0,3,Low
629,136.0,4,11.5,78.0,Unpaved,726.0,64.0,4,Medium
630,56.8,4,14.4,123.0,Mixed,0.0,56.0,5,Medium
631,230.9,5,1.6,161.0,Paved,1305.0,78.0,5,Medium
632,105.3,2,13.7,187.0,Unpaved,770.0,100.0,3,Medium
633,124.6,2,0.9,147.0,Unpaved,1530.0,51.0,3,Medium
634,112.3,0,2.4,155.0,Paved,815.0,81.0,1,Low
635,175.3,4,6.9,196.0,Unpaved,921.0,100.0,5,High
636,47.9,1,35.5,183.0,Unpaved,179.0,49.0,4,High
637,169.7,4,36.3,131.0,Paved,77.0,26.0,4,High
638,88.9,5,6.5,199.0,Paved,880.0,66.0,4,Medium
639,89.4,2,16.3,113.0,Unpaved,801.0,89.0,1,Low
640,172.8,5,8.1,136.0,Unpaved,0.0,48.0,4,High
641,103.9,7,13.9,294.0,Mixed,1364.0,82.0,4,High
642,156.8,5,10.6,64.0,Unpaved,830.0,34.0,5,High
643,157.9,3,11.9,164.0,Unpaved,496.0,49.0,4,High
644,99.1,5,5.8,149.0,Paved,278.0,53.0,3,Low
645,134.0,1,17.9,222.0,Paved,1254.0,52.0,3,Medium
646,91.0,0,5.9,311.0,Unpaved,383.0,34.0,2,High
647,118.8,5,12.2,229.0,Unpaved,942.0,47.0,1,Medium
648,148.4,6,20.4,160.0,Unpaved,699.0,6.0,5,High
649,62.6,4,10.7,176.0,Unpaved,482.0,72.0,2,Medium
650,146.4,4,7.1,96.0,Mixed,21.0,56.0,2,Low
651,139.1,7,7.5,176.0,Mixed,1581.0,84.0,1,Low
652,30.7,3,12.3,225.0,Mixed,197.0,53.0,1,Low
653,75.2,4,1.0,256.0,Mixed,283.0,10.0,2,Medium
654,78.5,5,10.1,110.0,Mixed,1603.0,63.0,4,Medium
655,93.3,5,4.7,189.0,Mixed,739.0,38.0,3,Medium
656,62.6,3,1.5,58.0,Mixed,992.0,82.0,2,Low
657,176.3,6,24.4,123.0,Paved,1708.0,50.0,1,Low
658,183.6,2,6.9,121.0,Unpaved,1694.0,100.0,2,Low
659,72.7,2,6.1,249.0,Paved,471.0,33.0,3,Medium
660,50.7,2,7.8,0.0,Mixed,1491.0,61.0,5,Low
661,119.2,3,9.7,266.0,Unpaved,0.0,70.0,3,High
662,199.8,5,2.2,45.0,Mixed,0.0,47.0,5,Low
663,249.3,8,9.8,128.0,Unpaved,827.0,22.0,1,Medium
664,79.5,4,4.3,277.0,Unpaved,749.0,50.0,5,High
665,10.0,5,12.5,0.0,Paved,1189.0,10.0,4,Medium
666,30.8,3,14.8,53.0,Unpaved,1126.0,38.0,2,Medium
667,13.1,4,0.1,206.0,Paved,1215.0,51.0,2,Low
668,145.0,2,12.6,18.0,Mixed,1761.0,80.0,4,Low
669,125.9,3,4.3,304.0,Paved,1978.0,62.0,3,Medium
670,133.0,4,3.6,127.0,Mixed,1327.0,45.0,1,Low
671,187.6,5,4.7,157.0,Unpaved,787.0,43.0,4,High
672,217.7,4,8.6,159.0,Unpaved,677.0,41.0,2,Medium
673,170.6,2,1.2,114.0,Unpaved,791.0,78.0,5,Medium
674,164.1,3,12.0,230.0,Paved,456.0,18.0,3,Medium
675,31.6,3,5.9,50.0,Mixed,1354.0,34.0,3,Low
676,89.5,2,1.7,106.0,Mixed,1424.0,18.0,4,Medium
677,203.1,6,7.1,140.0,Unpaved,419.0,70.0,2,Medium
678,87.0,2,8.5,104.0,Mixed,701.0,93.0,2,Low
679,186.3,2,4.3,12.0,Unpaved,0.0,69.0,1,Low
680,127.4,6,23.0,170.0,Paved,746.0,71.0,1,Low
681,167.0,4,11.9,115.0,Unpaved,823.0,42.0,4,High
682,67.7,2,10.8,100.0,Unpaved,136.0,67.0,4,Medium
683,165.8,4,0.5,297.0,Mixed,483.0,36.0,2,Medium
684,81.6,2,7.0,183.0,Paved,108.0,41.0,4,Medium
685,133.8,3,19.0,84.0,Paved,0.0,54.0,3,Low
686,118.3,5,11.0,121.0,Paved,1689.0,56.0,5,Medium
687,191.5,4,2.7,78.0,Unpaved,0.0,100.0,2,Low
688,169.9,3,19.7,79.0,Mixed,868.0,77.0,3,Low
689,14.1,3,4.6,73.0,Paved,1386.0,58.0,5,Low
690,71.4,2,24.7,146.0,Unpaved,1653.0,98.0,2,Medium
691,81.8,1,7.2,73.0,Unpaved,163.0,100.0,2,Low
692,161.5,5,15.4,50.0,Mixed,1567.0,55.0,2,Low
693,90.3,3,9.5,8.0,Unpaved,897.0,65.0,3,Low
694,54.6,6,3.4,158.0,Unpaved,1144.0,24.0,2,Medium
695,38.1,5,10.6,168.0,Mixed,1856.0,59.0,4,Medium
696,163.6,7,0.1,112.0,Unpaved,1167.0,38.0,4,High
697,10.0,1,18.0,178.0,Unpaved,243.0,8.0,3,High
698,183.3,2,33.8,0.0,Unpaved,0.0,80.0,3,Medium
699,42.8,2,2.3,15.0,Paved,1184.0,58.0,2,Low
700,93.1,5,21.5,134.0,Paved,1044.0,33.0,4,Medium
701,49.9,1,1.8,182.0,Unpaved,323.0,9.0,2,Medium
702,64.9,3,6.8,100.0,Unpaved,910.0,40.0,5,High
703,106.6,4,3.5,185.0,Unpaved,0.0,38.0,2,Medium
704,111.8,2,2.1,174.0,Mixed,1016.0,52.0,4,Medium
705,27.2,2,14.1,258.0,Paved,0.0,11.0,3,High
706,95.7,5,16.4,82.0,Unpaved,1526.0,66.0,5,High
707,126.2,5,18.2,114.0,Mixed,2060.0,71.0,4,Medium
708,148.1,7,0.1,154.0,Mixed,973.0,22.0,3,Medium
709,10.0,5,18.8,173.0,Unpaved,1033.0,13.0,1,High
710,91.3,5,0.5,0.0,Paved,1153.0,80.0,5,Low
711,10.0,3,5.9,139.0,Mixed,966.0,51.0,2,Low
712,89.5,2,1.9,155.0,Unpaved,142.0,71.0,3,Medium
713,94.2,3,23.7,100.0,Unpaved,1648.0,58.0,2,Medium
714,157.7,3,8.6,279.0,Paved,1070.0,53.0,2,Medium
715,178.4,5,6.3,141.0,Paved,1136.0,81.0,3,Low
716,58.7,2,5.9,83.0,Unpaved,1405.0,76.0,1,Low
717,137.7,7,5.2,230.0,Mixed,1379.0,65.0,5,High
718,159.3,1,6.4,124.0,Paved,1541.0,66.0,1,Low
719,75.2,9,8.3,145.0,Unpaved,1073.0,44.0,4,High
720,166.4,0,17.0,139.0,Paved,284.0,69.0,1,Low
721,128.2,3,2.7,231.0,Mixed,1050.0,94.0,1,Low
722,103.6,4,16.3,103.0,Paved,785.0,81.0,1,Low
723,128.5,9,17.7,86.0,Mixed,275.0,8.0,2,Medium
724,25.2,8,19.1,58.0,Mixed,1671.0,66.0,2,Low
725,128.4,4,28.4,128.0,Unpaved,710.0,68.0,3,High
726,69.3,3,31.4,146.0,Unpaved,937.0,83.0,2,Medium
727,121.7,6,1.1,122.0,Mixed,363.0,86.0,3,Low
728,95.7,6,21.0,109.0,Unpaved,767.0,67.0,1,Medium
729,137.3,4,18.7,89.0,Mixed,1358.0,24.0,2,Low
730,191.5,2,4.7,246.0,Unpaved,2028.0,52.0,2,Medium
731,127.6,4,11.8,65.0,Mixed,0.0,35.0,4,Medium
732,180.0,2,26.1,2.0,Mixed,813.0,26.0,5,Medium
733,58.6,5,1.0,138.0,Unpaved,0.0,90.0,5,Medium
734,206.0,5,4.4,268.0,Unpaved,542.0,43.0,1,Medium
735,59.2,4,36.5,186.0,Unpaved,870.0,100.0,1,Medium
736,44.8,5,7.9,174.0,Paved,898.0,45.0,5,High
737,103.5,4,1.0,203.0,Unpaved,1783.0,37.0,3,High
738,93.3,3,32.5,96.0,Mixed,664.0,70.0,3,Medium
739,25.1,4,23.3,83.0,Unpaved,1737.0,53.0,5,High
740,52.3,3,16.4,139.0,Mixed,948.0,62.0,4,Medium
741,10.0,4,15.8,205.0,Unpaved,494.0,42.0,2,High
742,38.9,5,6.7,96.0,Mixed,914.0,42.0,4,Medium
743,80.4,6,20.8,84.0,Mixed,877.0,43.0,4,Medium
744,209.4,3,3.6,125.0,Paved,919.0,29.0,4,Medium
745,162.8,4,4.4,209.0,Paved,381.0,79.0,2,Low
746,139.4,6,2.4,167.0,Mixed,374.0,60.0,3,Low
747,249.9,5,5.2,149.0,Mixed,1481.0,59.0,3,Low
748,12.5,5,2.7,64.0,Mixed,1433.0,72.0,3,Low
749,115.9,3,4.2,97.0,Unpaved,303.0,64.0,4,Medium
750,242.1,5,11.7,62.0,Unpaved,719.0,100.0,1,Low
751,89.6,4,5.6,44.0,Unpaved,1030.0,66.0,4,Medium
752,70.3,4,14.6,67.0,Mixed,1289.0,4.0,1,Low
753,169.0,3,6.5,195.0,Mixed,913.0,43.0,2,Low
754,86.6,1,1.5,164.0,Unpaved,1492.0,32.0,5,High
755,195.6,4,13.6,137.0,Paved,753.0,67.0,4,Medium
756,169.9,7,0.7,72.0,Paved,1728.0,45.0,3,Low
757,108.6,9,28.5,114.0,Paved,2331.0,68.0,1,Low
758,178.8,1,18.4,159.0,Paved,844.0,38.0,3,Medium
759,105.9,5,33.0,81.0,Paved,1025.0,60.0,4,Medium
760,128.0,6,2.9,120.0,Paved,236.0,42.0,2,Low
761,155.1,3,6.6,135.0,Paved,697.0,47.0,2,Low
762,96.6,4,2.1,244.0,Paved,907.0,61.0,1,Low
763,210.6,5,5.5,207.0,Unpaved,1219.0,66.0,3,Medium
764,124.2,6,2.8,271.0,Mixed,677.0,91.0,5,High
765,137.4,5,19.2,99.0,Unpaved,1248.0,83.0,1,Low
766,41.0,5,1.3,179.0,Mixed,575.0,79.0,2,Low
767,81.3,7,2.6,160.0,Mixed,1405.0,66.0,1,Low
768,129.8,8,3.1,216.0,Mixed,1049.0,43.0,2,Medium
769,172.1,5,13.4,257.0,Paved,1022.0,71.0,4,High
770,204.8,4,10.0,66.0,Mixed,524.0,85.0,4,Low
771,56.4,5,1.5,99.0,Unpaved,750.0,85.0,4,Medium
772,70.4,5,9.3,27.0,Mixed,576.0,55.0,2,Low
773,46.2,5,18.7,194.0,Unpaved,1321.0,46.0,4,High
774,149.6,2,6.0,80.0,Unpaved,0.0,75.0,4,Medium
775,204.8,2,9.5,85.0,Unpaved,376.0,0.0,5,High
776,110.5,5,7.6,176.0,Paved,1524.0,95.0,5,Medium
777,123.5,3,4.4,38.0,Paved,913.0,86.0,3,Low
778,128.0,6,0.0,52.0,Paved,1534.0,48.0,1,Low
779,91.9,3,2.1,102.0,Unpaved,1298.0,47.0,5,High
780,46.7,3,29.4,142.0,Unpaved,1360.0,100.0,1,Low
781,183.6,4,4.4,116.0,Unpaved,1053.0,29.0,1,Low
782,129.3,9,3.5,152.0,Unpaved,405.0,48.0,1,Medium
783,87.1,4,9.5,218.0,Unpaved,845.0,99.0,3,Medium
784,300.3,1,23.4,180.0,Unpaved,51.0,28.0,1,Medium
785,119.8,7,3.6,96.0,Unpaved,701.0,59.0,2,Medium
786,17.3,8,2.5,97.0,Paved,473.0,49.0,5,Medium
787,159.3,5,23.2,177.0,Mixed,0.0,100.0,2,Low
788,10.0,5,14.9,124.0,Unpaved,1056.0,41.0,2,Medium
789,148.0,2,12.1,215.0,Paved,997.0,21.0,2,Medium
790,146.4,3,8.1,139.0,Paved,1557.0,61.0,1,Low
791,202.8,9,5.5,43.0,Unpaved,66.0,41.0,1,Low
792,59.9,4,10.2,151.0,Paved,1449.0,70.0,1,Low
793,102.4,4,2.4,134.0,Unpaved,0.0,66.0,4,Medium
794,115.9,4,17.0,155.0,Mixed,712.0,26.0,1,Low
795,171.9,0,5.4,49.0,Paved,1986.0,100.0,5,Low
796,146.1,3,14.1,45.0,Paved,783.0,40.0,1,Low
797,151.1,10,16.7,249.0,Mixed,359.0,42.0,5,High
798,193.1,5,0.8,85.0,Mixed,750.0,69.0,5,Low
799,106.7,3,11.3,114.0,Mixed,1309.0,96.0,3,Low
800,207.8,7,3.6,4.0,Paved,631.0,23.0,4,Low
801,114.7,7,4.4,144.0,Mixed,1035.0,43.0,1,Low
802,173.7,5,13.2,19.0,Unpaved,1029.0,79.0,2,Low
803,90.3,5,31.6,134.0,Unpaved,1129.0,41.0,1,Medium
804,155.7,6,16.3,153.0,Paved,1422.0,59.0,1,Low
805,189.5,3,3.4,102.0,Unpaved,1988.0,45.0,5,High
806,55.1,3,12.3,183.0,Mixed,852.0,67.0,3,Low
807,176.7,2,4.0,144.0,Unpaved,994.0,24.0,2,Medium
808,130.7,2,5.8,164.0,Mixed,88.0,63.0,1,Low
809,242.3,4,1.3,123.0,Paved,1367.0,67.0,2,Low
810,104.2,7,18.0,140.0,Mixed,1616.0,72.0,2,Low
811,137.6,6,10.4,287.0,Unpaved,1213.0,42.0,5,High
812,110.6,5,19.9,126.0,Mixed,0.0,91.0,5,Medium
813,159.8,4,2.5,69.0,Paved,557.0,3.0,3,Low
814,10.0,5,1.4,123.0,Mixed,831.0,38.0,5,Medium
815,35.4,4,16.9,204.0,Unpaved,286.0,100.0,3,Medium
816,160.1,0,21.1,70.0,Paved,2087.0,56.0,3,Low
817,121.6,2,1.9,0.0,Unpaved,1046.0,83.0,3,Low
818,10.0,4,10.3,0.0,Unpaved,1359.0,60.0,3,Low
819,82.0,1,1.8,142.0,Unpaved,1368.0,98.0,3,Low
820,96.4,6,0.1,101.0,Mixed,867.0,50.0,5,Medium
821,90.9,3,7.8,210.0,Unpaved,80.0,61.0,4,High
822,175.9,1,30.0,126.0,Paved,1273.0,77.0,2,Low
823,195.4,7,8.9,241.0,Paved,2007.0,93.0,5,High
824,10.0,4,5.6,30.0,Unpaved,573.0,9.0,1,Low
825,112.8,3,3.3,147.0,Mixed,460.0,68.0,4,Low
826,126.8,7,3.3,189.0,Mixed,1303.0,34.0,5,High
827,31.1,3,3.1,144.0,Paved,1354.0,54.0,5,Medium
828,195.2,1,2.3,175.0,Mixed,1487.0,42.0,1,Low
829,142.3,8,0.7,160.0,Paved,715.0,0.0,4,High
830,171.0,3,14.2,48.0,Unpaved,714.0,81.0,5,Medium
831,93.3,3,3.8,62.0,Unpaved,0.0,22.0,4,Medium
832,73.3,3,1.7,146.0,Mixed,830.0,53.0,2,Low
833,85.8,6,9.3,280.0,Paved,462.0,52.0,1,Medium
834,113.4,6,27.2,92.0,Paved,0.0,35.0,5,High
835,94.5,2,11.7,178.0,Paved,1936.0,71.0,1,Low
836,174.3,8,2.1,137.0,Paved,945.0,46.0,2,Low
837,280.0,12,5.3,174.0,Mixed,0.0,37.0,5,High
838,155.0,5,17.4,146.0,Paved,1026.0,19.0,1,Low
839,10.0,5,0.5,85.0,Paved,1916.0,32.0,3,Low
840,129.3,6,4.1,182.0,Paved,1522.0,66.0,2,Low
841,48.7,2,4.9,156.0,Paved,1380.0,5.0,4,Medium
842,95.5,2,6.0,252.0,Unpaved,61.0,97.0,4,High
843,117.9,5,8.2,177.0,Unpaved,473.0,51.0,1,Medium
844,104.5,5,6.8,49.0,Paved,279.0,33.0,1,Low
845,57.9,4,1.8,189.0,Unpaved,811.0,70.0,2,Medium
846,151.3,5,5.4,196.0,Mixed,1265.0,45.0,4,Medium
847,10.0,5,4.6,169.0,Paved,1062.0,77.0,1,Low
848,143.2,5,26.5,235.0,Mixed,255.0,28.0,3,High
849,65.9,6,13.6,8.0,Mixed,690.0,30.0,3,Low
850,136.7,6,20.1,244.0,Unpaved,1426.0,70.0,5,High
851,39.3,3,12.4,160.0,Unpaved,1106.0,85.0,5,High
852,133.9,7,0.6,209.0,Unpaved,1040.0,60.0,2,Medium
853,202.6,4,6.4,84.0,Paved,273.0,61.0,1,Low
854,84.3,1,15.1,15.0,Mixed,896.0,34.0,2,Low
855,83.0,2,9.0,130.0,Mixed,119.0,42.0,2,Low
856,145.9,5,14.2,150.0,Unpaved,305.0,39.0,3,High
857,132.7,7,32.7,47.0,Unpaved,0.0,87.0,1,Low
858,37.1,1,2.8,182.0,Paved,1837.0,90.0,4,Low
859,186.5,2,41.0,165.0,Paved,1861.0,68.0,3,Medium
860,168.5,1,1.3,247.0,Unpaved,198.0,100.0,1,Low
861,196.9,3,25.3,144.0,Unpaved,335.0,70.0,4,High
862,152.8,4,2.1,231.0,Unpaved,609.0,85.0,4,High
863,233.3,1,12.7,143.0,Mixed,1531.0,50.0,5,Medium
864,10.0,5,15.3,152.0,Paved,1165.0,51.0,4,Medium
865,211.4,2,16.7,190.0,Mixed,1629.0,51.0,3,Medium
866,96.6,3,5.8,154.0,Unpaved,1812.0,32.0,5,High
867,87.4,8,1.9,87.0,Paved,1090.0,44.0,2,Low
868,77.1,5,15.9,47.0,Unpaved,979.0,63.0,2,Low
869,150.6,5,10.3,78.0,Mixed,1617.0,40.0,4,Medium
870,168.0,1,3.0,168.0,Paved,1448.0,69.0,4,Low
871,92.0,3,5.0,166.0,Paved,1445.0,36.0,3,Medium
872,136.4,5,3.5,229.0,Unpaved,1085.0,35.0,4,High
873,285.8,7,24.6,137.0,Unpaved,1425.0,55.0,1,Medium
874,79.8,8,16.3,168.0,Mixed,620.0,4.0,3,High
875,96.3,8,21.4,200.0,Mixed,460.0,82.0,2,Medium
876,205.2,2,0.5,43.0,Mixed,597.0,73.0,5,Low
877,25.5,8,10.8,69.0,Paved,2163.0,75.0,4,Low
878,134.7,1,3.1,213.0,Unpaved,174.0,74.0,4,Medium
879,10.0,5,13.8,76.0,Paved,1366.0,52.0,5,Medium
880,37.2,4,22.2,91.0,Paved,1988.0,61.0,5,Medium
881,48.6,5,14.5,187.0,Paved,1038.0,65.0,3,Medium
882,67.4,0,24.2,45.0,Paved,609.0,19.0,3,Low
883,45.2,7,5.1,67.0,Mixed,1134.0,60.0,5,Medium
884,132.1,4,9.8,134.0,Mixed,504.0,46.0,5,Medium
885,204.0,4,6.4,91.0,Unpaved,254.0,100.0,4,Medium
886,242.3,3,17.7,27.0,Unpaved,1608.0,50.0,4,Medium
887,58.2,3,8.3,132.0,Unpaved,1569.0,52.0,4,High
888,163.7,3,12.4,174.0,Mixed,609.0,24.0,1,Low
889,192.5,5,10.0,63.0,Paved,507.0,45.0,1,Low
890,127.3,3,19.8,126.0,Paved,930.0,2.0,2,Medium
891,162.5,2,7.5,226.0,Paved,743.0,100.0,3,Low
892,147.6,5,1.2,171.0,Unpaved,309.0,70.0,1,Low
893,147.5,6,29.7,69.0,Unpaved,0.0,46.0,3,High
894,75.8,4,8.1,219.0,Paved,0.0,68.0,4,Medium
895,10.0,1,15.3,172.0,Paved,80.0,31.0,5,High
896,99.1,0,11.4,118.0,Unpaved,176.0,50.0,4,Medium
897,74.0,7,5.7,183.0,Mixed,927.0,27.0,5,High
898,103.3,3,30.2,89.0,Unpaved,318.0,17.0,5,High
899,177.7,4,13.2,136.0,Unpaved,333.0,74.0,2,Medium
900,206.1,2,2.6,115.0,Paved,48.0,52.0,3,Low
901,129.0,2,54.8,219.0,Paved,59.0,12.0,5,High
902,49.0,4,80.0,66.0,Paved,43.0,34.0,1,High
903,96.6,3,3.4,177.0,Unpaved,752.0,88.0,1,Low
904,73.7,2,42.1,128.0,Paved,1425.0,37.0,4,High
905,127.4,2,9.6,88.0,Unpaved,1701.0,71.0,4,Medium
906,92.0,5,2.0,63.0,Mixed,832.0,37.0,2,Low
907,174.2,2,38.3,210.0,Unpaved,1437.0,61.0,2,High
908,69.1,1,1.1,185.0,Paved,330.0,68.0,4,Low
909,251.0,4,10.1,22.0,Paved,1141.0,38.0,2,Low
910,31.7,4,18.1,183.0,Mixed,277.0,52.0,5,High
911,138.3,4,17.7,40.0,Paved,1061.0,63.0,4,Low
912,23.4,3,0.1,166.0,Paved,308.0,41.0,2,Low
913,182.9,3,5.5,0.0,Mixed,357.0,50.0,1,Low
914,122.8,2,0.9,0.0,Mixed,768.0,31.0,2,Low
915,132.3,4,3.0,168.0,Unpaved,1771.0,58.0,4,High
916,66.2,2,27.8,253.0,Paved,1312.0,82.0,1,Low
917,185.2,0,21.6,239.0,Paved,362.0,26.0,5,High
918,158.6,2,10.8,125.0,Mixed,167.0,37.0,3,Low
919,87.3,2,22.9,201.0,Paved,309.0,4.0,2,Medium
920,119.0,2,3.8,136.0,Paved,1186.0,68.0,2,Low
921,66.6,2,17.6,162.0,Paved,931.0,15.0,3,Medium
922,61.9,6,11.6,116.0,Paved,1191.0,68.0,3,Low
923,83.1,1,13.2,196.0,Unpaved,492.0,69.0,4,High
924,103.6,3,0.9,195.0,Mixed,1001.0,78.0,5,Medium
925,120.1,6,4.3,168.0,Paved,962.0,64.0,4,Medium
926,117.3,5,0.5,43.0,Paved,1559.0,17.0,1,Low
927,68.1,6,1.6,190.0,Paved,1748.0,52.0,4,Medium
928,165.5,3,3.2,160.0,Mixed,1342.0,60.0,3,Low
929,185.4,5,8.8,163.0,Mixed,1558.0,68.0,5,Medium
930,174.8,3,14.3,0.0,Paved,788.0,69.0,4,Low
931,162.4,4,1.1,1.0,Unpaved,380.0,44.0,1,Low
932,10.0,0,0.6,193.0,Unpaved,782.0,52.0,3,Medium
933,60.1,1,21.5,272.0,Unpaved,721.0,53.0,2,High
934,30.7,3,1.4,77.0,Unpaved,680.0,23.0,3,Medium
935,13.6,3,5.9,130.0,Mixed,794.0,31.0,1,Low
936,188.6,3,1.2,0.0,Mixed,698.0,53.0,4,Low
937,221.7,5,7.7,112.0,Paved,525.0,34.0,4,Medium
938,120.5,6,1.1,125.0,Mixed,722.0,18.0,4,Medium
939,148.3,5,14.4,95.0,Unpaved,1281.0,17.0,2,Medium
940,98.4,2,0.9,235.0,Paved,281.0,72.0,1,Low
941,190.2,4,5.6,158.0,Mixed,1607.0,64.0,5,Medium
942,136.8,5,5.5,99.0,Paved,1449.0,59.0,2,Low
943,88.7,1,25.4,175.0,Mixed,852.0,47.0,3,Medium
944,153.7,3,5.6,215.0,Paved,0.0,40.0,1,Low
945,109.1,4,0.7,55.0,Unpaved,0.0,5.0,1,Low
946,131.7,0,7.8,73.0,Unpaved,867.0,70.0,5,Medium
947,161.6,3,12.9,23.0,Unpaved,1207.0,45.0,1,Low
948,345.6,7,4.1,122.0,Mixed,1864.0,71.0,3,Low
949,227.2,6,9.4,157.0,Paved,557.0,32.0,2,Medium
950,129.0,7,1.3,77.0,Unpaved,491.0,96.0,3,Low
951,63.6,4,5.5,227.0,Unpaved,70.0,60.0,3,High
952,10.0,1,1.8,199.0,Paved,1159.0,52.0,1,Low
953,197.1,6,3.2,73.0,Unpaved,804.0,30.0,2,Medium
954,187.2,3,10.2,67.0,Paved,514.0,59.0,5,Medium
955,82.3,5,14.0,38.0,Mixed,814.0,70.0,3,Low
956,114.7,5,3.7,107.0,Unpaved,743.0,0.0,4,High
957,132.5,3,45.9,244.0,Paved,1381.0,52.0,2,High
958,155.6,6,3.4,75.0,Paved,544.0,52.0,1,Low
959,219.3,5,1.6,177.0,Paved,798.0,66.0,3,Low
960,41.8,5,20.2,140.0,Unpaved,1310.0,13.0,3,High
961,160.4,2,10.5,15.0,Mixed,641.0,75.0,3,Low
962,133.1,4,11.4,198.0,Paved,355.0,73.0,3,Medium
963,89.4,2,15.8,102.0,Mixed,31.0,74.0,3,Low
964,168.4,2,75.8,97.0,Mixed,175.0,38.0,3,High
965,113.3,5,3.3,137.0,Unpaved,414.0,83.0,5,High
966,115.2,6,7.9,118.0,Mixed,1377.0,35.0,4,Medium
967,138.8,2,12.2,207.0,Paved,358.0,2.0,5,High
968,92.5,6,1.6,95.0,Mixed,671.0,63.0,5,Medium
969,159.3,12,3.7,154.0,Mixed,183.0,53.0,3,Medium
970,96.2,3,3.7,175.0,Unpaved,832.0,86.0,3,Medium
971,221.4,5,4.0,61.0,Mixed,972.0,29.0,3,Low
972,133.7,5,12.7,143.0,Paved,1013.0,46.0,2,Low
973,79.8,4,9.0,74.0,Paved,1854.0,44.0,1,Low
974,138.5,3,12.6,171.0,Paved,792.0,75.0,1,Low
975,179.4,2,7.2,0.0,Unpaved,976.0,28.0,4,Medium
976,25.5,7,31.1,230.0,Unpaved,461.0,87.0,5,High
977,196.0,5,7.4,104.0,Paved,2103.0,37.0,5,Medium
978,140.4,3,9.3,150.0,Mixed,1308.0,44.0,4,Medium
979,118.2,4,3.5,156.0,Unpaved,1330.0,56.0,4,High
980,78.8,3,0.6,103.0,Mixed,1454.0,30.0,2,Low
981,140.8,2,16.9,94.0,Mixed,1249.0,65.0,4,Low
982,67.0,5,19.4,153.0,Unpaved,1482.0,62.0,4,High
983,10.0,5,19.0,227.0,Mixed,688.0,40.0,4,High
984,77.2,3,16.2,172.0,Mixed,2159.0,62.0,3,Medium
985,103.6,4,3.1,110.0,Paved,0.0,63.0,2,Low
986,156.8,2,8.6,230.0,Mixed,635.0,69.0,3,Medium
987,106.9,8,16.9,258.0,Mixed,1839.0,83.0,2,Medium
988,51.3,5,9.8,120.0,Unpaved,698.0,65.0,1,Low
989,80.3,1,31.8,159.0,Unpaved,1198.0,67.0,5,High
990,121.2,4,11.3,165.0,Mixed,517.0,27.0,5,High
991,158.7,4,8.2,249.0,Mixed,1068.0,17.0,1,Medium
992,168.8,6,53.8,187.0,Unpaved,584.0,41.0,4,High
993,38.3,7,7.6,206.0,Mixed,1501.0,63.0,1,Low
994,123.1,5,34.1,269.0,Paved,974.0,65.0,2,High
995,166.4,1,0.1,156.0,Mixed,0.0,0.0,1,Low
996,67.6,7,8.0,185.0,Mixed,312.0,58.0,5,High
997,228.0,2,3.4,160.0,Mixed,215.0,83.0,5,Medium
998,90.3,6,5.0,135.0,Mixed,1644.0,100.0,4,Low
999,181.2,2,0.9,45.0,Unpaved,55.0,91.0,1,Low
1000,161.5,1,3.1,64.0,Mixed,639.0,42.0,4,Low
1001,78.7,2,8.4,31.0,Paved,2067.0,41.0,3,Low
1002,121.0,1,12.8,167.0,Mixed,1549.0,67.0,2,Low
1003,201.8,2,24.1,181.0,Paved,287.0,75.0,4,Medium
1004,87.8,1,2.6,65.0,Unpaved,269.0,83.0,5,Medium
1005,130.6,3,15.9,95.0,Paved,212.0,70.0,2,Low
1006,29.7,2,0.2,134.0,Unpaved,924.0,24.0,3,Medium
1007,141.6,5,22.4,249.0,Unpaved,503.0,20.0,1,High
1008,95.7,4,9.0,116.0,Unpaved,938.0,91.0,3,Medium
1009,151.4,1,18.7,249.0,Paved,986.0,51.0,1,Low
1010,69.3,3,2.9,0.0,Paved,828.0,31.0,1,Low
1011,139.2,3,4.7,209.0,Paved,889.0,27.0,4,Medium
1012,99.0,4,1.0,46.0,Unpaved,852.0,41.0,2,Low
1013,10.0,6,0.8,131.0,Mixed,337.0,95.0,2,Low
1014,125.3,6,17.5,76.0,Paved,0.0,49.0,3,Low
1015,195.7,5,3.5,122.0,Paved,833.0,73.0,5,Medium
1016,54.2,6,4.3,121.0,Paved,331.0,64.0,3,Low
1017,81.3,2,7.6,88.0,Mixed,1386.0,54.0,3,Low
1018,199.5,2,11.1,136.0,Unpaved,50.0,6.0,4,High
1019,153.4,3,0.5,150.0,Mixed,586.0,76.0,5,Medium
1020,100.3,3,8.5,58.0,Mixed,893.0,36.0,4,Low
1021,137.7,7,9.4,70.0,Mixed,1556.0,14.0,2,Low
1022,82.5,4,19.0,237.0,Unpaved,564.0,9.0,4,High
1023,268.3,9,1.7,135.0,Paved,910.0,70.0,3,Low
1024,173.2,2,6.0,145.0,Paved,1170.0,75.0,2,Low
1025,222.5,4,6.4,80.0,Paved,1258.0,0.0,4,Medium
1026,125.5,4,18.8,149.0,Unpaved,1020.0,42.0,1,Medium
1027,43.6,5,4.5,100.0,Mixed,1885.0,64.0,3,Low
1028,150.2,1,0.8,180.0,Unpaved,562.0,59.0,3,Medium
1029,195.3,3,9.2,106.0,Unpaved,1839.0,42.0,4,Medium
1030,197.8,3,10.8,122.0,Mixed,1214.0,53.0,5,Medium
1031,18.7,1,8.7,283.0,Unpaved,947.0,79.0,1,Medium
1032,132.7,4,6.7,176.0,Mixed,994.0,66.0,4,Medium
1033,24.1,4,2.4,126.0,Unpaved,1363.0,71.0,3,Medium
1034,84.8,0,7.7,142.0,Unpaved,369.0,44.0,3,Medium
1035,155.1,3,0.4,222.0,Unpaved,887.0,23.0,3,High
1036,199.9,3,8.4,63.0,Mixed,655.0,61.0,4,Low
1037,133.3,5,6.7,139.0,Unpaved,1762.0,75.0,2,Medium
1038,51.1,3,30.5,141.0,Paved,410.0,38.0,5,High
1039,156.0,5,3.9,152.0,Paved,1999.0,61.0,4,Medium
1040,68.9,2,0.2,101.0,Mixed,531.0,55.0,4,Low
1041,102.5,5,14.3,123.0,Mixed,0.0,13.0,3,Medium
1042,125.4,2,1.8,6.0,Unpaved,278.0,51.0,5,Medium
1043,79.8,4,7.9,182.0,Paved,290.0,59.0,3,Medium
1044,158.2,4,2.4,82.0,Paved,1795.0,43.0,1,Low
1045,165.1,1,7.8,272.0,Paved,0.0,82.0,1,Low
1046,181.7,3,8.7,141.0,Unpaved,994.0,24.0,3,High
1047,205.5,3,10.8,68.0,Paved,1681.0,100.0,1,Low
1048,111.4,5,4.7,35.0,Paved,2463.0,55.0,1,Low
1049,46.4,5,0.6,121.0,Paved,734.0,50.0,3,Low
1050,52.2,4,9.1,171.0,Paved,867.0,78.0,1,Low
1051,224.1,3,20.0,172.0,Unpaved,100.0,18.0,2,High
1052,216.9,4,7.5,73.0,Unpaved,572.0,100.0,3,Low
1053,200.3,4,2.9,366.0,Mixed,2111.0,38.0,2,Medium
1054,84.9,5,5.3,208.0,Unpaved,1323.0,77.0,4,High
1055,221.3,3,7.8,237.0,Unpaved,1529.0,55.0,2,Medium
1056,109.8,2,0.9,164.0,Paved,1189.0,30.0,4,Medium
1057,140.6,4,8.4,69.0,Mixed,1441.0,80.0,5,Low
1058,169.6,3,1.2,149.0,Unpaved,1963.0,68.0,1,Low
1059,195.7,3,2.0,130.0,Mixed,526.0,100.0,5,Low
1060,152.5,4,5.0,195.0,Unpaved,1243.0,65.0,1,Medium
1061,202.5,8,16.1,113.0,Unpaved,385.0,39.0,4,High
1062,120.8,6,17.4,120.0,Unpaved,0.0,9.0,3,High
1063,107.8,6,3.3,15.0,Paved,959.0,36.0,1,Low
1064,100.8,3,7.7,154.0,Unpaved,875.0,61.0,2,Medium
1065,51.0,6,1.0,78.0,Paved,755.0,46.0,4,Low
1066,10.0,3,60.8,129.0,Unpaved,416.0,74.0,2,High
1067,182.5,4,10.6,120.0,Mixed,882.0,64.0,1,Low
1068,106.0,6,2.5,44.0,Paved,1054.0,24.0,4,Low
1069,164.6,3,23.0,103.0,Unpaved,1977.0,45.0,2,Medium
1070,155.9,1,4.3,96.0,Unpaved,1121.0,33.0,4,Medium
1071,129.5,2,3.2,163.0,Unpaved,1152.0,64.0,4,Medium
1072,176.7,5,3.5,84.0,Mixed,351.0,66.0,1,Low
1073,184.3,9,6.7,181.0,Unpaved,227.0,40.0,1,Medium
1074,62.9,8,0.3,177.0,Mixed,211.0,14.0,5,High
1075,212.0,3,10.5,105.0,Unpaved,622.0,100.0,3,Low
1076,171.9,2,29.5,128.0,Mixed,836.0,63.0,1,Low
1077,67.5,1,16.9,156.0,Paved,929.0,63.0,3,Low
1078,81.0,4,16.7,105.0,Mixed,309.0,8.0,3,Medium
1079,45.4,2,14.9,166.0,Unpaved,0.0,73.0,4,High
1080,157.7,4,4.4,203.0,Paved,548.0,82.0,1,Low
1081,109.4,4,2.1,223.0,Unpaved,1362.0,63.0,3,Medium
1082,10.0,4,3.8,214.0,Mixed,574.0,58.0,5,Medium
1083,86.7,7,1.9,150.0,Paved,755.0,58.0,2,Low
1084,97.1,5,19.0,96.0,Unpaved,0.0,33.0,3,High
1085,126.3,5,5.5,228.0,Mixed,875.0,38.0,2,Medium
1086,27.6,5,16.7,136.0,Mixed,1046.0,49.0,5,High
1087,127.0,2,3.4,166.0,Mixed,458.0,82.0,2,Low
1088,210.0,4,1.6,0.0,Paved,1379.0,62.0,5,Low
1089,131.2,3,20.4,263.0,Unpaved,1519.0,36.0,1,High
1090,155.4,2,16.0,254.0,Unpaved,2069.0,39.0,1,Medium
1091,213.8,2,8.1,59.0,Unpaved,244.0,1.0,3,Medium
1092,114.3,2,1.3,116.0,Paved,972.0,66.0,4,Low
1093,112.4,2,4.1,103.0,Unpaved,87.0,50.0,1,Low
1094,140.7,0,0.6,34.0,Unpaved,1163.0,60.0,1,Low
1095,66.9,2,22.8,82.0,Unpaved,1091.0,100.0,1,Low
1096,78.3,7,2.7,293.0,Mixed,0.0,44.0,1,Medium
1097,10.0,5,7.4,165.0,Unpaved,963.0,60.0,5,High
1098,257.3,4,28.4,237.0,Mixed,681.0,39.0,3,High
1099,169.8,7,9.8,137.0,Mixed,89.0,51.0,5,Medium
1100,63.2,7,9.8,0.0,Mixed,625.0,31.0,1,Low
1101,181.4,5,17.9,121.0,Mixed,2037.0,28.0,5,High
1102,71.5,4,11.8,134.0,Unpaved,1144.0,10.0,4,High
1103,124.1,3,6.7,113.0,Unpaved,304.0,28.0,4,High
1104,123.8,3,1.3,18.0,Mixed,601.0,61.0,1,Low
1105,93.2,4,6.9,201.0,Unpaved,0.0,47.0,3,High
1106,71.2,2,2.0,73.0,Mixed,152.0,50.0,2,Low
1107,192.5,2,6.8,110.0,Paved,1811.0,44.0,3,Low
1108,125.1,6,0.2,193.0,Unpaved,1350.0,59.0,4,High
1109,220.9,8,4.3,75.0,Mixed,1071.0,57.0,4,Low
1110,57.5,7,0.6,140.0,Paved,1034.0,56.0,3,Low
1111,91.6,6,1.6,167.0,Unpaved,1650.0,47.0,1,Medium
1112,117.3,5,11.9,280.0,Unpaved,992.0,73.0,5,High
1113,186.2,3,37.4,126.0,Paved,630.0,5.0,4,High
1114,72.6,3,8.3,194.0,Unpaved,745.0,36.0,4,High
1115,154.3,8,1.9,113.0,Paved,643.0,35.0,2,Low
1116,140.6,9,4.7,250.0,Unpaved,635.0,71.0,5,High
1117,205.7,3,2.7,16.0,Paved,1818.0,42.0,3,Low
1118,149.9,2,0.5,39.0,Unpaved,166.0,31.0,4,Medium
1119,12.2,3,24.4,149.0,Mixed,497.0,59.0,5,High
1120,59.2,3,7.8,101.0,Unpaved,0.0,75.0,3,Medium
1121,62.2,2,1.6,185.0,Paved,1407.0,73.0,5,Medium
1122,92.9,4,13.7,195.0,Paved,1006.0,78.0,2,Low
1123,199.5,3,1.9,13.0,Mixed,1843.0,58.0,4,Low
1124,104.1,5,2.3,214.0,Paved,416.0,62.0,4,Medium
1125,122.1,4,9.2,160.0,Mixed,323.0,49.0,2,Low
1126,106.5,4,5.6,274.0,Paved,101.0,47.0,2,Medium
1127,152.3,3,22.5,105.0,Unpaved,1073.0,31.0,1,Medium
1128,76.7,1,9.1,192.0,Unpaved,590.0,72.0,3,Medium
1129,109.8,5,2.0,183.0,Paved,980.0,10.0,4,Medium
1130,109.0,2,6.4,244.0,Mixed,546.0,22.0,5,High
1131,115.7,2,13.0,0.0,Paved,1663.0,100.0,2,Low
1132,86.1,3,9.2,30.0,Unpaved,1559.0,52.0,1,Low
1133,39.9,4,3.9,213.0,Paved,852.0,59.0,2,Low
1134,176.0,4,4.9,240.0,Unpaved,1432.0,25.0,2,High
1135,113.0,2,11.0,189.0,Unpaved,721.0,67.0,4,High
1136,187.7,3,7.3,52.0,Unpaved,773.0,89.0,3,Low
1137,148.8,3,0.8,118.0,Paved,0.0,91.0,4,Low
1138,150.9,4,8.0,212.0,Paved,1104.0,17.0,5,High
1139,187.8,3,6.1,120.0,Unpaved,814.0,84.0,2,Low
1140,275.9,3,16.9,130.0,Unpaved,1328.0,55.0,5,High
1141,198.2,3,1.2,240.0,Paved,1229.0,0.0,5,High
1142,173.2,3,0.0,181.0,Paved,351.0,17.0,2,Low
1143,137.5,4,17.2,146.0,Mixed,685.0,8.0,3,Medium
1144,195.5,7,2.4,167.0,Paved,513.0,70.0,5,Medium
1145,75.2,6,0.3,190.0,Mixed,1427.0,50.0,5,Medium
1146,155.1,8,2.5,134.0,Mixed,1744.0,39.0,5,Medium
1147,196.6,3,21.7,179.0,Paved,1279.0,53.0,2,Medium
1148,177.1,3,1.9,79.0,Unpaved,1991.0,99.0,3,Low
1149,115.4,2,3.9,199.0,Paved,1114.0,48.0,2,Low
1150,147.3,5,9.4,112.0,Mixed,215.0,63.0,2,Low
1151,100.3,3,2.0,83.0,Mixed,0.0,71.0,3,Low
1152,73.9,5,10.4,224.0,Mixed,248.0,25.0,5,High
1153,207.0,5,12.3,165.0,Unpaved,528.0,69.0,1,Medium
1154,93.9,2,2.6,157.0,Paved,394.0,78.0,3,Low
1155,93.4,4,1.0,172.0,Paved,833.0,80.0,3,Low
1156,94.8,4,5.1,31.0,Unpaved,692.0,51.0,4,Medium
1157,78.2,2,12.0,192.0,Unpaved,845.0,78.0,1,Low
1158,76.5,7,16.8,130.0,Unpaved,2265.0,67.0,1,Medium
1159,16.5,4,0.4,250.0,Unpaved,1326.0,57.0,1,Medium
1160,26.9,4,7.7,314.0,Paved,962.0,78.0,2,Medium
1161,108.4,3,3.0,164.0,Unpaved,1437.0,99.0,4,Medium
1162,147.4,5,5.4,171.0,Paved,316.0,78.0,5,Medium
1163,19.4,6,7.5,153.0,Unpaved,290.0,53.0,1,Medium
1164,130.9,4,13.3,12.0,Unpaved,1350.0,43.0,5,Medium
1165,197.0,2,0.4,34.0,Unpaved,800.0,68.0,1,Low
1166,91.7,2,1.9,52.0,Paved,874.0,59.0,5,Low
1167,60.6,3,9.6,186.0,Mixed,114.0,83.0,2,Low
1168,116.4,6,5.8,247.0,Unpaved,516.0,31.0,1,High
1169,151.2,7,2.4,174.0,Paved,554.0,81.0,1,Low
1170,86.4,4,0.7,55.0,Paved,511.0,20.0,4,Low
1171,177.2,4,24.6,0.0,Mixed,2087.0,51.0,5,Medium
1172,148.2,10,4.5,107.0,Mixed,2073.0,70.0,1,Low
1173,223.9,6,5.3,111.0,Unpaved,1483.0,52.0,1,Low
1174,19.1,5,0.5,194.0,Mixed,858.0,66.0,2,Low
1175,35.3,3,13.4,216.0,Mixed,448.0,90.0,5,Medium
1176,94.9,2,48.5,152.0,Unpaved,179.0,41.0,1,High
1177,39.7,2,38.3,59.0,Paved,1005.0,20.0,3,Medium
1178,214.4,5,3.7,144.0,Paved,1564.0,27.0,2,Low
1179,134.0,4,32.5,3.0,Mixed,1267.0,53.0,5,Medium
1180,100.2,3,5.2,121.0,Mixed,861.0,86.0,4,Low
1181,213.2,3,4.9,223.0,Mixed,1201.0,47.0,3,Medium
1182,137.6,2,17.8,130.0,Unpaved,789.0,100.0,2,Low
1183,107.5,6,15.7,232.0,Paved,633.0,23.0,1,Medium
1184,73.1,1,6.4,112.0,Paved,192.0,11.0,2,Low
1185,153.3,5,5.9,175.0,Paved,602.0,61.0,3,Low
1186,151.3,4,34.6,40.0,Unpaved,982.0,41.0,2,Medium
1187,160.9,2,5.3,169.0,Mixed,550.0,36.0,3,Low
1188,168.4,2,19.8,136.0,Paved,114.0,56.0,3,Low
1189,207.0,2,13.7,111.0,Mixed,869.0,24.0,3,Medium
1190,70.3,3,1.1,225.0,Unpaved,982.0,69.0,5,High
1191,254.2,3,1.7,175.0,Mixed,579.0,60.0,2,Low
1192,228.0,11,0.4,112.0,Unpaved,787.0,46.0,5,High
1193,223.0,4,0.4,231.0,Mixed,0.0,60.0,4,Medium
1194,107.6,6,9.3,288.0,Unpaved,1245.0,100.0,4,High
1195,77.2,3,0.8,62.0,Mixed,973.0,49.0,2,Low
1196,126.3,5,1.5,117.0,Paved,1649.0,43.0,2,Low
1197,137.0,3,2.8,153.0,Paved,672.0,72.0,1,Low
1198,171.4,3,8.1,332.0,Unpaved,1240.0,38.0,1,High
1199,110.1,3,2.6,89.0,Mixed,1507.0,67.0,5,Low
1200,175.3,0,5.0,128.0,Unpaved,815.0,76.0,1,Low
