scenario_id,terrain,weapon,distance_to_target_m,enemy_cover,suppression_needed,visibility_km,recommended_mode
1,Snow,Rifle,321,Low,1,3.0,Single
2,Forest,Rifle,235,High,1,4.7,Single
3,Open,LMG,231,Low,1,5.5,Suppressive
4,Forest,Mortar,129,High,0,4.2,Single
5,Snow,Mortar,30,Medium,0,4.4,Burst
6,Forest,LMG,437,Medium,0,4.9,Suppressive
7,Mountain,LMG,314,High,1,6.5,Suppressive
8,BuiltUp,MMG,48,Medium,1,6.1,Suppressive
9,Forest,MMG,357,Medium,1,3.8,Suppressive
10,BuiltUp,Rifle,440,Low,0,6.2,Single
11,Snow,LMG,366,Medium,0,8.4,Suppressive
12,BuiltUp,Mortar,116,High,0,2.0,Burst
13,Forest,Rifle,140,Medium,0,4.1,Single
14,Forest,Rifle,167,Low,0,4.0,Single
15,Open,Rifle,379,High,1,5.2,Single
16,Forest,Rifle,321,Medium,1,1.4,Single
17,BuiltUp,Mortar,668,Medium,1,7.7,Smoke
18,Open,Rifle,30,Medium,0,5.1,Burst
19,Forest,LMG,242,High,1,5.6,Suppressive
20,Forest,MMG,30,Low,1,5.4,Suppressive
21,Snow,Mortar,339,High,0,4.0,Single
22,Open,LMG,410,High,0,6.4,Suppressive
23,Snow,LMG,466,Low,0,5.0,Single
24,Snow,LMG,278,High,1,0.8,Suppressive
25,Snow,MMG,30,High,0,4.8,Suppressive
26,Mountain,MMG,242,Medium,1,4.4,Suppressive
27,Snow,MMG,315,High,1,6.4,Suppressive
28,BuiltUp,LMG,99,Medium,0,10.4,Suppressive
29,Forest,MMG,210,High,1,5.8,Suppressive
30,Mountain,Rifle,58,Medium,0,9.2,Burst
31,Snow,MMG,158,Medium,0,3.6,Suppressive
32,Forest,Mortar,386,Medium,1,3.8,Single
33,Open,LMG,352,Low,1,4.5,Suppressive
34,Open,LMG,40,High,1,5.9,Suppressive
35,Forest,Rifle,144,High,0,3.7,Single
36,BuiltUp,MMG,258,High,1,1.8,Suppressive
37,Forest,MMG,283,Low,0,5.0,Single
38,Forest,Mortar,150,Medium,0,2.7,Single
39,Mountain,Rifle,321,High,1,7.2,Single
40,Open,Mortar,244,Low,1,6.3,Single
41,Open,Mortar,30,Low,1,3.5,Burst
42,Snow,LMG,164,High,1,5.9,Suppressive
43,Forest,LMG,159,Medium,0,3.9,Suppressive
44,Forest,MMG,351,Low,1,4.9,Suppressive
45,BuiltUp,MMG,354,High,0,4.9,Suppressive
46,Open,Mortar,30,Medium,1,4.3,Burst
47,BuiltUp,MMG,315,Low,1,6.7,Suppressive
48,Mountain,Mortar,238,Low,1,2.8,Single
49,Snow,MMG,268,High,0,6.1,Suppressive
50,BuiltUp,MMG,157,High,1,5.6,Suppressive
51,Open,LMG,240,Medium,0,2.2,Suppressive
52,Mountain,LMG,422,High,1,3.4,Suppressive
53,Forest,LMG,266,High,1,2.8,Suppressive
54,Mountain,LMG,243,Medium,0,4.3,Suppressive
55,BuiltUp,Rifle,178,High,0,5.1,Single
56,Open,LMG,407,Medium,1,3.1,Suppressive
57,BuiltUp,Rifle,57,Medium,1,6.9,Burst
58,Forest,LMG,129,Medium,0,7.1,Suppressive
59,Forest,MMG,49,High,1,7.5,Suppressive
60,Open,Mortar,280,Medium,0,0.3,Single
61,Snow,MMG,426,High,1,8.9,Suppressive
62,Mountain,MMG,200,Medium,0,5.3,Suppressive
63,Mountain,Rifle,89,High,0,5.1,Burst
64,Forest,LMG,495,Medium,0,4.8,Suppressive
65,BuiltUp,Mortar,317,Low,0,2.4,Single
66,BuiltUp,Mortar,291,Low,0,5.7,Single
67,Snow,LMG,221,Low,1,8.2,Suppressive
68,BuiltUp,Rifle,350,Medium,1,5.3,Single
69,Mountain,Rifle,289,High,1,2.8,Single
70,BuiltUp,Rifle,177,Medium,1,1.9,Single
71,Snow,Mortar,202,Medium,1,4.4,Single
72,Mountain,Rifle,97,Medium,1,3.5,Burst
73,BuiltUp,Rifle,78,Medium,1,6.4,Burst
74,Mountain,Mortar,205,High,1,7.7,Single
75,Forest,Mortar,423,Medium,1,5.9,Smoke
76,Forest,MMG,94,Low,0,4.8,Burst
77,Forest,Mortar,375,Low,0,4.7,Single
78,BuiltUp,LMG,130,Low,1,5.1,Suppressive
79,Snow,Mortar,30,Medium,0,2.7,Burst
80,Mountain,Mortar,331,High,1,6.2,Single
81,Open,Rifle,494,High,0,2.8,Single
82,Forest,MMG,121,High,0,7.2,Suppressive
83,Forest,Rifle,30,Medium,0,4.3,Burst
84,Open,MMG,318,High,1,6.7,Suppressive
85,Open,Rifle,111,Low,1,2.1,Burst
86,BuiltUp,LMG,330,High,1,6.6,Suppressive
87,Mountain,Rifle,422,Medium,1,7.7,Single
88,Forest,Rifle,299,Medium,0,2.4,Single
89,Snow,LMG,371,High,1,4.8,Suppressive
90,BuiltUp,LMG,372,Medium,0,5.7,Suppressive
91,BuiltUp,Mortar,398,High,1,5.8,Single
92,Snow,Rifle,256,High,0,4.3,Single
93,Snow,LMG,366,Low,0,4.0,Single
94,Snow,LMG,274,Medium,0,5.5,Suppressive
95,Open,Mortar,308,Low,0,5.7,Single
96,Forest,MMG,707,Medium,1,3.7,Suppressive
97,Open,LMG,286,High,1,3.3,Suppressive
98,Forest,LMG,30,Medium,0,7.4,Suppressive
99,Open,Rifle,220,High,1,5.2,Single
100,Mountain,Mortar,203,Medium,1,0.5,Single
101,Forest,Rifle,210,Low,0,7.4,Single
102,BuiltUp,MMG,393,Low,1,3.8,Suppressive
103,Forest,Mortar,419,High,1,5.1,Smoke
104,Forest,Rifle,234,Low,1,5.7,Single
105,Forest,LMG,41,High,0,2.0,Suppressive
106,Mountain,LMG,264,High,1,4.4,Suppressive
107,Open,Mortar,168,High,0,7.6,Single
108,BuiltUp,LMG,281,Medium,0,7.2,Suppressive
109,Open,Rifle,231,High,0,4.4,Single
110,Open,Mortar,432,Low,1,6.4,Smoke
111,Snow,LMG,291,Medium,1,6.7,Suppressive
112,Mountain,LMG,168,Low,1,6.6,Suppressive
113,Snow,MMG,42,High,0,2.7,Suppressive
114,Mountain,MMG,242,High,1,8.3,Suppressive
115,Open,Mortar,243,Low,0,4.1,Single
116,Open,MMG,210,Medium,1,5.2,Suppressive
117,Mountain,Rifle,366,Low,0,4.3,Single
118,Open,LMG,42,High,1,5.5,Suppressive
119,Open,LMG,135,Medium,1,3.3,Suppressive
120,BuiltUp,LMG,257,High,1,4.5,Suppressive
121,Snow,Mortar,166,High,0,5.4,Single
122,Snow,Mortar,196,Low,0,7.4,Single
123,Snow,MMG,240,High,1,7.2,Suppressive
124,Forest,LMG,352,Low,0,7.3,Single
125,BuiltUp,LMG,234,Medium,0,6.7,Suppressive
126,Snow,LMG,30,High,0,8.7,Suppressive
127,Snow,LMG,159,High,1,4.4,Suppressive
128,BuiltUp,LMG,324,Medium,1,4.7,Suppressive
129,Open,Rifle,364,Low,1,4.6,Single
130,Snow,LMG,372,High,0,4.9,Suppressive
131,Open,Rifle,415,Medium,1,2.1,Single
132,Snow,LMG,267,High,0,5.5,Suppressive
133,Mountain,Mortar,289,Low,0,6.0,Single
134,Forest,Mortar,97,Low,1,4.5,Burst
135,Snow,Rifle,30,Low,1,1.5,Burst
136,Mountain,LMG,37,Low,1,5.0,Suppressive
137,BuiltUp,Mortar,144,Medium,0,2.4,Single
138,Mountain,Mortar,46,High,0,5.9,Burst
139,BuiltUp,LMG,206,Medium,1,5.2,Suppressive
140,Snow,LMG,180,Low,0,5.4,Single
141,BuiltUp,Mortar,390,Low,1,2.9,Single
142,Mountain,LMG,104,Low,1,7.5,Suppressive
143,Forest,MMG,271,Low,1,5.3,Suppressive
144,Open,LMG,187,High,1,3.2,Suppressive
145,Open,Mortar,99,Low,1,6.2,Burst
146,Forest,Mortar,140,High,1,5.2,Single
147,Open,Rifle,30,Low,0,8.7,Burst
148,Snow,MMG,362,High,0,3.9,Suppressive
149,Snow,Mortar,460,High,1,2.5,Smoke
150,Mountain,MMG,209,Low,1,5.6,Suppressive
151,Mountain,LMG,254,Medium,0,7.0,Suppressive
152,BuiltUp,Mortar,205,Medium,0,9.6,Single
153,Mountain,Rifle,126,Medium,1,11.8,Single
154,Snow,Mortar,355,Medium,1,1.9,Single
155,Mountain,Rifle,297,Medium,0,4.7,Single
156,Open,MMG,30,Low,1,2.5,Suppressive
157,BuiltUp,Rifle,94,Low,0,4.5,Burst
158,BuiltUp,LMG,30,Low,1,10.0,Suppressive
159,Snow,LMG,483,Low,0,3.4,Single
160,Mountain,LMG,224,Low,1,5.0,Suppressive
161,Open,Mortar,286,Low,1,3.8,Single
162,Mountain,LMG,197,High,1,3.0,Suppressive
163,Forest,LMG,415,High,0,8.6,Suppressive
164,Mountain,Mortar,379,Low,1,1.9,Single
165,Snow,MMG,217,Low,0,4.8,Single
166,Mountain,LMG,507,High,0,5.2,Suppressive
167,BuiltUp,LMG,277,High,0,4.9,Suppressive
168,Open,Mortar,30,Low,0,4.4,Burst
169,Snow,MMG,265,High,1,8.2,Suppressive
170,Forest,MMG,327,Medium,1,0.8,Suppressive
171,Open,MMG,230,Medium,1,5.9,Suppressive
172,Open,Mortar,188,Medium,0,6.0,Single
173,BuiltUp,Rifle,514,High,1,5.6,Single
174,BuiltUp,Rifle,72,Low,0,3.3,Burst
175,BuiltUp,LMG,30,Low,0,7.4,Burst
176,Snow,LMG,492,Low,0,7.3,Single
177,Mountain,LMG,66,High,1,3.3,Suppressive
178,Open,Rifle,207,High,0,2.6,Single
179,Mountain,Mortar,193,Medium,1,2.2,Single
180,Mountain,LMG,434,High,1,5.5,Suppressive
181,BuiltUp,Mortar,465,Medium,1,5.1,Smoke
182,Mountain,LMG,56,Medium,0,4.3,Suppressive
183,Open,Mortar,453,Low,1,9.2,Smoke
184,Open,Mortar,450,High,0,4.1,Smoke
185,Forest,Rifle,252,Low,0,5.4,Single
186,Snow,Mortar,389,Low,0,4.6,Single
187,Mountain,MMG,404,High,0,8.9,Suppressive
188,Snow,Rifle,212,High,1,1.0,Single
189,Snow,LMG,226,Medium,1,4.4,Suppressive
190,Snow,Rifle,338,Medium,1,6.2,Single
191,Snow,MMG,30,Medium,1,4.6,Suppressive
192,Open,MMG,196,Medium,0,2.4,Suppressive
193,Mountain,Mortar,69,Low,0,5.4,Burst
194,Forest,MMG,463,Low,0,1.8,Single
195,Snow,MMG,195,High,0,6.3,Suppressive
196,Forest,MMG,291,Medium,1,4.2,Suppressive
197,Open,MMG,217,Medium,1,3.8,Suppressive
198,Open,LMG,207,Medium,0,7.1,Suppressive
199,BuiltUp,LMG,281,Low,0,3.0,Single
200,Snow,Rifle,140,High,0,1.9,Single
201,BuiltUp,Mortar,220,Low,0,3.2,Single
202,Forest,LMG,219,High,1,9.1,Suppressive
203,Mountain,MMG,186,High,0,3.0,Suppressive
204,BuiltUp,Mortar,308,Low,1,5.7,Single
205,Open,LMG,182,Low,1,6.7,Suppressive
206,Snow,Rifle,491,High,0,3.1,Single
207,Forest,MMG,344,Low,0,3.1,Single
208,Open,Mortar,47,Low,1,5.4,Burst
209,Mountain,LMG,332,High,1,5.5,Suppressive
210,Snow,Mortar,146,High,0,7.7,Single
211,Mountain,LMG,270,Medium,1,3.5,Suppressive
212,Mountain,Rifle,140,Low,0,4.2,Single
213,Snow,MMG,30,High,0,10.7,Suppressive
214,Snow,Rifle,246,Low,1,1.4,Single
215,Mountain,MMG,34,Low,1,1.0,Suppressive
216,Forest,MMG,312,High,0,2.2,Suppressive
217,Snow,Mortar,276,Medium,0,7.2,Single
218,Open,LMG,159,High,1,4.1,Suppressive
219,BuiltUp,Rifle,523,High,1,4.1,Single
220,Forest,Rifle,64,Low,1,3.1,Burst
221,Snow,Rifle,156,Medium,1,6.8,Single
222,Snow,Mortar,81,High,0,2.3,Burst
223,Forest,Mortar,556,Low,0,3.8,Suppressive
224,BuiltUp,Mortar,452,High,0,3.1,Smoke
225,Mountain,MMG,36,Low,1,0.3,Suppressive
226,Open,Rifle,126,High,1,4.0,Single
227,Snow,MMG,131,Medium,0,4.9,Suppressive
228,BuiltUp,Rifle,167,High,1,3.4,Single
229,Open,Rifle,93,Low,1,4.5,Burst
230,Forest,LMG,159,High,1,4.5,Suppressive
231,Snow,Rifle,400,Medium,1,4.7,Single
232,Mountain,Mortar,542,Medium,1,2.9,Smoke
233,Forest,Mortar,30,Medium,1,2.8,Burst
234,Snow,Mortar,93,Medium,0,5.1,Burst
235,BuiltUp,LMG,282,Low,0,2.0,Single
236,Open,LMG,30,High,0,4.6,Suppressive
237,Open,MMG,285,Medium,0,8.3,Suppressive
238,Snow,Rifle,331,High,1,4.9,Single
239,Forest,Rifle,355,Low,0,1.3,Single
240,Mountain,Mortar,326,High,0,5.4,Single
241,BuiltUp,Mortar,169,High,0,6.6,Single
242,Snow,Mortar,222,Medium,0,3.4,Single
243,BuiltUp,Mortar,73,Medium,1,4.4,Burst
244,Open,Mortar,319,Low,1,3.2,Single
245,Mountain,Mortar,490,High,0,4.1,Smoke
246,BuiltUp,Rifle,319,Low,0,3.7,Single
247,Snow,LMG,145,Low,1,5.9,Suppressive
248,Mountain,Mortar,399,Low,1,8.3,Single
249,Forest,Rifle,604,Medium,0,5.1,Single
250,Snow,Mortar,286,Medium,1,1.9,Single
251,BuiltUp,MMG,333,High,1,10.1,Suppressive
252,Mountain,MMG,351,High,0,6.2,Suppressive
253,Snow,Rifle,30,High,1,6.6,Burst
254,Mountain,LMG,188,Medium,0,4.9,Suppressive
255,Mountain,MMG,172,Medium,0,5.5,Suppressive
256,Mountain,MMG,375,Low,1,4.3,Suppressive
257,BuiltUp,LMG,357,Medium,1,6.8,Suppressive
258,Snow,MMG,231,Low,1,4.0,Suppressive
259,Open,Mortar,163,Low,1,6.0,Single
260,Open,LMG,30,Medium,1,6.9,Suppressive
261,BuiltUp,MMG,247,Low,1,7.5,Suppressive
262,BuiltUp,LMG,106,Low,0,7.1,Burst
263,Mountain,Mortar,88,High,1,3.0,Burst
264,Snow,MMG,388,Low,0,8.1,Single
265,Snow,Rifle,373,Medium,1,6.3,Single
266,Forest,MMG,176,Medium,1,5.6,Suppressive
267,Forest,MMG,30,Low,1,5.8,Suppressive
268,Open,Mortar,126,High,1,4.7,Single
269,Forest,Rifle,398,Medium,1,4.1,Single
270,Forest,Rifle,320,Medium,0,4.3,Single
271,Open,Rifle,179,High,0,7.6,Single
272,Open,Mortar,258,Low,0,5.2,Single
273,Forest,Mortar,30,Medium,1,5.6,Burst
274,Snow,Mortar,30,Low,1,5.1,Burst
275,Forest,Mortar,546,Low,1,3.7,Smoke
276,Mountain,Mortar,325,Low,0,0.7,Single
277,Mountain,Rifle,250,Low,0,6.5,Single
278,Mountain,LMG,190,Medium,1,6.3,Suppressive
279,BuiltUp,Mortar,30,High,0,5.0,Burst
280,Mountain,LMG,398,Medium,1,2.8,Suppressive
281,Snow,MMG,79,High,1,8.6,Suppressive
282,BuiltUp,MMG,355,Low,0,4.3,Single
283,BuiltUp,Mortar,269,High,0,5.5,Single
284,Mountain,MMG,242,Low,0,3.6,Single
285,Forest,LMG,54,Medium,0,2.3,Suppressive
286,Open,MMG,56,Medium,1,6.2,Suppressive
287,Forest,MMG,308,High,1,2.0,Suppressive
288,Forest,LMG,261,Low,0,5.5,Single
289,BuiltUp,MMG,257,Low,0,5.5,Single
290,BuiltUp,Mortar,292,High,0,2.8,Single
291,BuiltUp,LMG,30,Low,0,2.4,Burst
292,Snow,LMG,402,Low,1,3.5,Suppressive
293,Snow,Rifle,196,Low,1,3.7,Single
294,Open,Rifle,425,Medium,1,1.9,Single
295,BuiltUp,LMG,30,Medium,1,2.7,Suppressive
296,Mountain,LMG,335,Medium,1,5.2,Suppressive
297,BuiltUp,Rifle,333,Low,1,9.0,Single
298,Snow,Mortar,30,Medium,1,7.0,Burst
299,BuiltUp,MMG,154,Low,0,5.3,Single
300,Snow,MMG,91,Low,1,7.3,Suppressive
301,BuiltUp,MMG,379,High,0,7.3,Suppressive
302,Mountain,LMG,296,Low,0,4.4,Single
303,Open,Mortar,489,Medium,0,5.5,Suppressive
304,Mountain,Rifle,280,Medium,1,7.0,Single
305,Snow,Mortar,359,Low,1,7.2,Single
306,Forest,Mortar,425,Medium,1,7.2,Smoke
307,Mountain,MMG,333,Low,1,2.9,Suppressive
308,BuiltUp,Rifle,192,High,0,7.4,Single
309,Open,Mortar,164,Low,1,8.7,Single
310,BuiltUp,Rifle,238,Low,0,8.0,Single
311,BuiltUp,LMG,369,High,1,2.8,Suppressive
312,Mountain,MMG,135,Medium,1,2.3,Suppressive
313,Open,Rifle,347,High,0,5.9,Single
314,Forest,LMG,298,High,0,7.9,Suppressive
315,BuiltUp,LMG,62,Low,0,5.5,Burst
316,Open,LMG,340,Low,1,4.5,Suppressive
317,Forest,Mortar,271,High,1,4.8,Single
318,BuiltUp,Mortar,167,Medium,0,7.0,Single
319,Open,MMG,269,High,1,4.4,Suppressive
320,Mountain,MMG,173,Medium,0,6.0,Suppressive
321,BuiltUp,LMG,287,High,1,4.7,Suppressive
322,BuiltUp,MMG,224,High,0,3.2,Suppressive
323,Open,Mortar,30,Medium,0,3.1,Burst
324,BuiltUp,MMG,229,High,1,6.1,Suppressive
325,Forest,Rifle,183,Low,0,0.3,Single
326,BuiltUp,Mortar,345,High,1,6.0,Single
327,Snow,LMG,381,Low,1,4.7,Suppressive
328,Forest,LMG,173,Medium,0,6.9,Suppressive
329,Open,MMG,131,Medium,0,6.2,Suppressive
330,Forest,Mortar,30,Low,1,5.1,Burst
331,Snow,LMG,127,High,1,2.9,Suppressive
332,Snow,LMG,201,Low,0,3.0,Single
333,BuiltUp,Mortar,49,Low,0,3.7,Burst
334,BuiltUp,Mortar,383,Medium,0,6.7,Single
335,Mountain,LMG,289,Low,1,8.5,Suppressive
336,Forest,MMG,231,High,1,5.7,Suppressive
337,Mountain,MMG,247,Low,1,3.8,Suppressive
338,Snow,MMG,295,Medium,0,4.0,Suppressive
339,BuiltUp,Rifle,344,High,0,4.1,Single
340,BuiltUp,Mortar,371,Medium,1,7.1,Single
341,BuiltUp,LMG,203,Low,1,4.1,Suppressive
342,Open,Rifle,228,Low,0,4.9,Single
343,Snow,MMG,275,Medium,1,7.7,Suppressive
344,BuiltUp,Rifle,222,Medium,0,3.9,Single
345,Snow,LMG,380,High,0,6.1,Suppressive
346,BuiltUp,LMG,434,Medium,0,6.8,Suppressive
347,Forest,Mortar,301,Medium,1,5.1,Single
348,Snow,MMG,113,Low,1,8.9,Suppressive
349,Mountain,MMG,326,Low,0,8.3,Single
350,Open,Rifle,307,Medium,0,5.5,Single
351,Mountain,MMG,101,Medium,1,3.4,Suppressive
352,Snow,Rifle,307,Low,0,3.5,Single
353,BuiltUp,LMG,168,High,1,5.4,Suppressive
354,Snow,LMG,361,High,1,2.8,Suppressive
355,Open,LMG,325,High,1,5.5,Suppressive
356,Snow,LMG,283,High,0,8.4,Suppressive
357,BuiltUp,LMG,255,Low,0,5.1,Single
358,Mountain,Rifle,30,Medium,0,5.0,Burst
359,Forest,LMG,67,High,0,6.7,Suppressive
360,Mountain,Rifle,230,Low,1,6.0,Single
361,BuiltUp,LMG,477,Medium,0,2.7,Suppressive
362,BuiltUp,Rifle,334,High,1,4.1,Single
363,Open,Rifle,522,Medium,0,8.8,Single
364,Snow,Rifle,262,High,0,5.7,Single
365,Snow,MMG,245,Medium,0,3.0,Suppressive
366,Mountain,Rifle,463,High,0,4.6,Single
367,Forest,Rifle,226,High,0,1.4,Single
368,Forest,LMG,102,Medium,1,1.3,Suppressive
369,Open,Rifle,297,Medium,0,7.0,Single
370,BuiltUp,Rifle,418,Medium,0,5.0,Single
371,Open,Mortar,126,Low,0,6.0,Single
372,Snow,MMG,338,Low,0,7.3,Single
373,BuiltUp,Mortar,236,Medium,0,5.7,Single
374,Open,LMG,317,Low,1,6.5,Suppressive
375,Mountain,MMG,297,High,0,5.5,Suppressive
376,Snow,MMG,187,Medium,1,7.6,Suppressive
377,Forest,Mortar,234,Low,0,8.5,Single
378,Open,MMG,197,Medium,1,5.4,Suppressive
379,Snow,Mortar,267,High,0,5.3,Single
380,Snow,Rifle,123,High,0,5.6,Single
381,Forest,Mortar,158,Low,1,4.8,Single
382,Forest,MMG,187,High,0,4.2,Suppressive
383,Forest,MMG,308,Medium,1,7.1,Suppressive
384,Open,LMG,37,Low,0,4.2,Burst
385,Forest,LMG,233,Medium,1,4.1,Suppressive
386,Mountain,LMG,143,Medium,1,6.8,Suppressive
387,Snow,LMG,188,Medium,1,7.0,Suppressive
388,Forest,MMG,150,High,0,9.7,Suppressive
389,Snow,LMG,279,Medium,1,7.4,Suppressive
390,BuiltUp,Mortar,226,High,0,6.7,Single
391,BuiltUp,Rifle,356,Medium,1,6.9,Single
392,Forest,MMG,310,High,1,4.7,Suppressive
393,Snow,LMG,30,High,1,6.1,Suppressive
394,BuiltUp,MMG,106,High,0,6.2,Suppressive
395,Forest,LMG,224,Medium,0,3.9,Suppressive
396,Snow,MMG,243,Medium,0,4.9,Suppressive
397,Forest,LMG,119,High,1,6.9,Suppressive
398,Snow,Rifle,445,Medium,0,5.0,Single
399,BuiltUp,LMG,379,High,0,6.2,Suppressive
400,Forest,Mortar,30,Medium,1,6.8,Burst
401,BuiltUp,MMG,301,High,1,6.7,Suppressive
402,Forest,MMG,243,High,0,8.5,Suppressive
403,Open,Mortar,436,Low,0,3.8,Suppressive
404,BuiltUp,Mortar,30,Medium,0,8.3,Burst
405,BuiltUp,Rifle,558,Medium,1,5.9,Single
406,Mountain,MMG,123,Low,1,6.7,Suppressive
407,BuiltUp,Rifle,306,High,1,6.4,Single
408,Snow,MMG,159,High,1,6.3,Suppressive
409,Forest,MMG,193,Low,1,3.7,Suppressive
410,Open,Rifle,30,Low,0,6.6,Burst
411,Snow,MMG,429,High,0,2.1,Suppressive
412,Snow,MMG,209,Medium,0,9.2,Suppressive
413,Snow,Rifle,219,Low,1,5.8,Single
414,Snow,LMG,596,Low,1,7.3,Suppressive
415,Open,Rifle,393,Low,0,6.4,Single
416,Mountain,MMG,149,Low,0,5.1,Single
417,BuiltUp,Mortar,158,Low,0,3.9,Single
418,Snow,LMG,288,Low,1,3.5,Suppressive
419,BuiltUp,Mortar,365,High,1,6.6,Single
420,BuiltUp,LMG,512,High,1,6.5,Suppressive
421,Snow,Mortar,30,Low,1,6.1,Burst
422,Mountain,LMG,359,High,1,4.8,Suppressive
423,BuiltUp,Rifle,383,Medium,0,5.8,Single
424,Forest,LMG,131,Medium,0,4.2,Suppressive
425,BuiltUp,LMG,195,Low,1,3.6,Suppressive
426,Snow,LMG,30,Medium,1,4.4,Suppressive
427,Open,MMG,174,Medium,0,4.5,Suppressive
428,BuiltUp,Mortar,284,High,1,7.9,Single
429,Mountain,Rifle,489,High,1,2.3,Single
430,Forest,Mortar,502,High,0,4.9,Smoke
431,Forest,Mortar,95,High,1,6.3,Burst
432,Open,Rifle,468,Medium,1,9.0,Single
433,Open,MMG,30,Low,0,3.8,Burst
434,BuiltUp,LMG,162,High,1,2.8,Suppressive
435,Snow,MMG,204,Medium,1,6.4,Suppressive
436,Mountain,MMG,287,High,0,5.3,Suppressive
437,Forest,LMG,265,Medium,0,4.6,Suppressive
438,Open,Mortar,304,High,1,5.9,Single
439,Mountain,LMG,222,Low,0,6.7,Single
440,Snow,Rifle,393,High,0,6.5,Single
441,Forest,LMG,353,Low,1,5.6,Suppressive
442,Forest,Mortar,206,High,0,7.6,Single
443,Snow,MMG,376,High,1,5.4,Suppressive
444,Forest,MMG,560,High,0,5.1,Suppressive
445,Snow,LMG,149,Medium,0,6.4,Suppressive
446,Forest,Rifle,501,Medium,1,2.5,Single
447,BuiltUp,Mortar,162,Low,1,6.2,Single
448,Snow,MMG,461,Low,1,4.4,Suppressive
449,Mountain,LMG,168,Medium,0,2.3,Suppressive
450,BuiltUp,Rifle,364,Low,1,5.9,Single
451,Mountain,Rifle,276,Low,1,4.1,Single
452,Forest,MMG,30,Medium,0,1.8,Suppressive
453,Mountain,MMG,537,Medium,0,3.3,Suppressive
454,BuiltUp,Mortar,115,Medium,0,8.4,Burst
455,Snow,Rifle,59,Medium,1,3.9,Burst
456,Open,Mortar,154,High,0,5.6,Single
457,Mountain,Rifle,629,Medium,0,2.8,Single
458,Open,Rifle,61,Low,1,9.2,Burst
459,Mountain,LMG,276,High,0,5.1,Suppressive
460,Mountain,MMG,81,High,0,3.6,Suppressive
461,Snow,Rifle,107,Low,1,6.8,Burst
462,Forest,Mortar,30,High,0,9.1,Burst
463,BuiltUp,MMG,297,Low,1,4.2,Suppressive
464,BuiltUp,Mortar,225,High,1,3.6,Single
465,BuiltUp,MMG,80,High,1,9.6,Suppressive
466,Forest,MMG,380,Low,1,4.8,Suppressive
467,Open,Rifle,396,Low,1,4.5,Single
468,BuiltUp,LMG,311,Low,0,0.7,Single
469,Open,Rifle,425,Low,1,4.9,Single
470,Forest,MMG,197,Medium,1,2.3,Suppressive
471,Forest,Rifle,298,Medium,1,3.9,Single
472,Snow,Rifle,198,Low,1,1.0,Single
473,BuiltUp,MMG,30,Medium,0,7.5,Suppressive
474,Snow,MMG,282,Low,0,2.1,Single
475,BuiltUp,Rifle,273,Low,0,1.1,Single
476,Forest,Rifle,245,High,1,3.2,Single
477,Forest,Rifle,306,Low,0,7.5,Single
478,Mountain,Mortar,461,Low,0,4.1,Suppressive
479,Mountain,Rifle,219,Low,1,4.4,Single
480,Forest,Mortar,106,Low,1,6.0,Burst
481,Forest,LMG,212,High,0,4.7,Suppressive
482,Open,Mortar,229,Low,0,7.5,Single
483,Open,Rifle,397,High,0,4.5,Single
484,Snow,LMG,265,Low,0,4.6,Single
485,Mountain,Mortar,77,High,1,9.5,Burst
486,Mountain,Mortar,370,Medium,1,5.1,Single
487,Forest,MMG,346,High,1,5.5,Suppressive
488,Forest,LMG,266,High,1,4.6,Suppressive
489,Snow,MMG,392,Low,1,0.3,Suppressive
490,Mountain,LMG,417,High,0,6.7,Suppressive
491,Open,Mortar,193,High,1,8.3,Single
492,BuiltUp,MMG,114,Low,1,7.5,Suppressive
493,Snow,Rifle,248,Medium,0,3.9,Single
494,BuiltUp,Mortar,330,Medium,1,4.7,Single
495,Open,LMG,234,Medium,0,5.7,Suppressive
496,Open,LMG,101,High,1,5.6,Suppressive
497,BuiltUp,MMG,274,Low,1,6.4,Suppressive
498,Snow,MMG,30,Medium,1,5.4,Suppressive
499,BuiltUp,LMG,201,Medium,0,4.3,Suppressive
500,Snow,Mortar,377,Medium,1,5.3,Single
501,Snow,MMG,385,Medium,0,7.0,Suppressive
502,Forest,Rifle,30,Low,1,10.8,Burst
503,Mountain,LMG,221,Medium,1,4.0,Suppressive
504,Mountain,Rifle,339,High,0,5.5,Single
505,Open,LMG,73,High,0,4.3,Suppressive
506,Forest,Rifle,194,Low,1,5.6,Single
507,Mountain,Mortar,431,Medium,0,7.0,Suppressive
508,Snow,LMG,177,Medium,1,4.6,Suppressive
509,Snow,Mortar,489,High,1,0.9,Smoke
510,BuiltUp,MMG,138,Low,0,7.1,Single
511,BuiltUp,LMG,461,High,0,5.3,Suppressive
512,Snow,Mortar,255,Low,0,4.3,Single
513,Snow,Rifle,118,Low,1,3.9,Burst
514,BuiltUp,Mortar,461,Low,0,5.6,Suppressive
515,Mountain,LMG,69,High,1,3.6,Suppressive
516,Open,Mortar,130,Low,0,3.8,Single
517,BuiltUp,Rifle,323,High,0,2.5,Single
518,Mountain,Rifle,262,High,0,3.6,Single
519,Mountain,Rifle,291,Medium,0,6.3,Single
520,Mountain,MMG,194,High,0,2.2,Suppressive
521,Forest,LMG,70,High,1,7.3,Suppressive
522,Forest,Rifle,152,Medium,0,2.6,Single
523,Mountain,MMG,448,Medium,0,5.3,Suppressive
524,Snow,Rifle,49,Medium,1,6.0,Burst
525,Forest,Mortar,496,Low,1,6.6,Smoke
526,BuiltUp,LMG,297,Low,1,6.6,Suppressive
527,Forest,Mortar,160,Medium,1,4.8,Single
528,Snow,MMG,30,Low,0,4.7,Burst
529,Open,Mortar,30,Medium,0,6.2,Burst
530,Forest,Mortar,196,Low,1,5.6,Single
531,Mountain,Rifle,178,High,0,4.3,Single
532,Mountain,Mortar,267,Low,1,5.7,Single
533,Mountain,Rifle,507,Low,1,4.7,Single
534,Open,Rifle,330,High,0,3.8,Single
535,Snow,LMG,230,Medium,0,4.2,Suppressive
536,BuiltUp,MMG,432,Low,1,6.0,Suppressive
537,Snow,MMG,272,Low,0,3.1,Single
538,Open,MMG,489,High,1,7.2,Suppressive
539,Mountain,Rifle,149,High,1,3.9,Single
540,Snow,MMG,77,High,1,0.5,Suppressive
541,BuiltUp,Rifle,30,High,1,6.1,Burst
542,Mountain,LMG,234,Medium,0,0.3,Suppressive
543,BuiltUp,MMG,64,Low,1,3.0,Suppressive
544,Forest,Rifle,62,Low,1,9.8,Burst
545,BuiltUp,MMG,405,Low,1,7.1,Suppressive
546,Mountain,MMG,30,Low,0,7.0,Burst
547,Forest,LMG,265,Medium,1,2.8,Suppressive
548,Mountain,Mortar,237,Low,1,4.6,Single
549,Mountain,MMG,263,Medium,0,7.5,Suppressive
550,Forest,LMG,457,Medium,1,6.3,Suppressive
551,BuiltUp,MMG,126,High,1,7.3,Suppressive
552,Open,MMG,457,High,1,8.6,Suppressive
553,Open,MMG,30,Low,1,6.3,Suppressive
554,Open,MMG,347,Medium,0,2.5,Suppressive
555,Open,Mortar,471,High,0,6.2,Smoke
556,Snow,Mortar,30,Medium,0,4.5,Burst
557,Open,MMG,244,High,1,2.4,Suppressive
558,Forest,MMG,232,Medium,0,6.8,Suppressive
559,Open,LMG,260,Low,0,7.4,Single
560,Mountain,LMG,506,Low,1,4.8,Suppressive
561,Open,Rifle,135,Medium,0,5.6,Single
562,BuiltUp,Mortar,72,High,0,0.9,Single
563,Forest,MMG,261,High,0,7.2,Suppressive
564,Forest,Mortar,418,Low,1,6.6,Smoke
565,Snow,LMG,333,Low,1,5.5,Suppressive
566,Mountain,Mortar,255,Low,0,2.5,Single
567,Forest,Mortar,215,High,0,1.7,Single
568,BuiltUp,MMG,30,High,1,9.1,Suppressive
569,Open,MMG,337,Low,1,3.0,Suppressive
570,Forest,LMG,355,Medium,1,5.3,Suppressive
571,BuiltUp,MMG,146,High,1,3.1,Suppressive
572,Open,LMG,180,Low,0,0.4,Single
573,Snow,LMG,92,Medium,1,5.9,Suppressive
574,Forest,Rifle,380,High,0,6.2,Single
575,Forest,Rifle,195,Medium,1,1.7,Single
576,BuiltUp,Rifle,227,Medium,1,7.2,Single
577,Mountain,Mortar,344,High,1,3.9,Single
578,Snow,Rifle,299,Low,1,2.8,Single
579,Mountain,MMG,334,Medium,0,2.7,Suppressive
580,Forest,MMG,276,Low,0,6.7,Single
581,Mountain,Rifle,279,High,0,1.2,Single
582,Open,Mortar,278,Medium,1,2.5,Single
583,Snow,LMG,317,Medium,0,5.9,Suppressive
584,Mountain,Mortar,325,Medium,1,5.6,Single
585,Open,Mortar,66,Medium,1,3.0,Burst
586,BuiltUp,LMG,160,Medium,0,7.6,Suppressive
587,Mountain,LMG,219,High,1,2.8,Suppressive
588,Snow,LMG,317,Medium,1,4.6,Suppressive
589,Open,MMG,489,High,0,4.3,Suppressive
590,Mountain,LMG,128,Low,1,4.3,Suppressive
591,BuiltUp,LMG,381,High,1,4.6,Suppressive
592,Mountain,Mortar,164,Medium,0,4.5,Single
593,Open,Mortar,455,Low,0,4.5,Suppressive
594,Mountain,Rifle,536,High,1,4.6,Single
595,Snow,Mortar,30,High,0,7.2,Burst
596,Forest,LMG,201,High,1,4.5,Suppressive
597,Open,MMG,30,Medium,0,6.4,Suppressive
598,Open,Mortar,30,Medium,1,5.3,Burst
599,Open,Mortar,30,High,0,5.7,Burst
600,Open,LMG,343,High,0,6.6,Suppressive
601,Mountain,Mortar,315,Low,1,2.7,Single
602,Snow,Mortar,370,Medium,0,6.3,Single
603,BuiltUp,LMG,341,Medium,0,4.6,Suppressive
604,Snow,Mortar,322,Low,1,3.1,Single
605,Open,MMG,266,High,0,6.6,Suppressive
606,Mountain,Rifle,230,High,0,4.1,Single
607,Mountain,Mortar,402,Low,0,5.8,Suppressive
608,Open,MMG,251,High,1,0.3,Suppressive
609,Mountain,Mortar,328,High,0,6.5,Single
610,Open,Rifle,30,Low,1,10.2,Burst
611,Snow,LMG,73,Low,1,5.0,Suppressive
612,Forest,Rifle,397,Low,0,4.5,Single
613,Mountain,Mortar,149,High,1,4.1,Single
614,Open,Rifle,40,Low,1,6.1,Burst
615,Open,Rifle,346,High,1,4.4,Single
616,Mountain,LMG,250,Medium,1,6.3,Suppressive
617,BuiltUp,Mortar,188,Medium,0,8.4,Single
618,Open,Rifle,476,Low,0,6.7,Single
619,Mountain,Rifle,450,High,0,4.7,Single
620,Open,LMG,221,High,1,2.8,Suppressive
621,BuiltUp,MMG,358,High,1,4.2,Suppressive
622,Forest,Mortar,30,Low,0,4.7,Burst
623,BuiltUp,MMG,414,High,1,2.4,Suppressive
624,Snow,MMG,87,High,0,7.2,Suppressive
625,Mountain,LMG,32,High,1,6.1,Suppressive
626,BuiltUp,LMG,30,Medium,0,2.9,Suppressive
627,Forest,Mortar,30,High,0,1.4,Burst
628,Open,MMG,412,Medium,0,6.4,Suppressive
629,Mountain,Rifle,344,High,1,1.7,Single
630,BuiltUp,MMG,135,High,0,5.2,Suppressive
631,Forest,LMG,378,High,1,4.2,Suppressive
632,BuiltUp,Rifle,160,Medium,1,6.6,Single
633,Snow,Rifle,298,High,0,6.6,Single
634,Mountain,LMG,177,Low,0,3.4,Single
635,Open,Rifle,232,High,1,6.8,Single
636,Forest,MMG,113,Medium,1,4.4,Suppressive
637,BuiltUp,LMG,136,Medium,0,5.0,Suppressive
638,Mountain,Mortar,331,Low,0,5.1,Single
639,BuiltUp,LMG,355,Low,1,9.5,Suppressive
640,Mountain,Mortar,187,Low,0,4.8,Single
641,Snow,Mortar,30,Medium,0,1.7,Burst
642,BuiltUp,LMG,620,High,0,3.6,Suppressive
643,Snow,LMG,255,High,0,6.5,Suppressive
644,Forest,Mortar,296,Low,1,4.4,Single
645,Snow,Mortar,60,Low,1,5.0,Burst
646,Mountain,Rifle,432,High,0,4.1,Single
647,Forest,LMG,455,Low,0,0.3,Single
648,BuiltUp,LMG,30,High,1,3.4,Suppressive
649,BuiltUp,Rifle,234,High,1,4.8,Single
650,Mountain,LMG,222,High,1,1.5,Suppressive
651,Open,Rifle,608,High,1,2.6,Single
652,Open,Rifle,466,Medium,1,4.3,Single
653,BuiltUp,LMG,32,High,0,4.3,Suppressive
654,Mountain,MMG,140,Low,0,5.8,Single
655,Open,Mortar,116,Low,1,4.4,Burst
656,Snow,LMG,305,Low,1,5.7,Suppressive
657,BuiltUp,MMG,485,Low,0,3.6,Single
658,Snow,Rifle,266,Medium,1,5.4,Single
659,Mountain,MMG,325,High,1,7.9,Suppressive
660,Snow,LMG,150,High,0,5.6,Suppressive
661,Open,LMG,324,Low,0,4.5,Single
662,Open,MMG,179,Low,0,3.1,Single
663,Forest,LMG,30,Low,0,5.2,Burst
664,BuiltUp,Mortar,314,High,1,4.6,Single
665,Mountain,MMG,248,Medium,0,6.1,Suppressive
666,BuiltUp,Rifle,85,Medium,1,1.4,Burst
667,Snow,MMG,496,Medium,1,4.6,Suppressive
668,Mountain,MMG,135,Medium,1,5.8,Suppressive
669,Mountain,MMG,341,Low,1,5.3,Suppressive
670,Open,MMG,195,High,0,4.3,Suppressive
671,Snow,Rifle,481,Low,1,4.3,Single
672,Open,Rifle,214,Medium,1,2.8,Single
673,Open,Rifle,30,Low,1,5.8,Burst
674,Forest,MMG,371,Medium,0,5.8,Suppressive
675,Open,Mortar,480,High,0,2.2,Smoke
676,BuiltUp,Mortar,185,Medium,0,6.5,Single
677,Mountain,Rifle,351,Low,0,3.7,Single
678,Open,Mortar,269,High,0,4.2,Single
679,BuiltUp,Mortar,192,Medium,1,8.7,Single
680,Snow,Mortar,376,Medium,0,8.2,Single
681,Mountain,Mortar,129,High,1,2.1,Single
682,Snow,Mortar,254,Low,0,2.4,Single
683,BuiltUp,LMG,288,High,1,2.9,Suppressive
684,Snow,Rifle,283,Low,0,8.2,Single
685,Snow,MMG,133,Medium,1,3.8,Suppressive
686,Snow,Mortar,558,Medium,0,2.1,Suppressive
687,Open,LMG,439,High,1,7.5,Suppressive
688,Open,MMG,398,Medium,1,6.2,Suppressive
689,Open,LMG,464,High,1,9.5,Suppressive
690,Mountain,Mortar,260,Medium,1,6.2,Single
691,BuiltUp,Mortar,194,Medium,1,4.9,Single
692,Open,Mortar,86,Low,1,5.5,Burst
693,Snow,Mortar,144,High,0,4.1,Single
694,Snow,MMG,97,High,0,7.6,Suppressive
695,Snow,MMG,170,Medium,1,7.7,Suppressive
696,Snow,LMG,291,Low,1,1.8,Suppressive
697,Forest,Rifle,387,Low,1,6.9,Single
698,Mountain,Mortar,382,High,1,2.9,Single
699,BuiltUp,LMG,74,High,1,9.8,Suppressive
700,BuiltUp,LMG,353,Medium,1,8.0,Suppressive
701,Open,LMG,421,High,1,2.7,Suppressive
702,Forest,Mortar,211,Medium,0,5.5,Single
703,BuiltUp,Mortar,429,Low,1,7.0,Smoke
704,Mountain,LMG,381,High,1,3.8,Suppressive
705,Snow,Mortar,60,Low,0,2.3,Burst
706,Open,LMG,578,Low,0,5.2,Single
707,Mountain,MMG,142,Medium,1,4.7,Suppressive
708,BuiltUp,Mortar,393,Low,0,3.2,Single
709,Forest,MMG,388,Medium,0,7.5,Suppressive
710,Open,Rifle,66,Medium,0,2.4,Burst
711,BuiltUp,Mortar,276,Low,1,4.8,Single
712,Open,Rifle,386,Low,1,5.4,Single
713,BuiltUp,LMG,64,Medium,0,5.6,Suppressive
714,Snow,Mortar,264,Medium,1,7.3,Single
715,Forest,Mortar,398,Low,1,4.5,Single
716,Snow,Mortar,408,Medium,1,0.3,Smoke
717,BuiltUp,Rifle,190,Medium,0,4.2,Single
718,Mountain,Rifle,481,High,0,6.5,Single
719,Snow,LMG,445,High,0,4.7,Suppressive
720,Mountain,MMG,286,High,0,4.7,Suppressive
721,BuiltUp,MMG,151,High,1,6.1,Suppressive
722,Forest,Rifle,75,High,1,6.3,Burst
723,Mountain,Mortar,306,Medium,1,1.4,Single
724,BuiltUp,MMG,469,Medium,0,5.0,Suppressive
725,Mountain,MMG,227,High,0,4.6,Suppressive
726,Snow,Rifle,121,Low,1,5.2,Single
727,BuiltUp,LMG,373,High,0,1.1,Suppressive
728,Snow,Rifle,276,Low,0,7.6,Single
729,Open,Rifle,327,Medium,1,5.0,Single
730,BuiltUp,Mortar,171,Low,0,5.8,Single
731,Mountain,Rifle,194,Medium,0,8.5,Single
732,Open,Mortar,170,Low,1,5.9,Single
733,Snow,LMG,324,Medium,0,1.9,Suppressive
734,Snow,Mortar,199,Medium,1,4.8,Single
735,Mountain,LMG,338,High,1,6.3,Suppressive
736,Open,LMG,156,Medium,0,5.1,Suppressive
737,Forest,LMG,324,High,1,8.4,Suppressive
738,Mountain,Rifle,355,High,0,3.3,Single
739,Snow,Mortar,299,High,0,7.5,Single
740,BuiltUp,MMG,387,Low,0,6.7,Single
741,Open,Rifle,177,Low,0,5.2,Single
742,Forest,LMG,353,Medium,0,5.7,Suppressive
743,BuiltUp,MMG,285,High,0,3.0,Suppressive
744,Open,Rifle,128,High,0,4.4,Single
745,Mountain,MMG,30,Medium,0,6.2,Suppressive
746,Mountain,LMG,30,High,0,4.7,Suppressive
747,Open,MMG,30,Medium,1,5.1,Suppressive
748,Forest,MMG,313,High,1,7.0,Suppressive
749,Open,LMG,201,Low,0,1.2,Single
750,BuiltUp,MMG,263,Medium,0,5.7,Suppressive
751,BuiltUp,Rifle,222,Medium,0,8.6,Single
752,Mountain,MMG,337,Low,1,4.2,Suppressive
753,Open,Mortar,341,Medium,1,2.5,Single
754,Mountain,Rifle,256,Low,0,4.2,Single
755,Forest,MMG,265,High,0,2.0,Suppressive
756,BuiltUp,Mortar,271,Low,0,5.5,Single
757,Snow,Mortar,458,Low,1,4.9,Smoke
758,Snow,Mortar,30,Medium,0,5.6,Burst
759,Open,MMG,149,High,1,4.7,Suppressive
760,Open,LMG,379,Low,1,5.4,Suppressive
761,Snow,Mortar,416,High,0,5.9,Smoke
762,Open,LMG,314,Low,1,2.6,Suppressive
763,BuiltUp,Rifle,222,Medium,0,5.7,Single
764,Forest,LMG,529,Low,1,7.9,Suppressive
765,Forest,LMG,276,Low,1,3.1,Suppressive
766,Mountain,LMG,254,High,0,5.6,Suppressive
767,BuiltUp,LMG,449,Low,0,7.6,Single
768,Open,LMG,321,Medium,1,2.7,Suppressive
769,Open,Rifle,390,Medium,1,6.6,Single
770,Mountain,Rifle,408,Low,1,4.6,Single
771,Mountain,LMG,194,Low,0,7.0,Single
772,Open,LMG,515,High,0,3.4,Suppressive
773,Open,Mortar,30,High,0,5.0,Burst
774,BuiltUp,Rifle,30,Medium,0,2.0,Burst
775,Mountain,MMG,147,High,1,5.9,Suppressive
776,BuiltUp,Rifle,186,Low,1,5.9,Single
777,Open,MMG,304,Medium,1,6.1,Suppressive
778,Snow,Mortar,146,High,1,6.0,Single
779,Snow,LMG,248,Medium,1,4.8,Suppressive
780,Open,Mortar,219,Low,0,2.0,Single
781,Mountain,LMG,550,High,0,7.0,Suppressive
782,Snow,Rifle,129,Low,1,4.9,Single
783,Mountain,LMG,30,Low,1,5.8,Suppressive
784,Snow,MMG,417,Medium,1,4.6,Suppressive
785,Mountain,MMG,142,Medium,1,8.9,Suppressive
786,Snow,Mortar,236,Medium,1,3.9,Single
787,Mountain,Rifle,153,High,1,3.8,Single
788,BuiltUp,MMG,360,High,1,1.9,Suppressive
789,Mountain,Mortar,43,Medium,1,5.2,Burst
790,BuiltUp,Rifle,30,High,0,8.7,Burst
791,BuiltUp,Rifle,444,High,1,5.3,Single
792,Open,Mortar,287,Medium,1,5.5,Single
793,BuiltUp,MMG,410,Low,0,6.9,Single
794,Forest,MMG,439,High,0,5.3,Suppressive
795,BuiltUp,Mortar,112,High,1,7.4,Burst
796,Mountain,MMG,259,Low,0,7.7,Single
797,BuiltUp,Mortar,325,Low,0,3.8,Single
798,Mountain,MMG,233,Low,1,2.1,Suppressive
799,Mountain,MMG,203,Medium,0,6.4,Suppressive
800,Forest,Mortar,217,Low,1,5.6,Single
801,BuiltUp,Mortar,412,Medium,1,2.9,Smoke
802,BuiltUp,MMG,211,Low,1,3.6,Suppressive
803,Snow,Mortar,340,Low,0,3.6,Single
804,Snow,MMG,302,Medium,0,5.3,Suppressive
805,Open,LMG,105,Medium,1,7.0,Suppressive
806,Mountain,Rifle,295,Low,1,7.1,Single
807,Forest,Rifle,30,Low,0,6.6,Burst
808,Snow,MMG,310,Low,1,4.4,Suppressive
809,BuiltUp,Rifle,383,High,0,9.4,Single
810,Open,MMG,418,Low,0,5.1,Single
811,Forest,Mortar,107,Medium,0,4.2,Burst
812,BuiltUp,LMG,169,High,0,2.3,Suppressive
813,BuiltUp,Rifle,292,Medium,0,4.3,Single
814,Mountain,Rifle,178,High,0,5.9,Single
815,Mountain,Mortar,30,High,1,1.8,Burst
816,Snow,LMG,168,Medium,1,3.1,Suppressive
817,Snow,LMG,292,High,0,4.1,Suppressive
818,BuiltUp,LMG,410,Medium,0,3.4,Suppressive
819,BuiltUp,Mortar,503,Low,1,3.3,Smoke
820,Snow,Rifle,268,High,1,7.2,Single
821,Snow,Rifle,334,Medium,1,1.7,Single
822,BuiltUp,LMG,394,High,1,5.4,Suppressive
823,Forest,Mortar,30,Medium,1,6.0,Burst
824,BuiltUp,Mortar,97,Low,1,4.0,Burst
825,Forest,Mortar,265,Low,1,4.5,Single
826,Forest,LMG,483,High,1,4.9,Suppressive
827,BuiltUp,Mortar,344,High,0,6.3,Single
828,Open,LMG,299,Medium,1,8.1,Suppressive
829,Snow,LMG,215,Medium,0,2.4,Suppressive
830,Mountain,LMG,314,High,1,3.2,Suppressive
831,BuiltUp,MMG,160,Medium,1,3.3,Suppressive
832,Forest,LMG,133,Medium,1,5.0,Suppressive
833,BuiltUp,Mortar,146,Medium,1,4.2,Single
834,Snow,MMG,451,High,1,6.3,Suppressive
835,Forest,Rifle,123,Low,0,3.7,Single
836,Mountain,Rifle,190,Low,1,3.2,Single
837,Mountain,Mortar,320,Medium,0,3.5,Single
838,Mountain,Mortar,117,High,0,5.2,Burst
839,Open,Mortar,283,Medium,1,6.9,Single
840,Forest,Mortar,283,Low,0,4.9,Single
841,Forest,MMG,156,Medium,1,3.9,Suppressive
842,Open,Mortar,211,Low,1,2.9,Single
843,Forest,LMG,108,High,1,7.9,Suppressive
844,Open,Rifle,457,Medium,0,1.5,Single
845,BuiltUp,Mortar,288,High,1,4.6,Single
846,Snow,LMG,92,Medium,0,6.5,Suppressive
847,Mountain,Mortar,268,Medium,1,4.6,Single
848,Open,LMG,275,Medium,1,3.9,Suppressive
849,Open,MMG,30,Medium,0,6.1,Suppressive
850,Open,Rifle,451,Medium,0,2.8,Single
851,BuiltUp,Rifle,101,High,0,1.5,Burst
852,Open,MMG,563,High,0,5.7,Suppressive
853,Snow,LMG,369,Low,0,3.0,Single
854,Snow,Mortar,80,Medium,0,5.3,Burst
855,Mountain,LMG,202,Low,1,4.8,Suppressive
856,BuiltUp,Rifle,388,High,0,5.5,Single
857,Snow,MMG,214,Low,1,4.5,Suppressive
858,Forest,MMG,426,High,1,6.1,Suppressive
859,Forest,LMG,193,Medium,1,3.6,Suppressive
860,Forest,LMG,238,Low,1,6.6,Suppressive
861,Open,MMG,392,Low,1,2.6,Suppressive
862,Open,Rifle,340,Low,0,7.3,Single
863,Forest,Mortar,111,Low,1,9.1,Burst
864,Mountain,Mortar,315,Medium,1,5.2,Single
865,Mountain,LMG,275,High,1,8.1,Suppressive
866,Open,MMG,113,High,0,8.7,Suppressive
867,Forest,MMG,41,Medium,0,4.4,Suppressive
868,Mountain,MMG,30,High,0,5.1,Suppressive
869,Open,Rifle,205,Low,0,3.4,Single
870,Forest,LMG,241,Medium,1,3.5,Suppressive
871,BuiltUp,LMG,325,High,0,5.5,Suppressive
872,Forest,LMG,373,Medium,1,1.7,Suppressive
873,Forest,Rifle,187,Medium,0,6.7,Single
874,Snow,LMG,237,High,0,5.3,Suppressive
875,Snow,Mortar,136,High,0,6.4,Single
876,BuiltUp,LMG,263,Medium,0,4.6,Suppressive
877,BuiltUp,LMG,395,Medium,1,6.3,Suppressive
878,Forest,LMG,265,High,0,5.5,Suppressive
879,Mountain,Rifle,424,Medium,1,6.0,Single
880,BuiltUp,Mortar,392,High,1,6.8,Single
881,Forest,Mortar,468,Medium,1,2.5,Smoke
882,Open,MMG,269,Medium,1,3.6,Suppressive
883,Snow,MMG,170,Medium,1,9.6,Suppressive
884,Mountain,Mortar,343,High,1,5.4,Single
885,Forest,LMG,194,Low,1,1.6,Suppressive
886,Open,LMG,338,High,0,1.6,Suppressive
887,Snow,LMG,150,Medium,1,4.9,Suppressive
888,Open,Rifle,125,Low,0,4.0,Single
889,Forest,LMG,432,Low,0,3.4,Single
890,BuiltUp,Rifle,98,Medium,1,8.6,Burst
891,Snow,Mortar,403,High,1,4.3,Smoke
892,Open,LMG,337,Low,0,6.6,Single
893,BuiltUp,LMG,264,Low,0,5.5,Single
894,Mountain,MMG,30,High,1,4.4,Suppressive
895,Forest,Mortar,472,High,1,2.7,Smoke
896,Forest,LMG,109,Low,0,6.5,Burst
897,Snow,Rifle,392,High,0,0.3,Single
898,Open,Mortar,146,Low,1,6.7,Single
899,Mountain,MMG,134,Medium,0,5.3,Suppressive
900,Snow,Mortar,350,High,0,6.2,Single
901,Snow,Rifle,330,Low,1,5.0,Single
902,Open,MMG,78,High,0,2.5,Suppressive
903,Mountain,Rifle,465,High,1,5.8,Single
904,Open,Mortar,219,Low,1,6.7,Single
905,Forest,MMG,260,Medium,1,4.0,Suppressive
906,BuiltUp,Rifle,205,Low,0,6.3,Single
907,Forest,Mortar,84,High,1,5.6,Burst
908,Forest,Rifle,360,Low,0,5.9,Single
909,Snow,LMG,293,High,1,3.3,Suppressive
910,Forest,Mortar,129,Low,1,7.6,Single
911,Mountain,MMG,391,Medium,0,5.6,Suppressive
912,Forest,MMG,258,Medium,0,6.7,Suppressive
913,Mountain,LMG,261,Medium,0,4.2,Suppressive
914,Open,Rifle,516,Medium,1,7.0,Single
915,Snow,Rifle,30,Low,0,4.2,Burst
916,Mountain,MMG,30,Medium,1,3.2,Suppressive
917,Forest,Rifle,40,Low,0,8.5,Burst
918,Snow,Mortar,304,High,1,0.3,Single
919,Snow,Mortar,196,High,1,11.0,Single
920,Mountain,MMG,208,High,1,6.4,Suppressive
921,Mountain,Mortar,108,Medium,1,4.4,Burst
922,BuiltUp,MMG,499,Medium,0,5.7,Suppressive
923,BuiltUp,Rifle,550,Medium,0,6.4,Single
924,Snow,Rifle,384,High,1,4.3,Single
925,BuiltUp,Rifle,30,High,1,9.1,Burst
926,Forest,LMG,176,High,0,8.0,Suppressive
927,Open,MMG,374,High,0,10.5,Suppressive
928,Snow,Mortar,243,Low,0,2.6,Single
929,Open,Rifle,385,Low,0,5.4,Single
930,BuiltUp,LMG,437,Medium,0,2.2,Suppressive
931,Mountain,Mortar,536,Medium,0,2.8,Suppressive
932,Snow,Mortar,151,High,1,4.3,Single
933,BuiltUp,Mortar,262,Low,0,4.4,Single
934,Forest,Rifle,183,Low,0,5.7,Single
935,Snow,Mortar,30,Medium,1,4.8,Burst
936,Snow,MMG,355,Low,0,6.6,Single
937,Mountain,LMG,334,Medium,0,5.6,Suppressive
938,Snow,Mortar,167,High,0,8.3,Single
939,Mountain,Mortar,30,High,1,6.7,Burst
940,BuiltUp,MMG,192,Medium,0,2.6,Suppressive
941,Forest,Mortar,359,High,1,4.7,Single
942,Forest,Rifle,450,High,0,4.8,Single
943,Snow,Rifle,143,Low,1,5.9,Single
944,Snow,Rifle,416,Low,0,7.2,Single
945,BuiltUp,Mortar,343,Low,0,5.6,Single
946,Mountain,LMG,311,Low,0,6.2,Single
947,Forest,LMG,55,Low,1,2.7,Suppressive
948,Mountain,Mortar,62,Medium,0,4.1,Burst
949,BuiltUp,LMG,125,Medium,0,1.2,Suppressive
950,Forest,LMG,201,Low,1,5.9,Suppressive
951,Forest,Mortar,520,High,1,6.7,Smoke
952,Open,Rifle,150,High,1,2.4,Single
953,BuiltUp,Mortar,365,Medium,0,5.3,Single
954,BuiltUp,Rifle,180,Medium,1,4.8,Single
955,Open,Rifle,320,Medium,0,8.4,Single
956,Mountain,LMG,240,High,1,3.2,Suppressive
957,Open,LMG,276,Medium,1,6.8,Suppressive
958,BuiltUp,Rifle,305,High,0,7.3,Single
959,Mountain,Rifle,212,Medium,0,4.6,Single
960,Forest,LMG,306,High,0,5.6,Suppressive
961,Open,MMG,435,Medium,0,7.2,Suppressive
962,Mountain,Rifle,136,Medium,1,2.8,Single
963,Mountain,Rifle,427,High,1,4.1,Single
964,Mountain,Rifle,210,Medium,1,5.4,Single
965,Open,LMG,194,Low,0,9.1,Single
966,Forest,Mortar,354,High,0,4.2,Single
967,Mountain,Rifle,198,Medium,1,4.5,Single
968,Open,Rifle,297,High,1,8.1,Single
969,BuiltUp,Rifle,283,Medium,0,6.3,Single
970,Open,Mortar,30,Low,1,9.4,Burst
971,Open,Mortar,312,Medium,1,7.2,Single
972,Open,Rifle,33,Medium,1,4.7,Burst
973,Mountain,Rifle,45,Low,0,4.4,Burst
974,Open,MMG,304,High,1,3.4,Suppressive
975,BuiltUp,Mortar,330,Medium,0,2.4,Single
976,Mountain,MMG,430,Medium,1,5.7,Suppressive
977,BuiltUp,Rifle,86,Low,0,6.3,Burst
978,Snow,Rifle,138,High,1,6.5,Single
979,Open,Rifle,319,High,1,4.8,Single
980,Mountain,Rifle,433,Low,1,8.9,Single
981,Mountain,LMG,278,Low,0,2.3,Single
982,Open,LMG,118,Medium,1,2.1,Suppressive
983,Forest,LMG,475,Low,1,3.4,Suppressive
984,Forest,MMG,210,Low,0,5.0,Single
985,BuiltUp,Mortar,215,Low,0,2.8,Single
986,Open,Rifle,34,High,1,7.7,Burst
987,Open,Mortar,358,Low,1,3.5,Single
988,Snow,LMG,377,Medium,1,3.2,Suppressive
989,Forest,Rifle,144,Medium,1,7.1,Single
990,Forest,Rifle,512,Medium,1,5.4,Single
991,Open,MMG,161,Low,0,6.6,Single
992,BuiltUp,Mortar,343,High,1,4.9,Single
993,Open,MMG,283,Low,0,5.5,Single
994,BuiltUp,LMG,30,Low,0,2.1,Burst
995,Forest,Mortar,331,Medium,1,4.7,Single
996,Snow,LMG,318,Low,0,2.9,Single
997,Mountain,MMG,30,High,1,8.9,Suppressive
998,Forest,MMG,478,Medium,0,7.6,Suppressive
999,BuiltUp,Rifle,318,High,0,3.7,Single
1000,Open,Mortar,435,High,1,4.6,Smoke
1001,Forest,Mortar,30,High,1,4.7,Burst
1002,Snow,Rifle,188,Low,0,9.3,Single
1003,BuiltUp,Mortar,427,Low,1,5.8,Smoke
1004,Open,LMG,30,Low,1,4.1,Suppressive
1005,Mountain,LMG,192,Low,0,5.3,Single
1006,BuiltUp,MMG,310,Medium,0,1.9,Suppressive
1007,Open,LMG,30,Low,0,4.9,Burst
1008,Mountain,Mortar,51,Medium,1,2.8,Burst
1009,Open,Rifle,457,High,1,1.3,Single
1010,Mountain,MMG,258,Medium,1,9.0,Suppressive
1011,Mountain,Rifle,426,Low,0,4.9,Single
1012,Mountain,MMG,277,Medium,1,3.5,Suppressive
1013,Open,MMG,618,Low,0,1.6,Single
1014,Mountain,Rifle,315,Low,0,4.6,Single
1015,BuiltUp,LMG,440,Medium,0,4.7,Suppressive
1016,Snow,LMG,213,Medium,0,6.5,Suppressive
1017,Snow,LMG,281,High,0,3.1,Suppressive
1018,Mountain,LMG,346,High,0,3.9,Suppressive
1019,Snow,Rifle,371,High,0,3.2,Single
1020,Snow,Mortar,244,High,1,4.6,Single
1021,Mountain,MMG,250,High,0,1.0,Suppressive
1022,Mountain,Rifle,325,Medium,1,3.4,Single
1023,BuiltUp,LMG,325,High,1,6.3,Suppressive
1024,Forest,LMG,96,Medium,1,2.5,Suppressive
1025,Open,Rifle,283,High,1,7.0,Single
1026,Mountain,MMG,298,Low,1,6.7,Suppressive
1027,Mountain,Rifle,103,High,0,6.9,Burst
1028,Snow,Rifle,385,Low,1,5.0,Single
1029,BuiltUp,Mortar,311,Medium,1,4.8,Single
1030,Snow,Rifle,599,High,1,5.6,Single
1031,Mountain,Mortar,246,Medium,0,7.6,Single
1032,Mountain,MMG,420,High,1,7.5,Suppressive
1033,Snow,Rifle,330,Medium,1,1.7,Single
1034,Mountain,Rifle,538,High,1,3.3,Single
1035,Forest,LMG,104,High,1,2.9,Suppressive
1036,Open,Rifle,175,Low,0,6.5,Single
1037,Open,LMG,109,Medium,1,3.6,Suppressive
1038,Open,LMG,238,Medium,0,4.6,Suppressive
1039,Forest,LMG,81,Medium,0,8.4,Suppressive
1040,Mountain,MMG,30,Medium,1,7.2,Suppressive
1041,Snow,Mortar,30,Medium,1,7.8,Burst
1042,BuiltUp,LMG,30,Low,0,3.6,Burst
1043,Mountain,Rifle,348,High,1,0.3,Single
1044,Forest,Rifle,181,Low,1,4.2,Single
1045,Forest,LMG,64,Medium,1,2.1,Suppressive
1046,Open,LMG,151,Medium,0,1.1,Suppressive
1047,Mountain,Rifle,170,High,0,7.3,Single
1048,Open,LMG,105,Low,1,3.2,Suppressive
1049,BuiltUp,Mortar,490,High,1,3.4,Smoke
1050,Open,Mortar,462,High,0,4.3,Smoke
1051,BuiltUp,MMG,488,Low,0,8.3,Single
1052,Forest,LMG,276,High,0,4.7,Suppressive
1053,Open,MMG,292,Low,0,6.9,Single
1054,Open,MMG,152,Low,0,4.4,Single
1055,Snow,MMG,122,Medium,0,1.8,Suppressive
1056,Forest,LMG,253,High,0,2.6,Suppressive
1057,Snow,MMG,347,Medium,1,5.0,Suppressive
1058,BuiltUp,Mortar,429,High,0,5.2,Smoke
1059,BuiltUp,MMG,168,High,0,6.1,Suppressive
1060,Forest,Mortar,62,Medium,1,6.1,Burst
1061,BuiltUp,Mortar,360,Medium,1,6.8,Single
1062,Forest,LMG,30,Medium,1,3.5,Suppressive
1063,BuiltUp,MMG,244,Low,0,8.7,Single
1064,Mountain,LMG,263,High,0,8.8,Suppressive
1065,Open,Mortar,193,Low,1,4.0,Single
1066,Mountain,Rifle,30,High,1,3.4,Burst
1067,Forest,MMG,195,High,1,1.4,Suppressive
1068,Forest,LMG,496,Low,0,5.3,Single
1069,Mountain,Rifle,338,Low,1,5.9,Single
1070,Open,MMG,424,High,0,3.8,Suppressive
1071,Open,MMG,67,Medium,0,5.6,Suppressive
1072,Snow,LMG,288,Medium,0,2.2,Suppressive
1073,BuiltUp,Rifle,263,Medium,0,6.9,Single
1074,Snow,LMG,266,Medium,1,3.9,Suppressive
1075,Open,MMG,333,High,1,5.6,Suppressive
1076,Mountain,MMG,272,Medium,1,5.4,Suppressive
1077,BuiltUp,Mortar,71,Medium,0,1.1,Burst
1078,Mountain,MMG,341,Medium,1,6.7,Suppressive
1079,Snow,MMG,376,High,0,3.4,Suppressive
1080,Forest,Rifle,447,Low,0,5.4,Single
1081,Mountain,Rifle,454,Medium,0,2.2,Single
1082,Snow,Mortar,321,High,1,4.0,Single
1083,Snow,Mortar,78,High,0,5.7,Burst
1084,Snow,Mortar,30,Medium,0,2.8,Burst
1085,Forest,LMG,215,Low,1,3.0,Suppressive
1086,Forest,LMG,387,Low,1,5.3,Suppressive
1087,Forest,Mortar,378,Low,1,4.7,Single
1088,BuiltUp,LMG,291,High,0,5.7,Suppressive
1089,Forest,MMG,244,Medium,0,4.3,Suppressive
1090,Forest,Mortar,535,Medium,1,6.3,Smoke
1091,Forest,Mortar,336,High,0,3.9,Single
1092,Mountain,LMG,236,Medium,0,6.2,Suppressive
1093,Forest,Rifle,153,Medium,1,3.2,Single
1094,BuiltUp,Mortar,98,Low,1,3.8,Burst
1095,Snow,LMG,83,Medium,1,6.5,Suppressive
1096,Mountain,LMG,98,Medium,1,4.0,Suppressive
1097,Open,Rifle,292,High,1,2.7,Single
1098,Forest,Mortar,247,High,1,8.5,Single
1099,Snow,Rifle,201,Low,1,4.9,Single
1100,Snow,MMG,360,High,1,5.9,Suppressive
1101,Mountain,Rifle,521,Low,0,0.5,Single
1102,Open,Rifle,126,Low,0,7.7,Single
1103,BuiltUp,LMG,148,Medium,0,10.3,Suppressive
1104,Snow,Rifle,30,Low,0,7.5,Burst
1105,Snow,MMG,246,Medium,0,7.8,Suppressive
1106,Snow,LMG,230,Low,0,4.2,Single
1107,Snow,MMG,383,High,0,5.5,Suppressive
1108,Mountain,Rifle,236,High,0,6.0,Single
1109,Open,MMG,161,High,0,3.6,Suppressive
1110,Snow,MMG,278,Low,0,4.8,Single
1111,BuiltUp,Rifle,333,Low,0,3.0,Single
1112,BuiltUp,Rifle,30,Medium,1,4.2,Burst
1113,Forest,LMG,401,Medium,0,6.7,Suppressive
1114,Snow,LMG,445,Medium,1,1.5,Suppressive
1115,Snow,Mortar,332,Medium,0,6.9,Single
1116,Snow,LMG,109,Low,1,1.8,Suppressive
1117,Snow,Rifle,201,Low,0,5.1,Single
1118,Snow,MMG,427,Medium,1,5.3,Suppressive
1119,BuiltUp,MMG,103,Low,0,6.1,Burst
1120,Open,LMG,344,Low,1,4.6,Suppressive
1121,Open,LMG,242,Low,0,2.9,Single
1122,Forest,Rifle,274,Low,1,5.4,Single
1123,BuiltUp,MMG,124,Medium,0,9.3,Suppressive
1124,Snow,Mortar,299,Medium,1,5.0,Single
1125,Open,Mortar,288,Low,1,3.2,Single
1126,Mountain,LMG,30,High,1,4.1,Suppressive
1127,Mountain,Mortar,249,Medium,1,5.3,Single
1128,Mountain,Rifle,342,Medium,1,4.5,Single
1129,Snow,Mortar,192,High,1,4.2,Single
1130,Snow,LMG,30,Medium,1,7.7,Suppressive
1131,Forest,Rifle,232,High,1,6.0,Single
1132,Forest,MMG,469,High,0,4.8,Suppressive
1133,Forest,Rifle,198,Low,0,4.8,Single
1134,Mountain,LMG,464,Medium,0,5.3,Suppressive
1135,Snow,LMG,128,High,1,6.1,Suppressive
1136,Mountain,Mortar,75,Low,1,7.6,Burst
1137,Forest,Mortar,249,Medium,0,4.2,Single
1138,Snow,MMG,126,Low,0,3.0,Single
1139,BuiltUp,MMG,299,Low,1,3.9,Suppressive
1140,Open,LMG,194,High,1,3.2,Suppressive
1141,Open,LMG,471,Medium,0,1.9,Suppressive
1142,Forest,LMG,183,Low,1,7.8,Suppressive
1143,Mountain,MMG,263,High,0,6.7,Suppressive
1144,BuiltUp,LMG,339,High,1,0.4,Suppressive
1145,Snow,MMG,393,Low,0,5.4,Single
1146,Mountain,LMG,471,Low,0,4.2,Single
1147,Forest,Rifle,214,High,1,4.0,Single
1148,Mountain,Rifle,190,Low,0,0.3,Single
1149,Forest,LMG,30,Low,1,4.9,Suppressive
1150,Open,Rifle,556,Medium,1,5.2,Single
1151,Open,MMG,304,High,1,2.6,Suppressive
1152,Mountain,Mortar,362,Low,1,8.2,Single
1153,BuiltUp,Rifle,333,High,1,6.6,Single
1154,Snow,Mortar,257,Medium,0,2.9,Single
1155,Forest,Rifle,302,High,1,7.0,Single
1156,Snow,MMG,166,High,1,4.1,Suppressive
1157,Open,Rifle,204,High,0,7.1,Single
1158,BuiltUp,Rifle,107,Medium,1,2.1,Burst
1159,BuiltUp,LMG,483,Medium,0,5.3,Suppressive
1160,Snow,Mortar,334,High,1,2.6,Single
1161,Open,Mortar,546,High,0,3.3,Smoke
1162,Snow,MMG,594,Medium,1,1.1,Suppressive
1163,Mountain,MMG,39,Low,1,2.5,Suppressive
1164,BuiltUp,Mortar,397,Medium,1,2.5,Single
1165,BuiltUp,LMG,46,High,1,2.3,Suppressive
1166,Mountain,LMG,276,Low,1,5.4,Suppressive
1167,Open,Mortar,297,Low,0,1.5,Single
1168,BuiltUp,Rifle,56,Low,0,5.6,Burst
1169,Forest,Mortar,139,Medium,1,7.0,Single
1170,Forest,Rifle,304,Medium,0,3.2,Single
1171,Open,Mortar,276,Medium,1,4.8,Single
1172,Mountain,Rifle,97,Medium,1,4.3,Burst
1173,Snow,LMG,145,High,1,4.2,Suppressive
1174,Open,Mortar,30,Low,0,0.3,Single
1175,Snow,MMG,69,High,1,2.7,Suppressive
1176,Open,Rifle,194,Medium,0,7.9,Single
1177,Forest,LMG,398,Medium,1,5.6,Suppressive
1178,Mountain,MMG,417,High,1,4.5,Suppressive
1179,Forest,LMG,525,Low,0,1.0,Single
1180,Mountain,Rifle,313,Low,1,6.2,Single
1181,Snow,Mortar,278,Medium,0,3.2,Single
1182,Open,LMG,324,Medium,1,2.5,Suppressive
1183,BuiltUp,Mortar,322,Medium,1,2.7,Single
1184,BuiltUp,Mortar,30,Medium,1,6.0,Burst
1185,Mountain,LMG,533,Low,0,4.9,Single
1186,Mountain,LMG,30,High,1,6.7,Suppressive
1187,Forest,LMG,422,Low,0,7.3,Single
1188,BuiltUp,Mortar,258,High,1,3.5,Single
1189,Forest,MMG,86,Medium,1,4.9,Suppressive
1190,Snow,Rifle,329,Medium,0,4.4,Single
1191,BuiltUp,MMG,232,High,1,2.3,Suppressive
1192,Snow,Mortar,147,Medium,1,2.6,Single
1193,Open,LMG,42,Low,0,4.7,Burst
1194,Forest,LMG,30,Medium,0,4.9,Suppressive
1195,Mountain,Rifle,158,Medium,0,4.9,Single
1196,BuiltUp,Rifle,191,Medium,1,4.9,Single
1197,Forest,MMG,68,Medium,0,3.4,Suppressive
1198,Mountain,MMG,255,Low,0,9.2,Single
1199,Open,Rifle,89,High,1,5.5,Burst
1200,BuiltUp,Mortar,304,Medium,0,3.8,Single
