patrol_id,unit,duration_min,distance_km,avg_speed_kmph,halts_count,comms_silence_gaps_min,heart_rate_avg,deviation_from_plan_m,anomaly_label
1,RifleCoy,245,19.1,4.68,8,4.4,119.5,193.6,0
2,SF,277,3.5,1.0,8,3.0,108.7,111.3,1
3,AssamRifles,149,10.1,4.07,11,4.2,114.7,109.8,0
4,RifleCoy,199,15.6,4.69,4,0.7,121.4,0.0,0
5,SF,251,7.5,1.8,5,3.1,111.8,157.1,0
6,RifleCoy,267,4.3,1.0,3,0.2,121.8,17.7,1
7,SF,190,9.4,2.97,1,0.2,105.0,77.8,0
8,SF,350,17.2,2.95,8,5.4,128.0,37.7,0
9,RR,268,7.6,1.71,7,15.2,102.4,94.4,0
10,RR,286,10.2,2.14,7,7.5,99.7,172.0,0
11,RR,283,14.1,2.99,8,3.2,103.0,22.3,0
12,AssamRifles,146,9.1,3.74,14,0.3,95.4,36.9,0
13,RifleCoy,233,9.8,2.52,6,0.2,121.3,88.4,1
14,SF,239,8.7,2.19,4,0.9,86.4,174.2,0
15,RifleCoy,224,9.2,2.45,6,18.6,103.5,54.5,1
16,AssamRifles,252,6.2,1.47,8,2.5,114.9,37.0,0
17,RR,113,10.7,5.69,3,9.3,110.2,89.8,0
18,RR,247,17.3,4.21,3,6.1,109.4,80.4,0
19,RifleCoy,221,19.9,5.41,5,4.6,107.9,18.5,0
20,RifleCoy,113,18.2,8.0,4,14.8,112.5,55.7,1
21,SF,265,12.7,2.87,4,1.3,95.0,0.0,0
22,RifleCoy,169,20.3,7.21,5,3.0,102.8,78.2,1
23,SF,217,23.5,6.5,6,10.0,106.1,5.2,1
24,SF,224,12.9,3.46,10,4.0,116.8,228.1,0
25,RR,129,7.0,3.28,8,1.4,124.1,113.3,0
26,RifleCoy,135,18.6,8.0,3,1.2,108.0,95.2,1
27,RR,272,6.0,1.32,3,7.0,121.0,111.6,0
28,SF,203,7.6,2.24,6,0.1,111.3,50.5,0
29,RR,216,2.0,1.0,11,12.3,108.9,71.5,1
30,RR,244,15.6,3.85,2,0.1,121.8,110.3,0
31,SF,134,2.0,1.0,5,5.0,88.3,21.4,1
32,AssamRifles,215,17.0,4.73,7,4.6,116.6,121.0,0
33,AssamRifles,233,21.0,5.42,5,4.3,99.7,206.4,0
34,RifleCoy,345,20.6,3.59,4,3.2,125.6,0.0,0
35,RR,184,5.7,1.85,10,9.6,100.1,112.0,0
36,RifleCoy,287,2.7,1.0,10,5.4,105.3,30.9,1
37,RR,239,8.8,2.21,4,7.6,86.5,121.5,0
38,RifleCoy,171,16.4,5.75,3,0.6,115.5,100.3,0
39,RifleCoy,202,18.0,5.35,9,0.3,103.7,192.8,0
40,SF,291,15.3,3.16,9,0.1,101.9,182.1,0
41,AssamRifles,286,14.6,3.07,3,0.8,110.4,0.0,0
42,AssamRifles,208,23.8,6.87,7,5.5,85.0,125.9,1
43,AssamRifles,260,9.6,2.22,8,3.4,99.6,124.8,0
44,SF,177,8.1,2.75,1,7.0,107.2,151.3,1
45,AssamRifles,229,6.1,1.59,8,1.1,132.0,108.3,0
46,SF,214,14.2,3.97,3,2.3,112.8,115.8,0
47,RR,295,11.1,2.26,2,11.0,115.9,18.0,0
48,SF,267,16.1,3.62,6,13.7,110.9,105.3,0
49,RifleCoy,199,9.7,2.94,5,12.7,161.1,67.0,0
50,RifleCoy,205,15.1,4.43,6,8.5,123.5,121.0,0
51,RR,238,10.1,2.54,4,5.8,79.5,74.3,0
52,RR,230,11.2,2.92,12,12.2,113.3,106.8,0
53,RifleCoy,223,11.7,3.14,10,6.3,126.4,117.0,0
54,AssamRifles,218,3.5,1.0,7,15.4,88.2,118.1,1
55,AssamRifles,322,11.3,2.11,5,0.1,111.6,35.4,0
56,AssamRifles,212,14.8,4.19,6,12.7,101.9,225.1,0
57,RR,257,7.1,1.65,8,4.1,97.2,95.2,0
58,RifleCoy,385,21.6,3.36,7,0.6,130.0,117.9,0
59,SF,189,12.0,3.82,8,1.2,100.1,83.5,0
60,RR,251,8.9,2.12,6,9.6,100.2,13.5,0
61,RifleCoy,254,8.7,2.06,8,3.5,96.5,127.0,0
62,AssamRifles,239,18.9,4.73,3,20.3,93.7,96.1,0
63,AssamRifles,242,7.9,1.95,5,0.6,101.8,133.3,0
64,AssamRifles,187,13.5,4.33,3,2.7,101.1,40.1,0
65,RifleCoy,261,16.4,3.77,8,2.0,92.2,60.1,0
66,AssamRifles,129,14.8,6.87,10,3.6,109.6,96.1,1
67,RifleCoy,347,9.2,1.59,5,5.0,72.1,82.9,0
68,RR,342,16.2,2.84,10,5.4,111.5,62.8,0
69,SF,220,12.8,3.49,6,0.0,124.6,96.1,0
70,AssamRifles,303,3.4,1.0,5,0.5,102.0,165.8,1
71,RR,222,18.1,4.9,3,0.2,115.3,107.5,0
72,RR,240,8.9,2.23,8,10.0,106.2,150.4,0
73,RifleCoy,199,11.1,3.35,4,1.9,145.3,69.9,0
74,RR,289,13.5,2.81,8,2.3,124.6,83.3,0
75,RifleCoy,205,9.3,2.73,4,3.0,97.0,94.6,0
76,RifleCoy,287,15.8,3.3,7,9.5,129.4,53.3,0
77,RR,237,6.5,1.64,4,0.1,146.2,95.1,1
78,RifleCoy,238,9.1,2.3,3,0.6,106.8,174.1,0
79,RifleCoy,150,18.1,7.25,8,5.8,117.3,184.7,1
80,RifleCoy,243,12.1,2.99,7,16.6,125.2,162.5,0
81,RR,171,6.7,2.36,5,5.1,93.2,98.3,0
82,SF,243,12.4,3.06,6,1.5,82.5,36.9,0
83,RifleCoy,356,14.0,2.36,6,3.7,112.4,226.8,0
84,AssamRifles,156,4.1,1.57,4,18.4,97.7,49.2,0
85,RR,231,20.3,5.27,5,3.8,106.7,171.5,0
86,RR,201,20.9,6.25,4,2.3,125.4,102.0,0
87,RifleCoy,177,12.6,4.27,4,2.4,118.5,18.0,0
88,RR,192,11.0,3.44,7,17.1,118.4,0.0,0
89,AssamRifles,328,12.1,2.22,10,6.3,108.1,163.4,0
90,SF,344,16.5,2.87,7,5.8,100.3,45.5,0
91,RR,177,14.3,4.83,7,1.3,99.4,4.4,0
92,RR,264,13.2,3.0,10,4.1,136.2,63.9,0
93,RR,184,18.9,6.17,5,2.2,143.8,79.7,0
94,RifleCoy,199,17.7,5.32,5,1.4,126.2,102.3,0
95,AssamRifles,117,7.2,3.69,9,11.3,105.8,99.2,0
96,SF,367,16.4,2.69,6,2.4,93.3,36.1,0
97,AssamRifles,305,17.8,3.49,8,1.7,150.8,80.1,0
98,AssamRifles,200,13.4,4.02,8,13.4,116.8,183.1,0
99,RR,257,15.0,3.5,6,1.1,116.5,16.8,0
100,SF,216,10.5,2.91,9,6.8,101.0,108.3,0
101,AssamRifles,296,6.0,1.21,8,5.3,120.3,16.8,0
102,SF,219,21.4,5.87,6,12.7,106.9,55.3,0
103,RifleCoy,228,5.3,1.4,6,8.9,94.2,147.9,0
104,RR,200,20.4,6.12,7,6.1,104.9,0.0,0
105,RifleCoy,276,11.7,2.54,4,1.9,116.0,205.9,0
106,SF,372,18.2,2.94,7,3.4,133.0,2.4,0
107,RR,222,12.1,3.27,3,14.5,86.4,0.0,1
108,RifleCoy,222,16.7,4.51,2,0.1,91.4,81.2,0
109,RR,238,14.2,3.59,5,7.9,103.6,54.3,1
110,RifleCoy,255,8.7,2.04,5,1.5,96.0,42.9,0
111,AssamRifles,222,12.7,3.42,8,1.0,110.0,118.5,0
112,RR,216,11.3,3.13,7,1.3,102.6,24.5,0
113,SF,244,15.2,3.74,5,0.3,111.9,114.2,0
114,RR,134,12.7,5.69,4,24.1,112.5,129.6,0
115,SF,207,13.4,3.89,4,10.2,89.7,0.0,0
116,RifleCoy,119,6.9,3.46,6,3.7,106.9,141.6,0
117,RifleCoy,210,5.6,1.6,11,6.3,98.0,126.4,0
118,SF,183,12.4,4.05,6,4.1,127.1,173.1,0
119,RifleCoy,277,12.9,2.8,7,8.3,99.8,80.3,0
120,RR,195,6.7,2.07,11,9.3,102.6,29.9,0
121,RifleCoy,218,14.9,4.09,5,1.3,96.4,155.2,0
122,SF,111,15.1,8.0,14,3.1,109.6,82.9,1
123,SF,301,12.8,2.55,6,5.0,107.7,189.4,0
124,AssamRifles,174,12.1,4.17,1,19.2,132.2,122.6,0
125,SF,211,5.7,1.61,8,5.7,109.5,78.4,0
126,RifleCoy,286,5.6,1.17,4,11.4,130.2,27.1,1
127,SF,286,14.0,2.93,3,9.4,133.1,73.7,1
128,RifleCoy,173,7.9,2.73,2,4.4,104.7,136.2,0
129,RifleCoy,271,8.2,1.82,3,11.2,107.4,0.0,0
130,AssamRifles,171,13.4,4.7,9,2.4,101.4,55.7,0
131,RifleCoy,253,22.2,5.26,3,2.4,91.6,0.0,0
132,SF,192,10.0,3.13,12,7.6,145.4,17.5,0
133,SF,179,22.3,7.46,3,0.7,101.5,43.3,1
134,SF,242,11.6,2.88,3,1.8,96.5,63.8,0
135,RifleCoy,196,14.8,4.54,5,4.7,94.1,101.2,0
136,SF,361,16.8,2.79,6,2.7,100.6,122.1,0
137,RR,202,17.2,5.1,8,14.1,105.4,163.0,0
138,RR,168,13.7,4.89,12,15.9,128.6,176.2,0
139,SF,186,10.9,3.5,5,3.5,137.2,151.1,0
140,RifleCoy,238,16.1,4.07,1,3.9,78.8,57.2,0
141,SF,246,14.1,3.44,4,6.4,133.8,94.0,0
142,RR,258,9.8,2.28,6,3.1,135.2,46.3,1
143,RifleCoy,294,19.0,3.89,6,1.1,100.7,95.0,0
144,SF,139,14.3,6.17,5,6.9,96.3,70.4,0
145,RifleCoy,297,8.3,1.67,4,6.7,117.8,11.5,0
146,SF,185,7.7,2.49,2,1.4,100.4,167.1,0
147,AssamRifles,264,21.8,4.95,9,8.9,132.5,182.5,0
148,RifleCoy,343,9.5,1.67,9,4.8,117.4,34.5,0
149,RR,192,15.8,4.93,8,1.3,98.7,111.2,0
150,RR,189,13.9,4.41,5,5.3,114.4,37.1,0
151,RR,178,15.6,5.26,6,1.3,111.1,75.2,0
152,RR,219,21.6,5.91,8,1.5,81.2,48.1,1
153,SF,315,17.0,3.24,5,9.4,95.2,42.4,0
154,SF,173,16.2,5.61,4,13.3,100.1,91.4,0
155,RifleCoy,210,11.0,3.15,8,1.5,115.7,0.0,0
156,AssamRifles,298,8.7,1.75,5,13.2,118.5,48.6,0
157,AssamRifles,277,24.1,5.22,7,1.4,128.1,320.9,0
158,RifleCoy,210,11.8,3.37,6,0.6,99.4,0.0,0
159,RR,227,11.5,3.03,4,0.3,87.8,57.2,0
160,AssamRifles,294,13.4,2.74,4,1.4,97.3,97.3,0
161,AssamRifles,334,13.0,2.33,5,2.4,99.4,69.2,0
162,RifleCoy,342,20.0,3.5,4,13.1,98.0,34.2,0
163,RR,322,14.7,2.74,4,1.4,109.7,138.1,0
164,SF,199,5.5,1.64,5,2.3,120.5,89.0,0
165,SF,349,8.7,1.5,3,6.6,103.8,42.6,0
166,AssamRifles,195,12.1,3.71,8,1.8,117.5,131.4,0
167,SF,140,17.1,7.34,3,5.8,124.6,48.4,1
168,RifleCoy,246,4.4,1.07,5,2.8,109.8,27.5,1
169,AssamRifles,328,14.5,2.65,2,1.1,92.9,115.3,0
170,AssamRifles,279,15.7,3.37,10,6.6,105.8,1.6,0
171,RR,235,16.4,4.19,2,0.1,125.3,185.5,0
172,SF,257,11.6,2.71,12,1.7,119.5,171.0,0
173,RR,271,17.2,3.82,4,2.2,94.0,112.8,0
174,AssamRifles,248,7.9,1.92,7,3.1,127.7,45.1,0
175,SF,222,16.7,4.52,14,5.7,105.0,15.9,0
176,RR,195,11.7,3.6,4,3.1,93.9,0.0,0
177,SF,246,12.2,2.98,6,4.5,109.5,177.0,1
178,AssamRifles,232,12.2,3.14,7,4.5,87.1,21.8,0
179,AssamRifles,240,15.3,3.81,5,2.3,119.8,101.2,1
180,AssamRifles,302,6.5,1.29,10,13.6,127.2,91.9,0
181,RifleCoy,225,16.4,4.38,5,15.6,95.0,0.0,0
182,RR,227,16.4,4.32,9,4.4,107.5,43.7,0
183,RR,251,10.5,2.51,3,0.4,123.1,12.0,0
184,AssamRifles,397,12.0,1.82,7,3.4,90.0,127.6,0
185,RR,174,7.7,2.66,11,1.0,91.7,130.2,0
186,AssamRifles,305,6.2,1.22,11,3.3,106.4,65.4,0
187,RR,222,13.0,3.51,7,1.0,105.8,29.4,0
188,SF,236,13.0,3.31,5,6.1,110.7,91.3,0
189,RR,161,10.3,3.84,7,0.4,108.4,146.4,0
190,AssamRifles,352,5.8,1.0,1,15.3,90.1,0.0,1
191,RR,253,14.3,3.39,5,1.1,85.8,206.8,0
192,SF,279,10.2,2.19,5,5.4,90.2,65.4,0
193,SF,150,8.3,3.3,3,12.4,117.5,72.9,0
194,SF,201,18.4,5.49,8,1.4,124.3,176.2,0
195,AssamRifles,264,7.1,1.62,3,13.6,108.7,76.7,0
196,RifleCoy,230,14.8,3.86,7,2.5,120.7,73.7,0
197,AssamRifles,266,4.5,1.02,4,16.2,100.9,25.2,1
198,SF,366,4.8,1.0,3,17.8,104.5,45.4,1
199,RR,270,14.4,3.2,4,1.0,123.9,37.6,0
200,SF,213,10.3,2.91,4,8.9,117.0,0.0,0
201,RifleCoy,200,6.2,1.85,9,1.1,112.6,0.0,0
202,RifleCoy,194,16.7,5.18,6,1.3,107.8,66.1,0
203,SF,214,13.9,3.89,7,0.4,92.6,0.0,0
204,AssamRifles,216,2.0,1.0,5,0.9,111.3,119.2,1
205,RifleCoy,247,16.8,4.08,5,5.0,114.6,66.8,0
206,SF,271,6.7,1.48,5,3.0,143.1,0.0,0
207,AssamRifles,266,3.5,1.0,10,7.8,108.8,171.5,1
208,RR,247,7.9,1.92,4,2.0,104.5,54.4,1
209,AssamRifles,252,11.8,2.81,4,17.3,114.2,110.9,0
210,RifleCoy,392,12.4,1.9,6,0.3,131.7,178.6,0
211,AssamRifles,196,3.8,1.17,8,0.3,115.3,78.0,1
212,AssamRifles,237,4.9,1.25,7,6.0,107.3,80.8,0
213,RR,132,8.2,3.73,7,10.9,98.2,166.3,0
214,SF,217,8.5,2.35,5,7.9,97.5,62.4,0
215,AssamRifles,186,15.8,5.1,8,3.4,121.7,144.4,0
216,RR,196,9.9,3.04,5,1.6,105.7,75.6,0
217,RifleCoy,168,15.7,5.61,5,0.1,140.1,90.2,0
218,SF,158,17.5,6.64,6,3.6,111.3,89.4,1
219,RifleCoy,247,14.8,3.59,7,3.2,117.3,57.8,0
220,SF,282,2.0,1.0,4,2.1,101.7,47.9,1
221,AssamRifles,193,10.5,3.26,6,4.3,97.7,40.8,0
222,AssamRifles,118,11.2,5.68,8,6.5,121.5,2.3,0
223,SF,246,11.7,2.86,6,6.0,127.9,53.2,0
224,RifleCoy,268,2.0,1.0,8,1.5,95.1,64.1,1
225,RifleCoy,280,8.2,1.75,9,4.4,99.0,104.5,0
226,RifleCoy,178,5.2,1.75,7,0.8,100.1,74.5,0
227,AssamRifles,203,7.4,2.18,7,0.6,120.1,144.6,0
228,SF,173,10.7,3.71,5,7.7,115.4,141.9,0
229,SF,195,8.3,2.55,6,5.9,108.5,160.7,0
230,RifleCoy,192,7.7,2.42,3,7.3,98.3,67.9,0
231,AssamRifles,209,11.0,3.16,9,0.8,134.1,49.3,0
232,SF,224,9.5,2.56,6,12.3,124.7,0.0,0
233,SF,246,13.0,3.17,10,0.7,80.1,158.5,0
234,RifleCoy,189,9.9,3.14,6,10.2,122.9,10.7,0
235,RifleCoy,231,4.2,1.08,12,2.2,105.7,25.9,1
236,SF,185,6.8,2.22,9,0.6,101.0,93.5,0
237,AssamRifles,134,10.4,4.64,3,1.7,121.5,61.5,0
238,RR,272,9.8,2.15,7,1.0,115.3,166.8,0
239,SF,200,4.9,1.48,4,3.4,111.3,33.9,0
240,SF,136,15.4,6.79,5,15.0,96.5,81.7,1
241,AssamRifles,273,13.6,2.98,6,2.0,125.2,0.0,0
242,SF,224,9.0,2.41,4,4.7,91.5,153.9,0
243,RR,267,11.2,2.51,8,11.1,121.6,0.0,0
244,AssamRifles,265,6.6,1.5,6,5.0,111.3,229.3,0
245,RR,174,16.3,5.61,4,2.2,109.5,73.0,0
246,RR,295,22.3,4.54,5,23.5,101.7,62.8,0
247,SF,130,8.8,4.05,8,1.0,112.5,78.1,0
248,RR,216,18.1,5.03,7,3.7,89.4,15.6,0
249,SF,212,7.7,2.18,3,8.0,128.5,119.5,0
250,SF,193,9.3,2.9,7,0.0,104.0,55.5,0
251,AssamRifles,313,19.2,3.67,4,6.1,99.7,61.2,1
252,AssamRifles,258,11.4,2.65,7,1.5,107.0,157.1,0
253,AssamRifles,155,15.4,5.97,8,0.9,104.4,0.0,1
254,SF,164,10.7,3.9,7,1.6,128.7,68.3,0
255,RR,369,3.0,1.0,5,17.0,84.0,73.4,1
256,RR,211,23.7,6.74,4,11.1,108.9,88.3,1
257,AssamRifles,192,10.9,3.41,7,1.2,133.7,46.6,0
258,AssamRifles,309,12.8,2.48,15,0.6,111.0,60.9,0
259,SF,133,8.3,3.76,5,2.3,112.8,191.0,0
260,RifleCoy,323,15.9,2.95,8,4.5,109.6,110.0,0
261,RifleCoy,192,15.5,4.85,14,10.1,100.3,33.3,0
262,SF,270,4.2,1.0,7,16.9,118.1,119.1,1
263,RifleCoy,211,12.9,3.66,7,7.0,107.1,82.7,0
264,RifleCoy,145,16.4,6.78,5,4.6,112.1,124.5,1
265,RifleCoy,250,18.0,4.32,5,0.8,118.2,67.8,0
266,AssamRifles,296,15.2,3.09,7,0.4,116.6,31.5,0
267,RR,99,15.7,8.0,9,4.5,111.5,0.0,1
268,RR,170,9.3,3.28,7,3.9,123.5,149.1,0
269,AssamRifles,314,5.9,1.12,9,9.4,125.2,121.0,1
270,AssamRifles,263,10.4,2.38,3,1.9,121.8,101.4,0
271,AssamRifles,267,5.7,1.29,9,0.2,125.8,118.9,0
272,RifleCoy,295,8.3,1.69,6,2.8,130.3,154.2,0
273,SF,268,8.2,1.84,9,17.4,91.9,0.0,1
274,SF,248,7.3,1.77,5,7.9,151.4,85.0,0
275,RifleCoy,306,14.7,2.87,4,0.2,112.3,0.0,0
276,RifleCoy,216,6.9,1.93,4,10.4,106.4,56.4,0
277,AssamRifles,239,21.2,5.32,7,3.2,112.5,99.8,0
278,AssamRifles,289,16.9,3.52,3,2.3,87.9,58.9,0
279,RR,194,17.9,5.55,4,2.1,113.5,185.7,0
280,AssamRifles,325,8.6,1.58,6,4.5,98.1,62.5,0
281,RifleCoy,257,13.0,3.04,7,3.8,111.1,33.8,0
282,RR,171,6.8,2.38,6,5.3,112.2,81.9,0
283,AssamRifles,228,13.1,3.44,8,4.3,101.1,17.8,0
284,RR,156,3.2,1.22,9,0.8,82.9,27.4,0
285,RR,245,17.3,4.24,2,1.5,114.1,136.2,0
286,AssamRifles,217,8.8,2.43,5,9.2,110.0,139.4,0
287,SF,188,13.5,4.31,6,5.4,112.9,89.4,0
288,RifleCoy,133,14.4,6.52,7,3.0,103.7,116.6,1
289,RifleCoy,192,9.2,2.88,6,1.0,100.1,205.3,0
290,RR,229,8.0,2.1,3,0.0,106.8,76.5,0
291,SF,217,11.4,3.15,3,1.9,112.1,28.0,0
292,SF,154,16.0,6.24,6,0.3,120.1,112.1,1
293,AssamRifles,241,11.3,2.8,7,3.3,97.8,130.1,0
294,AssamRifles,180,15.0,5.0,0,8.6,121.9,136.0,0
295,RifleCoy,295,16.0,3.25,6,1.7,119.8,148.7,1
296,AssamRifles,304,11.0,2.18,8,9.4,117.8,139.7,0
297,AssamRifles,224,11.4,3.06,6,6.1,137.5,111.2,0
298,RR,334,12.7,2.28,2,0.7,83.6,118.2,0
299,SF,231,17.7,4.6,6,5.2,139.3,104.6,0
300,SF,161,10.3,3.83,6,0.8,100.2,0.0,0
301,AssamRifles,311,17.7,3.41,5,5.3,113.6,0.0,0
302,AssamRifles,336,13.3,2.37,7,0.8,110.7,16.8,0
303,AssamRifles,299,8.3,1.67,8,2.5,89.9,129.2,0
304,RifleCoy,194,11.8,3.65,7,4.2,117.9,53.7,0
305,RifleCoy,165,6.4,2.33,2,0.3,123.0,88.2,0
306,RR,218,5.3,1.45,12,0.8,116.3,173.8,0
307,RifleCoy,388,15.0,2.32,4,1.9,87.8,145.0,0
308,SF,169,16.0,5.68,9,3.1,91.4,0.0,0
309,RifleCoy,289,11.8,2.46,1,9.8,99.5,123.8,0
310,SF,234,12.2,3.14,9,1.0,129.1,83.4,0
311,RifleCoy,296,9.1,1.85,5,2.1,111.4,40.7,0
312,RifleCoy,164,12.8,4.7,5,3.2,80.0,60.3,0
313,RR,225,21.9,5.84,9,1.8,141.0,61.2,0
314,AssamRifles,186,17.0,5.5,5,4.9,132.5,1.3,0
315,AssamRifles,189,11.6,3.69,4,1.5,93.7,94.7,0
316,AssamRifles,284,11.2,2.36,6,7.4,103.9,210.6,0
317,RR,172,10.1,3.53,4,3.5,105.7,141.0,0
318,SF,257,4.9,1.15,3,0.5,117.8,0.0,1
319,RifleCoy,243,9.6,2.37,5,4.9,113.0,97.5,0
320,RR,182,15.4,5.07,7,4.2,99.8,97.5,0
321,SF,195,7.3,2.26,6,2.1,129.7,20.3,0
322,RR,260,10.6,2.45,6,0.1,136.2,7.3,0
323,RR,238,6.4,1.62,9,1.1,109.3,133.9,0
324,SF,242,15.9,3.95,7,2.6,101.4,86.3,0
325,AssamRifles,226,5.6,1.5,7,1.1,133.9,51.4,0
326,RifleCoy,222,15.0,4.04,8,4.3,77.1,116.2,0
327,AssamRifles,238,17.1,4.32,9,6.2,96.6,207.0,0
328,RR,326,10.4,1.91,9,9.7,124.7,95.5,0
329,SF,271,8.6,1.9,10,5.2,130.9,97.5,0
330,RR,232,14.4,3.72,3,5.8,105.2,78.7,0
331,AssamRifles,175,20.0,6.86,6,4.7,144.2,56.5,1
332,AssamRifles,214,18.7,5.25,4,21.2,73.3,129.1,0
333,AssamRifles,184,11.6,3.79,3,1.5,126.4,68.4,0
334,RifleCoy,192,7.6,2.37,6,1.5,111.3,110.0,0
335,AssamRifles,127,10.8,5.12,2,0.7,102.7,170.0,0
336,RifleCoy,239,3.6,1.0,5,3.3,123.2,124.7,1
337,RifleCoy,364,9.2,1.52,4,0.5,104.1,3.6,1
338,AssamRifles,251,14.3,3.41,3,1.6,93.7,0.1,0
339,SF,283,10.2,2.15,9,3.3,111.7,155.2,0
340,RR,297,9.0,1.82,4,15.8,109.2,73.3,0
341,RR,222,11.7,3.17,7,16.6,98.3,95.7,0
342,RifleCoy,226,10.7,2.83,10,6.8,101.4,32.5,1
343,RifleCoy,156,15.8,6.07,3,2.5,103.8,117.0,0
344,RifleCoy,251,5.4,1.28,4,10.0,85.6,193.3,0
345,RR,243,14.6,3.61,7,10.4,84.6,89.1,0
346,RifleCoy,188,11.8,3.76,6,12.1,124.0,118.9,0
347,SF,308,14.2,2.76,9,5.1,88.6,154.7,0
348,SF,193,5.1,1.57,5,1.1,109.7,180.8,0
349,RifleCoy,410,16.4,2.4,7,0.5,82.0,39.2,0
350,RR,264,14.7,3.34,7,12.3,132.6,104.8,0
351,AssamRifles,238,20.4,5.13,4,0.3,106.0,156.5,0
352,RR,356,7.8,1.32,9,1.8,126.8,173.2,0
353,AssamRifles,103,9.1,5.29,8,3.3,141.7,54.6,0
354,AssamRifles,222,3.1,1.0,6,0.1,90.7,39.8,1
355,RifleCoy,213,7.9,2.22,1,11.9,99.8,70.7,1
356,SF,229,19.2,5.02,4,1.7,123.1,60.8,0
357,RifleCoy,253,13.5,3.2,2,0.1,100.5,63.3,0
358,AssamRifles,227,8.4,2.21,7,25.2,114.4,104.7,0
359,RifleCoy,324,12.7,2.35,7,1.9,111.5,47.6,0
360,AssamRifles,266,11.7,2.64,6,10.5,74.9,173.5,0
361,RifleCoy,269,2.5,1.0,10,3.0,124.2,55.7,1
362,SF,267,3.4,1.0,6,5.4,107.9,43.9,1
363,SF,162,17.5,6.49,6,1.4,92.1,9.8,0
364,RR,252,15.7,3.73,3,3.5,133.2,155.4,0
365,AssamRifles,254,4.6,1.08,10,1.5,99.5,2.4,1
366,AssamRifles,172,11.4,3.96,6,15.1,98.6,107.4,0
367,RifleCoy,293,8.4,1.72,3,0.3,83.0,121.7,0
368,RR,117,17.4,8.0,8,1.6,118.9,0.0,1
369,SF,391,14.2,2.18,6,11.2,110.6,1.5,0
370,RifleCoy,237,6.5,1.64,5,3.3,83.9,57.3,0
371,RR,188,12.6,4.02,3,4.6,113.7,193.7,0
372,SF,277,11.8,2.55,6,5.3,122.4,57.3,0
373,RifleCoy,277,11.8,2.56,2,0.4,116.9,49.8,0
374,SF,362,9.4,1.57,8,0.1,129.9,35.0,0
375,AssamRifles,346,12.1,2.1,8,13.9,100.9,34.1,0
376,RR,160,7.7,2.9,5,1.6,136.5,41.9,0
377,SF,223,6.1,1.63,6,2.4,110.1,39.7,0
378,RR,185,5.8,1.87,3,5.7,122.0,37.1,0
379,RifleCoy,284,6.8,1.43,6,1.3,129.2,37.0,0
380,RR,324,14.1,2.61,4,6.6,149.7,57.1,0
381,RifleCoy,161,14.2,5.31,4,3.1,93.8,137.0,0
382,RR,236,19.3,4.91,4,9.7,98.9,12.7,0
383,RifleCoy,202,10.9,3.23,4,1.6,112.8,41.2,0
384,RifleCoy,290,15.5,3.21,9,1.1,104.4,48.8,0
385,RifleCoy,264,12.2,2.78,7,8.9,98.0,80.0,0
386,SF,310,13.5,2.61,6,2.0,87.1,34.2,0
387,AssamRifles,214,16.0,4.5,5,2.7,111.9,204.5,0
388,RR,233,14.9,3.84,2,7.9,121.9,115.0,0
389,AssamRifles,263,12.5,2.86,4,5.0,115.3,138.5,0
390,AssamRifles,223,8.9,2.4,5,2.9,85.6,94.3,0
391,AssamRifles,257,13.4,3.12,9,1.4,85.9,164.3,0
392,AssamRifles,316,18.8,3.57,7,7.2,110.9,11.4,0
393,RR,368,12.9,2.1,3,1.0,106.4,46.6,0
394,RR,210,10.0,2.86,7,13.2,105.2,31.0,0
395,AssamRifles,368,16.1,2.63,4,0.8,105.8,69.7,0
396,RR,209,5.1,1.46,4,8.2,102.5,175.0,0
397,RR,292,10.2,2.1,9,2.8,112.2,212.0,0
398,RifleCoy,210,7.1,2.03,2,1.0,126.5,137.3,0
399,RR,178,11.4,3.84,11,2.6,96.0,74.1,1
400,SF,313,18.2,3.5,8,1.3,116.8,147.2,0
401,AssamRifles,237,15.2,3.85,11,0.7,111.2,169.0,0
402,RR,317,2.7,1.0,8,1.4,83.3,150.6,1
403,AssamRifles,285,8.9,1.88,5,10.1,100.2,72.0,0
404,RR,264,4.5,1.02,7,0.6,110.2,73.6,1
405,AssamRifles,273,17.3,3.8,6,18.0,142.5,40.5,0
406,SF,305,9.1,1.79,4,0.0,99.1,65.3,0
407,RR,295,12.4,2.52,4,5.4,100.8,32.0,0
408,RR,215,12.6,3.52,4,9.7,116.2,76.1,0
409,SF,265,13.0,2.95,9,13.6,108.3,78.6,0
410,RR,330,2.0,1.0,12,0.8,91.1,28.2,1
411,AssamRifles,242,13.8,3.42,8,6.0,84.0,241.1,0
412,SF,210,9.3,2.65,10,0.6,82.1,97.8,0
413,RifleCoy,202,16.2,4.82,4,2.2,122.8,157.5,0
414,AssamRifles,290,13.0,2.69,6,6.6,94.5,152.0,0
415,RR,225,15.2,4.04,4,2.1,145.5,196.6,0
416,AssamRifles,261,8.4,1.92,8,1.9,102.1,25.6,0
417,SF,222,6.4,1.72,1,0.6,121.6,47.3,0
418,RR,310,16.5,3.18,10,0.3,92.6,0.0,0
419,RR,249,14.8,3.57,7,0.6,112.8,0.0,0
420,SF,325,13.1,2.42,8,10.4,131.2,19.4,0
421,RifleCoy,323,13.1,2.43,10,0.1,104.8,70.9,0
422,RR,234,14.1,3.62,9,5.9,93.7,74.4,0
423,RR,320,5.5,1.04,9,7.3,104.4,270.5,1
424,RR,219,17.4,4.76,8,4.2,106.8,110.2,0
425,RifleCoy,255,11.2,2.64,6,6.6,95.2,138.2,0
426,AssamRifles,193,11.4,3.54,6,5.3,134.8,88.5,0
427,RifleCoy,275,9.9,2.16,5,3.0,110.3,1.2,0
428,AssamRifles,258,2.0,1.0,3,2.4,129.2,97.8,1
429,RR,270,14.9,3.31,3,14.2,126.1,0.0,0
430,AssamRifles,158,7.0,2.66,8,17.9,135.5,69.2,0
431,AssamRifles,120,12.5,6.27,8,5.3,91.1,118.9,0
432,AssamRifles,172,7.9,2.76,4,1.1,119.7,44.8,0
433,AssamRifles,269,10.3,2.29,5,3.0,102.4,91.6,0
434,RR,280,10.0,2.14,5,3.4,107.9,43.9,0
435,SF,307,7.8,1.52,9,7.1,93.8,13.7,0
436,RifleCoy,215,10.9,3.03,5,5.5,144.9,109.3,0
437,AssamRifles,252,9.6,2.28,6,3.6,99.0,142.7,0
438,RR,197,6.8,2.07,5,5.7,119.8,142.5,0
439,RR,322,17.9,3.33,6,0.1,90.7,65.5,0
440,RR,197,8.0,2.43,6,7.5,106.2,0.0,0
441,RR,310,14.8,2.87,7,1.2,125.9,85.3,0
442,AssamRifles,224,15.3,4.11,6,5.3,115.2,156.2,0
443,RifleCoy,334,16.6,2.99,6,0.6,95.9,1.1,0
444,RR,250,9.3,2.23,7,0.6,99.3,186.9,0
445,RifleCoy,249,11.0,2.65,6,0.2,112.4,0.0,0
446,RifleCoy,194,11.2,3.45,3,12.1,109.7,103.8,0
447,RifleCoy,370,14.6,2.37,4,4.6,90.3,129.8,0
448,SF,299,10.8,2.16,4,2.2,104.3,168.1,0
449,RR,270,14.3,3.18,2,7.8,107.8,107.5,1
450,RR,254,10.7,2.53,7,4.9,118.5,60.5,0
451,RR,200,17.6,5.28,7,4.8,125.2,90.1,0
452,RifleCoy,280,11.9,2.56,8,3.3,120.1,39.1,0
453,RR,235,11.3,2.9,6,0.0,115.1,0.0,0
454,RR,243,13.7,3.38,2,1.5,115.4,65.5,0
455,RifleCoy,293,20.2,4.13,5,0.6,117.2,109.5,0
456,RR,257,9.0,2.1,2,5.4,124.4,141.5,0
457,AssamRifles,241,17.2,4.28,9,1.4,135.4,50.9,1
458,SF,326,7.9,1.46,8,3.0,95.4,168.6,0
459,AssamRifles,190,12.2,3.86,7,2.2,103.3,69.9,0
460,AssamRifles,140,8.0,3.44,4,0.8,125.2,108.7,1
461,AssamRifles,192,10.1,3.17,7,15.9,95.1,124.8,1
462,RifleCoy,249,8.6,2.07,5,13.5,90.6,83.2,0
463,RR,281,15.5,3.31,6,0.4,100.4,74.6,0
464,AssamRifles,195,9.5,2.93,2,8.8,111.1,173.4,0
465,AssamRifles,461,14.7,1.91,5,3.4,102.8,0.0,0
466,RR,250,9.4,2.25,3,7.4,115.5,82.5,0
467,RifleCoy,249,12.0,2.88,6,0.8,105.7,0.0,0
468,AssamRifles,162,19.3,7.14,5,0.7,104.8,0.0,1
469,RR,153,8.3,3.24,2,11.1,85.0,76.8,0
470,RR,133,8.4,3.77,5,11.4,119.0,48.4,0
471,SF,322,10.8,2.01,6,3.1,119.2,204.7,0
472,AssamRifles,312,11.9,2.29,7,10.2,107.2,64.8,1
473,AssamRifles,239,15.1,3.79,4,5.5,112.2,148.1,0
474,SF,167,12.2,4.39,6,1.0,112.2,83.1,0
475,RR,223,13.2,3.56,5,2.0,125.8,7.9,0
476,RR,325,6.2,1.15,8,0.7,113.3,0.0,1
477,AssamRifles,209,13.5,3.88,2,7.4,90.0,0.0,0
478,AssamRifles,185,13.6,4.42,5,21.1,138.6,99.7,1
479,SF,217,15.4,4.25,10,4.0,129.3,175.8,0
480,AssamRifles,222,10.4,2.8,5,5.3,110.7,25.2,0
481,AssamRifles,284,12.0,2.53,6,6.9,112.3,130.3,0
482,RifleCoy,107,15.5,8.0,5,1.3,114.3,69.1,1
483,SF,250,6.7,1.61,5,2.0,98.4,16.1,0
484,RR,198,3.0,1.0,6,2.7,126.7,101.3,1
485,AssamRifles,207,6.5,1.87,12,4.5,125.2,175.5,0
486,RR,285,8.8,1.85,3,9.5,108.7,75.5,0
487,AssamRifles,161,17.4,6.47,8,1.5,120.1,129.8,0
488,RifleCoy,250,22.1,5.32,4,3.2,125.7,98.5,0
489,SF,268,7.5,1.67,8,7.0,113.4,98.6,0
490,SF,274,11.6,2.54,5,0.5,94.5,31.8,0
491,RR,282,9.4,1.99,5,3.6,120.3,109.4,0
492,RifleCoy,274,14.4,3.15,10,0.8,110.8,0.0,0
493,RR,283,13.4,2.84,7,3.9,93.6,101.7,0
494,RifleCoy,187,7.6,2.44,6,7.3,125.5,162.4,0
495,AssamRifles,321,8.9,1.66,4,1.4,113.6,188.2,0
496,AssamRifles,168,11.3,4.03,3,9.5,106.6,17.5,0
497,RifleCoy,262,18.2,4.16,11,2.0,141.1,106.5,0
498,AssamRifles,199,8.7,2.63,8,1.1,101.8,37.7,0
499,SF,136,4.2,1.87,9,3.1,95.9,88.4,0
500,RifleCoy,205,18.5,5.42,7,10.4,112.3,195.3,0
501,RifleCoy,232,14.5,3.75,7,0.4,107.7,132.7,0
502,RR,323,6.2,1.15,8,2.0,101.6,40.9,1
503,RifleCoy,349,13.5,2.33,5,5.3,131.1,37.5,0
504,RR,232,16.1,4.15,8,2.2,93.2,81.0,0
505,RifleCoy,156,12.5,4.8,4,0.4,114.6,85.1,0
506,SF,161,18.8,7.01,5,2.0,111.3,88.0,1
507,SF,286,14.8,3.1,0,8.6,109.8,0.0,0
508,SF,282,13.5,2.88,6,17.2,127.3,199.9,0
509,RR,203,13.0,3.85,4,0.2,140.8,205.9,0
510,RR,169,12.7,4.5,3,4.2,110.0,108.8,0
511,AssamRifles,299,16.4,3.29,5,0.6,123.3,27.8,0
512,RR,166,11.3,4.07,4,5.7,110.6,42.4,0
513,RR,213,16.7,4.72,6,0.0,111.2,23.5,0
514,SF,268,13.6,3.04,6,0.1,116.8,18.1,0
515,RifleCoy,119,12.5,6.32,6,7.5,112.5,42.0,1
516,RR,297,10.5,2.11,7,0.4,96.3,105.3,0
517,AssamRifles,382,10.5,1.65,6,1.8,130.0,87.7,0
518,RifleCoy,246,13.6,3.32,6,15.9,116.7,171.5,0
519,RR,237,17.1,4.32,8,21.1,109.3,0.0,0
520,RifleCoy,242,14.5,3.6,9,0.9,100.6,27.1,0
521,RifleCoy,253,8.4,2.0,1,4.1,114.4,0.0,1
522,RifleCoy,196,4.0,1.23,3,4.1,106.4,88.7,0
523,RifleCoy,172,15.7,5.48,4,3.0,112.7,176.0,0
524,RifleCoy,218,25.4,6.99,6,12.9,107.2,51.7,1
525,RR,249,10.6,2.56,3,7.0,97.5,161.9,0
526,RifleCoy,180,9.7,3.23,4,7.2,134.2,121.6,0
527,RifleCoy,159,16.1,6.08,5,1.6,95.8,132.0,0
528,AssamRifles,213,7.7,2.17,5,2.8,98.3,115.2,0
529,AssamRifles,159,19.5,7.35,8,3.3,120.2,188.2,1
530,RifleCoy,280,14.1,3.01,9,1.8,114.6,68.0,0
531,RR,60,11.9,8.0,9,0.5,119.9,121.2,1
532,AssamRifles,169,8.1,2.89,9,0.7,117.5,190.7,0
533,AssamRifles,324,16.4,3.04,7,1.0,98.7,18.6,0
534,RifleCoy,226,9.8,2.6,6,1.1,120.0,67.1,0
535,RR,251,15.5,3.72,9,1.4,100.4,114.5,0
536,SF,232,14.0,3.62,5,1.5,125.8,28.5,0
537,RR,202,18.5,5.48,5,3.0,95.0,26.0,0
538,AssamRifles,305,12.8,2.52,10,3.6,98.1,201.8,0
539,AssamRifles,205,27.6,8.0,6,1.8,98.5,31.3,1
540,AssamRifles,190,14.8,4.67,11,11.9,114.7,58.0,1
541,AssamRifles,279,12.7,2.74,7,4.0,109.2,93.0,0
542,AssamRifles,124,10.1,4.87,8,7.7,111.7,105.7,0
543,RifleCoy,222,16.4,4.43,10,12.9,108.2,47.3,0
544,RifleCoy,208,10.2,2.93,10,0.9,109.2,67.5,0
545,RifleCoy,221,8.1,2.21,5,2.8,102.8,19.9,0
546,AssamRifles,210,9.7,2.76,5,2.8,87.3,46.8,0
547,RifleCoy,262,11.0,2.53,14,2.2,89.1,121.7,0
548,AssamRifles,305,23.2,4.57,9,0.0,98.0,134.4,0
549,RR,267,13.5,3.03,5,8.5,105.2,141.1,0
550,SF,219,8.7,2.38,5,0.6,132.0,79.7,0
551,RR,277,17.4,3.78,7,27.0,94.7,68.2,0
552,SF,284,12.9,2.73,9,7.4,93.6,1.5,0
553,RifleCoy,261,18.5,4.25,4,4.3,82.7,58.6,0
554,SF,302,21.6,4.28,7,0.8,117.5,90.4,1
555,RR,99,4.5,2.75,8,3.6,106.8,145.3,0
556,RR,241,2.0,1.0,7,1.5,90.6,0.0,1
557,SF,258,22.0,5.11,3,1.5,109.6,59.8,0
558,RR,151,8.6,3.4,5,8.8,101.3,0.0,1
559,RifleCoy,253,3.5,1.0,3,2.4,129.4,0.0,1
560,RR,294,9.4,1.91,8,3.0,99.9,159.0,0
561,SF,226,7.2,1.9,8,9.3,135.5,1.9,0
562,RifleCoy,279,8.1,1.75,3,0.5,112.6,86.5,0
563,SF,301,16.3,3.24,7,4.5,104.1,141.6,0
564,AssamRifles,320,10.2,1.91,8,4.3,106.1,51.9,0
565,AssamRifles,309,3.9,1.0,4,2.8,114.4,6.6,1
566,RifleCoy,321,12.2,2.27,8,8.9,106.0,87.1,0
567,RifleCoy,210,7.7,2.21,4,14.3,96.1,173.6,0
568,RR,216,10.8,2.99,4,3.1,119.5,139.6,0
569,SF,91,11.0,7.28,8,3.0,124.9,65.1,1
570,AssamRifles,176,16.2,5.53,8,3.5,125.4,46.6,0
571,RR,313,9.5,1.82,3,6.4,107.6,149.4,0
572,AssamRifles,203,15.5,4.58,7,5.5,126.4,0.0,0
573,RR,263,4.0,1.0,12,1.3,114.7,136.2,1
574,RR,254,16.5,3.9,6,0.3,105.6,48.2,0
575,AssamRifles,314,18.5,3.53,5,14.9,101.6,0.0,0
576,RR,118,10.8,5.52,8,1.5,123.8,0.0,0
577,AssamRifles,261,7.9,1.82,6,5.1,84.8,178.1,0
578,RifleCoy,260,6.6,1.53,4,8.8,130.8,67.9,1
579,SF,188,11.9,3.79,7,1.8,111.9,26.3,0
580,RR,297,18.1,3.65,6,5.0,101.0,77.4,0
581,AssamRifles,156,9.9,3.8,8,0.6,99.3,45.7,0
582,AssamRifles,303,17.6,3.48,10,17.5,103.4,47.7,0
583,SF,110,6.2,3.41,4,0.3,120.6,50.2,1
584,SF,185,10.2,3.32,6,2.9,114.7,80.5,0
585,SF,231,11.8,3.06,6,3.8,103.1,125.4,0
586,RR,253,13.1,3.1,2,7.8,101.9,0.0,0
587,AssamRifles,127,10.3,4.88,4,0.6,114.7,161.0,0
588,RR,302,18.2,3.62,8,2.9,151.2,23.3,0
589,RR,285,18.3,3.86,5,1.8,151.0,95.4,0
590,RifleCoy,354,11.1,1.89,4,1.9,125.8,76.5,0
591,SF,282,9.4,2.0,7,7.5,98.4,31.6,0
592,RifleCoy,195,9.0,2.77,2,0.0,121.3,148.1,0
593,RifleCoy,175,17.2,5.89,8,6.9,98.8,32.4,0
594,RR,214,8.7,2.43,8,8.3,106.6,165.1,0
595,RR,370,4.7,1.0,3,11.6,130.5,120.1,1
596,AssamRifles,242,5.4,1.35,4,4.9,106.3,35.0,0
597,RifleCoy,245,15.3,3.76,1,2.0,105.8,8.1,0
598,SF,322,5.2,1.0,5,2.8,102.4,143.9,1
599,RifleCoy,170,10.0,3.53,5,17.5,97.7,11.5,1
600,AssamRifles,272,12.5,2.76,6,10.7,106.1,72.0,0
601,RifleCoy,270,3.6,1.0,3,3.1,121.1,121.8,1
602,RifleCoy,297,12.9,2.61,4,14.3,120.2,107.8,1
603,RifleCoy,291,10.4,2.14,1,8.7,114.4,67.8,0
604,AssamRifles,236,2.5,1.0,8,11.6,127.6,36.2,1
605,RifleCoy,157,13.0,4.96,6,5.7,84.1,123.3,0
606,RR,206,14.0,4.07,2,9.7,110.8,0.0,0
607,RifleCoy,290,12.9,2.67,10,11.1,99.4,95.6,0
608,RR,351,14.5,2.48,6,0.5,139.8,2.2,0
609,RifleCoy,166,13.3,4.8,8,16.8,106.2,27.4,0
610,RR,162,15.7,5.8,4,2.0,121.1,102.1,0
611,RifleCoy,145,7.3,3.01,5,2.9,125.0,35.0,0
612,SF,193,5.0,1.56,7,7.8,104.4,149.4,0
613,RR,296,6.2,1.26,7,5.5,123.9,122.4,0
614,SF,318,7.9,1.5,5,11.2,125.6,38.1,0
615,RR,115,22.1,8.0,7,2.6,121.8,66.5,1
616,RifleCoy,167,8.0,2.87,12,2.3,102.2,13.8,0
617,AssamRifles,156,9.4,3.61,6,0.2,88.5,108.4,0
618,RifleCoy,187,10.8,3.47,9,3.1,142.1,174.1,0
619,AssamRifles,226,10.2,2.71,5,6.4,105.6,8.3,0
620,SF,216,21.1,5.85,6,1.8,125.1,91.3,0
621,AssamRifles,270,3.4,1.0,6,3.1,103.0,99.4,1
622,AssamRifles,124,22.9,8.0,5,1.2,141.5,5.0,1
623,AssamRifles,208,12.7,3.67,7,7.4,102.5,19.5,0
624,AssamRifles,321,16.8,3.14,4,0.3,111.5,0.0,0
625,SF,324,12.1,2.24,3,6.1,144.8,113.7,0
626,AssamRifles,339,16.1,2.85,8,2.4,86.0,58.4,0
627,RifleCoy,263,7.3,1.66,8,0.2,128.1,36.5,0
628,RR,200,5.2,1.57,5,9.6,109.6,203.9,0
629,RR,250,25.0,5.99,4,3.3,120.6,0.0,0
630,RifleCoy,391,21.6,3.31,3,4.6,104.8,157.1,0
631,SF,208,6.7,1.94,8,6.6,134.5,0.0,0
632,RifleCoy,349,15.6,2.68,5,5.3,97.8,48.8,0
633,RifleCoy,93,17.8,8.0,6,6.6,110.6,0.0,1
634,AssamRifles,274,15.3,3.35,7,7.2,124.0,30.8,0
635,AssamRifles,278,11.0,2.37,6,4.4,97.7,47.5,0
636,SF,262,22.1,5.07,9,2.3,111.9,37.4,0
637,SF,266,15.4,3.48,3,1.4,94.6,95.0,0
638,RR,271,7.4,1.63,6,11.7,104.0,132.7,0
639,SF,274,10.1,2.2,6,17.5,149.4,73.2,0
640,RifleCoy,220,6.7,1.81,5,2.2,130.1,99.4,0
641,RR,223,11.5,3.08,5,0.6,120.0,173.7,0
642,RR,158,11.3,4.29,3,1.3,115.5,38.1,0
643,AssamRifles,283,15.8,3.34,3,5.6,86.5,134.2,0
644,AssamRifles,318,15.7,2.96,7,0.9,107.2,231.5,0
645,RR,344,13.9,2.43,1,7.6,123.8,188.8,0
646,AssamRifles,190,13.8,4.36,9,12.8,103.4,177.8,0
647,AssamRifles,136,17.2,7.6,4,16.6,115.4,123.7,1
648,AssamRifles,262,10.9,2.49,5,0.0,94.9,149.1,0
649,RR,170,2.0,1.0,5,15.9,93.7,51.0,1
650,RR,274,22.6,4.94,9,6.7,144.2,75.1,0
651,RR,107,7.4,4.18,3,0.4,141.9,68.1,0
652,RifleCoy,305,15.5,3.04,7,2.7,108.7,40.2,1
653,RR,249,10.3,2.48,5,6.0,98.3,88.8,0
654,AssamRifles,124,19.0,8.0,4,15.7,95.9,48.5,1
655,RR,258,7.2,1.67,6,0.9,116.0,83.7,0
656,RifleCoy,245,8.4,2.07,5,0.7,139.0,0.0,0
657,AssamRifles,271,9.5,2.11,4,3.2,99.5,48.0,0
658,SF,288,14.8,3.08,7,17.2,113.0,158.9,0
659,RR,95,13.1,8.0,4,17.8,112.2,91.7,1
660,RR,211,14.8,4.22,9,1.3,135.0,160.1,0
661,SF,234,12.6,3.24,5,1.9,114.2,43.7,0
662,AssamRifles,222,16.7,4.5,6,11.9,89.1,65.1,0
663,RR,218,16.7,4.61,9,6.6,121.3,92.9,0
664,RifleCoy,303,19.6,3.88,6,17.9,112.6,68.3,0
665,AssamRifles,136,13.7,6.05,7,11.2,97.0,0.0,0
666,RR,222,13.7,3.7,4,1.2,125.9,114.0,0
667,AssamRifles,227,20.8,5.51,3,7.1,105.3,20.9,0
668,RR,233,18.0,4.63,6,0.2,115.0,79.4,0
669,SF,181,14.6,4.84,8,8.5,112.2,0.0,0
670,RR,368,5.0,1.0,4,4.6,105.5,41.1,1
671,AssamRifles,298,3.6,1.0,4,15.6,97.8,72.4,1
672,RR,372,15.1,2.43,10,16.1,118.4,113.7,0
673,RR,278,15.3,3.3,5,0.3,91.7,5.9,0
674,AssamRifles,285,8.4,1.77,1,0.9,123.9,26.5,0
675,RR,239,13.8,3.46,6,3.3,97.2,185.9,0
676,RR,333,7.4,1.34,5,10.6,92.5,197.9,0
677,AssamRifles,273,14.9,3.27,13,8.4,131.0,110.9,0
678,SF,228,15.0,3.95,4,16.7,111.4,156.8,0
679,RifleCoy,350,15.0,2.56,8,4.8,81.4,56.3,0
680,RifleCoy,161,13.7,5.1,9,1.5,109.8,119.2,0
681,RifleCoy,196,10.5,3.22,7,0.1,119.2,116.2,0
682,RifleCoy,408,10.9,1.61,5,1.3,119.6,23.5,0
683,RifleCoy,280,17.8,3.81,5,5.6,98.4,91.8,0
684,RifleCoy,82,14.1,8.0,1,13.0,100.5,62.3,1
685,AssamRifles,301,14.4,2.88,2,1.9,112.4,102.1,0
686,AssamRifles,178,12.4,4.19,8,10.4,125.6,47.9,0
687,AssamRifles,205,15.3,4.47,3,2.5,90.3,0.0,0
688,RR,393,16.8,2.56,3,1.8,91.1,81.0,0
689,SF,339,8.9,1.57,5,3.6,130.6,129.8,0
690,SF,359,15.0,2.5,3,2.9,128.3,129.8,0
691,RifleCoy,203,10.9,3.21,7,12.3,95.9,0.0,0
692,RifleCoy,222,13.6,3.67,5,3.2,104.2,90.9,0
693,AssamRifles,253,16.2,3.84,2,1.6,141.6,121.3,0
694,SF,292,4.7,1.0,5,9.2,123.2,88.2,1
695,RR,219,6.6,1.8,6,33.4,109.3,131.9,0
696,RR,352,8.7,1.48,6,5.2,127.1,0.0,0
697,AssamRifles,269,8.3,1.86,5,1.4,102.8,11.3,0
698,RifleCoy,329,11.2,2.04,6,1.4,112.4,115.4,0
699,SF,193,20.5,6.36,11,0.3,105.4,59.1,0
700,RR,214,17.9,5.02,6,0.4,120.6,150.4,0
701,RifleCoy,254,9.1,2.15,9,12.3,120.5,98.4,0
702,SF,212,16.3,4.63,8,0.5,113.3,26.3,0
703,RR,302,11.8,2.34,6,3.3,117.6,23.3,0
704,RifleCoy,304,13.7,2.71,3,6.0,127.1,0.0,0
705,RR,225,7.1,1.89,9,9.5,117.0,121.2,0
706,RifleCoy,279,5.4,1.16,4,0.9,113.4,73.0,1
707,RifleCoy,362,15.7,2.6,12,2.9,116.4,135.0,1
708,RifleCoy,302,12.2,2.42,7,1.4,128.2,95.5,0
709,SF,279,14.6,3.14,6,1.5,96.1,86.9,0
710,AssamRifles,317,20.0,3.78,6,1.8,116.2,128.9,1
711,RifleCoy,340,10.8,1.91,1,4.4,81.7,74.1,0
712,RifleCoy,331,10.9,1.97,2,0.1,105.8,60.1,0
713,RR,235,20.8,5.32,5,2.6,138.3,80.0,0
714,RR,294,12.1,2.47,3,1.0,98.1,130.5,0
715,SF,222,8.0,2.16,9,17.1,85.5,23.5,0
716,AssamRifles,236,15.7,3.99,6,4.4,95.8,135.5,0
717,RR,268,10.8,2.42,9,10.1,120.7,83.8,0
718,SF,153,7.9,3.09,4,1.1,108.0,57.0,0
719,SF,262,12.4,2.85,8,8.3,94.9,91.0,0
720,SF,198,16.1,4.89,4,2.7,128.1,150.6,0
721,RifleCoy,168,6.2,2.22,7,1.0,116.4,150.1,0
722,AssamRifles,287,6.1,1.27,7,7.2,92.7,103.5,0
723,AssamRifles,224,11.6,3.11,7,7.2,106.7,117.6,0
724,AssamRifles,253,6.5,1.54,7,27.5,142.0,82.6,0
725,RifleCoy,225,5.6,1.5,14,7.6,105.4,44.9,0
726,RifleCoy,203,12.0,3.56,5,0.8,84.6,106.7,0
727,RR,247,17.5,4.26,5,1.9,117.1,53.1,0
728,RR,158,15.9,6.05,6,3.0,115.7,18.4,0
729,RR,234,11.5,2.94,7,0.7,130.0,54.7,0
730,SF,358,18.4,3.09,6,7.8,104.1,0.0,0
731,AssamRifles,168,20.7,7.38,7,3.7,116.6,5.7,1
732,RifleCoy,325,14.5,2.67,4,14.5,113.7,201.7,0
733,RR,365,10.2,1.67,9,4.4,109.9,147.6,0
734,SF,192,19.8,6.19,12,3.7,114.9,65.6,0
735,RifleCoy,259,19.6,4.54,8,0.4,119.0,111.3,0
736,SF,162,13.3,4.91,7,0.8,118.3,23.0,0
737,SF,153,18.1,7.1,4,9.5,123.8,119.7,1
738,SF,250,8.1,1.94,4,23.4,75.8,95.7,0
739,AssamRifles,264,2.0,1.0,5,2.7,87.6,37.7,1
740,RifleCoy,205,7.1,2.09,6,8.3,113.2,60.6,0
741,RifleCoy,172,13.0,4.55,6,4.9,111.7,56.4,0
742,SF,192,11.6,3.63,6,16.0,94.7,131.0,0
743,AssamRifles,293,16.8,3.44,4,1.4,105.0,75.1,0
744,SF,293,4.6,1.0,8,3.9,97.6,0.0,1
745,RR,278,4.7,1.01,6,2.6,118.8,53.1,1
746,RifleCoy,216,15.8,4.39,6,3.9,96.6,33.1,0
747,RifleCoy,175,4.8,1.65,5,1.6,113.2,0.0,0
748,AssamRifles,318,10.6,2.01,8,3.4,125.4,34.3,0
749,RifleCoy,338,12.1,2.15,5,4.9,96.9,0.0,0
750,RifleCoy,208,8.7,2.52,5,0.4,89.9,24.2,0
751,RifleCoy,230,14.9,3.88,7,6.8,98.6,91.8,0
752,AssamRifles,151,2.0,1.0,5,6.1,96.9,107.2,1
753,SF,272,21.2,4.67,4,10.6,110.6,110.2,0
754,RifleCoy,364,10.3,1.71,8,2.8,84.5,137.4,0
755,SF,296,11.1,2.26,4,0.3,134.1,151.3,0
756,AssamRifles,372,25.5,4.11,5,3.1,91.2,18.5,0
757,SF,216,5.2,1.44,6,0.7,89.8,0.0,0
758,RR,161,6.8,2.52,3,5.2,110.9,82.6,1
759,RifleCoy,330,19.0,3.46,5,0.2,108.2,112.8,0
760,AssamRifles,250,4.2,1.01,8,2.3,130.6,29.9,1
761,AssamRifles,186,14.5,4.67,4,0.4,105.9,95.9,0
762,SF,352,9.0,1.53,1,0.0,105.7,189.4,0
763,RifleCoy,203,3.9,1.16,7,16.2,119.7,0.0,1
764,AssamRifles,172,14.6,5.1,7,27.8,124.2,80.4,0
765,RR,276,14.8,3.21,4,4.1,80.8,142.3,0
766,SF,161,12.0,4.47,3,1.4,111.0,68.1,0
767,RR,301,22.3,4.45,7,12.1,142.3,104.8,0
768,RR,170,8.1,2.87,10,12.8,100.6,134.6,0
769,SF,255,16.3,3.84,7,9.6,112.3,61.9,0
770,RR,259,13.6,3.16,7,3.9,125.3,16.3,0
771,SF,255,16.9,3.97,3,0.4,117.3,73.9,0
772,SF,162,9.5,3.51,7,0.5,94.2,14.3,0
773,AssamRifles,228,5.1,1.34,7,11.3,109.0,47.0,0
774,AssamRifles,322,8.6,1.6,5,10.4,91.4,106.5,0
775,RR,227,11.7,3.09,4,2.8,94.0,90.9,0
776,RR,170,15.4,5.44,6,2.0,126.6,139.9,0
777,RR,213,12.1,3.4,4,5.2,122.8,93.9,0
778,RR,164,13.1,4.78,8,8.2,136.8,33.2,0
779,RR,109,20.6,8.0,6,6.6,123.9,20.2,1
780,AssamRifles,229,11.9,3.11,4,4.8,107.9,117.7,0
781,RR,246,9.3,2.28,5,1.3,94.8,94.4,0
782,RR,281,14.2,3.03,6,1.5,131.0,68.5,0
783,RifleCoy,268,3.4,1.0,8,6.4,119.4,100.3,1
784,SF,276,3.4,1.0,6,8.1,122.0,37.7,1
785,SF,237,11.3,2.87,7,0.6,118.6,0.0,0
786,AssamRifles,367,7.3,1.2,7,1.0,127.8,142.6,1
787,SF,189,9.0,2.84,8,5.7,87.1,118.9,0
788,RR,220,16.7,4.55,6,2.5,91.8,74.8,0
789,SF,339,14.6,2.59,7,4.1,96.9,26.1,1
790,AssamRifles,216,11.6,3.23,8,4.8,115.5,67.2,0
791,SF,233,12.4,3.2,2,7.5,103.1,0.0,0
792,SF,264,9.9,2.24,2,8.2,126.9,86.9,0
793,RifleCoy,310,16.2,3.14,9,1.6,109.8,0.0,0
794,RifleCoy,248,16.0,3.86,6,3.9,144.8,86.4,0
795,RR,186,17.0,5.47,5,0.7,135.7,37.7,0
796,SF,215,16.7,4.67,3,9.2,112.1,71.1,0
797,RR,272,12.3,2.71,7,9.3,89.6,11.6,0
798,SF,222,8.5,2.3,5,1.8,120.3,170.5,0
799,RR,211,11.2,3.17,5,0.9,93.3,101.6,0
800,RR,184,12.6,4.1,3,0.4,95.4,38.7,0
801,SF,311,8.6,1.66,5,4.3,104.1,69.2,0
802,RifleCoy,232,20.1,5.21,6,0.5,103.8,176.4,0
803,AssamRifles,233,20.2,5.2,9,5.7,118.3,23.0,0
804,RR,280,11.4,2.44,7,5.7,114.9,13.3,0
805,AssamRifles,158,17.2,6.51,5,4.8,94.9,10.7,1
806,SF,242,14.8,3.67,6,10.5,105.6,39.1,0
807,RR,330,9.5,1.73,6,2.4,89.6,169.7,1
808,SF,236,14.1,3.57,6,11.6,116.0,46.4,0
809,RR,253,8.1,1.93,3,0.2,82.1,55.0,0
810,RifleCoy,251,7.6,1.82,3,0.6,106.5,92.1,0
811,RR,303,14.4,2.85,6,2.7,100.3,78.1,0
812,RR,252,14.4,3.44,8,4.5,118.2,138.2,0
813,RR,388,25.5,3.94,2,0.2,97.9,129.3,0
814,SF,253,11.2,2.66,6,4.2,97.3,99.6,0
815,RifleCoy,213,9.4,2.64,5,1.8,115.9,66.2,0
816,SF,330,16.6,3.02,2,10.9,116.7,137.6,0
817,AssamRifles,227,11.9,3.14,5,3.8,94.3,32.8,0
818,RifleCoy,204,8.8,2.58,7,4.4,118.8,28.9,0
819,RR,168,9.1,3.24,2,14.6,146.9,55.5,0
820,RR,268,11.1,2.49,5,7.2,102.9,149.7,0
821,RR,212,17.3,4.89,6,2.9,91.6,29.8,0
822,AssamRifles,193,14.2,4.4,11,3.2,110.8,44.0,0
823,AssamRifles,206,7.8,2.28,3,5.2,89.3,90.4,0
824,RR,218,21.2,5.83,9,1.1,106.1,76.6,0
825,RR,289,7.5,1.55,3,0.5,102.4,57.2,0
826,AssamRifles,269,8.3,1.85,3,1.9,120.4,108.0,0
827,SF,231,17.8,4.63,7,7.5,83.7,51.6,0
828,RifleCoy,273,19.5,4.28,2,1.5,86.3,143.4,0
829,RifleCoy,233,13.8,3.55,3,0.7,115.7,94.2,0
830,AssamRifles,252,5.5,1.32,8,1.2,118.1,141.0,0
831,AssamRifles,199,12.5,3.76,3,5.7,77.8,32.6,0
832,SF,200,5.2,1.55,8,4.8,132.8,71.1,0
833,RR,249,24.4,5.89,10,5.8,123.1,0.0,0
834,AssamRifles,249,13.4,3.24,4,1.9,99.9,160.2,0
835,SF,300,16.0,3.2,10,11.6,111.4,217.6,0
836,AssamRifles,269,10.1,2.26,9,3.0,80.4,62.7,0
837,RR,210,21.0,6.01,4,3.6,120.6,102.4,0
838,AssamRifles,163,9.5,3.49,7,14.9,97.3,86.8,0
839,RR,292,7.7,1.58,4,19.4,104.7,2.5,0
840,SF,259,13.5,3.13,9,5.4,108.4,154.8,1
841,RifleCoy,298,16.4,3.3,9,14.5,128.1,63.5,0
842,SF,267,22.6,5.09,7,3.9,117.0,0.0,0
843,RifleCoy,348,20.1,3.46,7,1.8,104.6,37.0,0
844,SF,227,18.0,4.75,3,1.9,101.2,0.0,0
845,RifleCoy,242,8.6,2.13,6,4.1,113.4,87.3,0
846,SF,287,8.5,1.77,3,4.6,108.7,87.0,0
847,RR,291,7.6,1.57,6,2.9,106.4,151.2,0
848,RifleCoy,259,11.2,2.61,10,10.8,110.1,189.8,0
849,RifleCoy,144,2.4,1.01,3,2.8,105.9,194.7,1
850,RR,133,18.8,8.0,7,1.6,86.5,18.5,1
851,RR,216,6.9,1.91,8,0.0,109.1,117.2,0
852,RifleCoy,241,6.3,1.56,6,17.6,109.7,127.8,0
853,RifleCoy,127,10.0,4.71,11,8.7,112.0,48.6,0
854,RifleCoy,238,5.3,1.33,2,4.8,94.9,97.2,0
855,AssamRifles,279,15.2,3.27,6,8.9,98.0,104.0,0
856,SF,236,7.2,1.82,8,8.3,134.6,50.9,0
857,RR,257,14.5,3.39,2,13.4,98.9,156.9,0
858,RR,275,16.6,3.63,4,2.4,117.6,94.1,0
859,SF,143,9.3,3.88,7,4.0,98.0,69.7,0
860,RR,279,8.4,1.81,3,0.5,81.6,6.6,0
861,RR,195,8.0,2.46,6,16.8,108.4,149.1,0
862,RifleCoy,225,6.6,1.76,5,21.0,119.2,84.5,0
863,RR,200,9.9,2.97,11,7.8,105.0,84.7,0
864,AssamRifles,304,12.3,2.43,5,3.0,80.1,29.2,0
865,AssamRifles,169,5.1,1.81,9,3.4,76.5,133.6,0
866,RifleCoy,322,8.8,1.64,10,2.9,127.3,11.9,0
867,RifleCoy,383,12.8,2.0,2,1.7,109.8,0.0,0
868,RR,146,12.2,5.0,3,3.8,119.1,37.5,0
869,RifleCoy,204,2.0,1.0,6,0.3,113.5,100.8,1
870,RifleCoy,276,15.2,3.3,8,24.1,92.7,100.3,0
871,SF,180,18.2,6.06,3,2.8,106.2,88.4,0
872,RifleCoy,223,9.1,2.46,5,13.1,84.5,69.7,1
873,AssamRifles,250,3.3,1.0,4,6.4,124.2,89.5,1
874,RR,197,8.2,2.49,5,1.7,114.8,251.6,0
875,RifleCoy,244,8.0,1.97,10,1.3,121.1,95.0,0
876,SF,296,18.0,3.65,6,27.2,129.4,54.7,0
877,RR,235,6.5,1.67,8,7.4,104.7,73.7,0
878,RR,177,10.2,3.46,10,1.4,98.9,67.6,0
879,RR,309,20.4,3.96,9,0.3,108.4,84.2,0
880,SF,323,12.8,2.38,9,6.0,129.0,25.3,0
881,AssamRifles,262,13.0,2.97,6,1.8,86.5,127.9,0
882,SF,181,11.5,3.81,3,1.3,110.3,97.8,0
883,SF,187,16.9,5.42,6,6.6,122.1,32.7,0
884,RR,97,14.0,8.0,11,5.7,114.6,141.2,1
885,SF,204,21.3,6.26,2,3.3,126.1,0.0,0
886,RR,303,21.8,4.32,8,14.3,87.0,209.2,0
887,RifleCoy,198,13.6,4.11,6,5.7,126.3,193.1,0
888,RifleCoy,182,11.8,3.89,8,11.2,100.6,183.5,0
889,SF,301,12.8,2.56,10,1.1,78.6,50.2,0
890,AssamRifles,309,9.2,1.78,7,1.8,105.1,94.4,1
891,RR,207,12.7,3.67,3,0.6,97.4,42.7,0
892,SF,270,4.8,1.06,14,1.8,107.5,105.8,1
893,SF,187,8.4,2.71,2,17.8,87.2,81.1,0
894,AssamRifles,219,15.9,4.37,6,16.5,108.2,52.4,0
895,RR,130,14.7,6.78,8,7.1,101.4,51.7,1
896,SF,261,11.4,2.61,5,3.7,139.8,84.9,0
897,AssamRifles,233,14.1,3.63,8,7.6,112.6,256.2,0
898,RR,199,19.5,5.89,3,4.0,113.4,158.3,0
899,RifleCoy,234,10.1,2.58,7,0.0,106.6,85.1,0
900,AssamRifles,227,4.8,1.28,3,3.5,128.7,69.1,0
901,SF,190,15.1,4.78,9,4.6,117.3,117.4,1
902,RifleCoy,263,14.7,3.35,8,1.5,132.7,43.2,0
903,RR,222,15.8,4.27,3,1.1,125.8,66.3,0
904,AssamRifles,231,6.0,1.56,4,1.6,104.2,0.0,0
905,RifleCoy,152,4.5,1.78,6,4.9,120.9,85.5,0
906,RifleCoy,232,13.3,3.45,6,0.8,122.2,87.0,0
907,SF,229,13.0,3.4,9,6.4,124.2,47.4,0
908,RifleCoy,190,10.2,3.23,8,2.7,116.0,107.1,0
909,SF,271,19.2,4.26,12,2.2,89.8,87.5,0
910,RR,113,12.0,6.35,8,8.2,109.6,48.1,0
911,SF,211,18.2,5.16,8,3.5,111.7,129.4,0
912,AssamRifles,258,16.4,3.81,7,2.4,111.1,69.2,0
913,RifleCoy,365,6.6,1.08,5,10.5,127.2,17.2,1
914,RR,158,7.6,2.87,8,2.3,100.4,0.0,0
915,SF,245,5.6,1.37,5,9.8,112.0,166.1,0
916,SF,272,14.2,3.12,3,3.5,109.0,87.6,0
917,SF,243,12.5,3.08,4,1.2,120.3,85.0,0
918,RR,166,18.8,6.78,7,4.7,137.2,77.4,1
919,RR,210,15.0,4.28,3,1.7,119.3,153.1,0
920,AssamRifles,93,5.5,3.55,8,0.8,118.3,88.6,0
921,RR,240,9.7,2.42,4,0.5,94.7,172.9,0
922,SF,155,2.0,1.0,15,1.4,86.8,88.7,1
923,RR,267,13.5,3.03,6,6.7,113.8,0.0,0
924,SF,200,26.0,7.79,10,9.1,107.2,156.0,1
925,AssamRifles,195,12.7,3.89,6,9.9,116.9,98.9,0
926,AssamRifles,249,13.0,3.13,4,1.6,100.8,49.6,0
927,SF,255,11.9,2.8,6,5.4,131.0,64.6,0
928,RR,292,13.8,2.83,9,1.3,92.1,61.5,0
929,RR,224,11.2,3.01,3,4.9,107.1,5.5,0
930,RifleCoy,233,15.1,3.89,7,10.9,104.1,132.6,1
931,AssamRifles,156,8.1,3.13,6,0.2,126.5,53.2,0
932,AssamRifles,326,8.3,1.54,6,21.1,106.5,27.9,0
933,SF,183,5.5,1.82,1,8.8,101.3,337.9,0
934,RifleCoy,283,11.8,2.51,6,7.2,111.2,10.8,0
935,RR,283,6.5,1.37,7,5.9,98.2,74.7,0
936,SF,263,19.3,4.39,7,7.4,109.7,0.0,0
937,RR,225,9.8,2.63,8,26.1,108.1,155.3,0
938,RR,218,2.2,1.0,10,7.4,153.3,63.1,1
939,RR,236,6.3,1.61,5,2.2,103.1,129.0,0
940,RifleCoy,125,12.7,6.08,11,4.8,108.7,23.4,0
941,AssamRifles,238,15.3,3.85,4,2.1,113.3,0.0,0
942,AssamRifles,329,13.8,2.51,5,17.5,114.1,35.2,0
943,RR,226,7.9,2.09,7,11.5,125.6,160.7,0
944,RifleCoy,238,9.1,2.31,7,4.2,138.8,114.6,0
945,RR,178,8.6,2.88,9,7.6,98.0,0.0,0
946,RR,251,14.8,3.55,3,12.0,116.6,0.0,0
947,SF,193,12.6,3.91,5,1.4,107.5,60.7,0
948,RifleCoy,290,9.8,2.02,6,4.3,115.0,145.5,0
949,RifleCoy,308,8.7,1.7,2,3.3,126.7,34.5,0
950,AssamRifles,321,9.4,1.75,6,7.4,134.4,144.6,0
951,AssamRifles,153,12.0,4.72,5,2.4,123.1,87.6,0
952,RR,283,18.7,3.97,3,6.2,114.7,185.2,0
953,SF,278,12.9,2.79,9,2.6,125.4,39.3,0
954,SF,215,10.3,2.88,5,0.6,97.4,76.4,0
955,SF,311,9.9,1.92,2,0.6,99.1,40.7,0
956,RR,264,20.5,4.66,8,0.6,112.5,139.1,0
957,AssamRifles,322,16.1,3.0,2,0.2,127.5,115.4,0
958,RifleCoy,163,16.9,6.22,2,3.8,105.6,0.0,0
959,RR,197,15.7,4.79,5,5.6,107.1,121.5,1
960,SF,245,11.8,2.88,3,0.7,80.3,0.0,0
961,SF,310,18.0,3.48,6,4.7,145.8,25.3,0
962,RR,267,4.7,1.05,5,4.6,106.6,124.7,1
963,SF,183,19.8,6.48,6,0.8,70.0,4.7,0
964,RifleCoy,346,15.7,2.72,8,2.6,112.5,57.7,0
965,RR,222,14.4,3.9,3,7.0,117.1,125.6,0
966,RifleCoy,185,8.2,2.66,10,0.1,106.6,104.9,0
967,AssamRifles,193,16.7,5.18,4,0.8,96.3,101.4,0
968,SF,160,17.7,6.65,4,27.4,123.5,127.5,1
969,SF,105,8.5,4.84,2,6.6,121.7,158.4,0
970,AssamRifles,233,8.6,2.22,5,3.1,117.9,5.6,0
971,AssamRifles,146,6.8,2.81,3,5.0,98.5,100.0,0
972,AssamRifles,258,14.7,3.43,5,9.4,100.9,137.9,0
973,SF,299,11.5,2.31,5,9.2,104.7,126.1,0
974,AssamRifles,262,22.6,5.18,5,2.0,103.8,70.4,0
975,RR,242,4.3,1.07,3,3.4,119.4,67.0,1
976,AssamRifles,147,7.6,3.12,6,5.1,104.1,129.5,0
977,RR,290,12.1,2.5,10,0.4,95.8,92.8,0
978,RR,356,15.3,2.58,1,14.6,116.3,145.6,0
979,RifleCoy,324,15.1,2.8,7,2.8,145.6,86.6,0
980,RR,160,12.4,4.66,3,2.3,98.2,57.6,0
981,RR,235,13.8,3.51,3,11.9,99.4,0.0,0
982,AssamRifles,223,12.6,3.39,4,0.6,108.2,66.2,0
983,SF,216,17.2,4.79,10,0.2,121.3,6.1,0
984,AssamRifles,241,9.2,2.3,10,5.8,118.5,0.0,0
985,RifleCoy,369,9.8,1.59,2,2.4,108.2,28.1,0
986,RifleCoy,246,15.4,3.77,4,7.2,103.5,122.2,0
987,SF,213,19.9,5.59,6,0.4,141.5,65.5,0
988,RR,257,8.8,2.06,6,2.4,127.2,90.7,1
989,RifleCoy,161,13.2,4.92,7,1.3,136.0,120.4,0
990,SF,197,10.1,3.08,4,6.7,120.5,77.9,0
991,AssamRifles,299,14.8,2.96,6,1.3,108.6,38.7,0
992,AssamRifles,251,3.8,1.0,6,3.1,116.0,53.2,1
993,AssamRifles,366,10.3,1.68,8,8.5,137.1,126.3,0
994,RR,256,9.1,2.14,10,12.3,117.7,78.4,0
995,RR,165,10.3,3.74,3,6.4,84.2,0.0,0
996,SF,144,2.0,1.0,3,2.8,131.0,58.8,1
997,RifleCoy,300,22.1,4.42,4,4.2,132.5,111.9,0
998,AssamRifles,177,2.0,1.0,5,5.9,128.6,91.0,1
999,RR,172,14.4,5.02,4,10.4,89.9,18.8,0
1000,RR,209,5.5,1.59,8,11.0,115.8,35.2,0
1001,RifleCoy,299,5.8,1.16,10,13.4,125.4,0.0,1
1002,AssamRifles,217,12.7,3.51,7,8.3,110.2,113.0,0
1003,AssamRifles,189,15.5,4.91,5,0.8,115.7,117.3,0
1004,RifleCoy,312,6.6,1.27,7,6.9,118.4,72.0,0
1005,SF,302,6.5,1.28,3,8.4,97.6,59.0,0
1006,SF,340,5.5,1.0,6,10.5,117.1,15.1,1
1007,RifleCoy,321,13.1,2.44,5,12.9,95.2,99.9,0
1008,RifleCoy,303,6.8,1.34,7,3.6,108.5,0.0,0
1009,SF,194,18.4,5.7,7,5.3,101.4,126.6,0
1010,RifleCoy,279,6.2,1.34,2,0.0,123.1,114.8,0
1011,AssamRifles,312,14.7,2.83,8,4.3,120.0,150.1,0
1012,SF,351,19.7,3.37,5,3.2,118.5,83.0,0
1013,SF,250,12.3,2.96,3,16.4,114.2,48.8,0
1014,SF,210,3.0,1.0,7,11.6,116.5,105.9,1
1015,AssamRifles,186,14.0,4.52,7,8.0,140.1,126.9,0
1016,RifleCoy,298,10.8,2.17,6,0.3,129.9,10.5,0
1017,RR,199,11.8,3.56,8,2.6,95.6,75.8,0
1018,RR,246,19.9,4.86,9,6.0,102.0,95.9,0
1019,AssamRifles,187,12.3,3.93,9,0.2,106.9,108.9,0
1020,AssamRifles,230,14.6,3.8,4,1.3,106.4,58.9,0
1021,RifleCoy,266,8.7,1.96,4,10.9,97.6,117.9,0
1022,RR,256,10.6,2.48,4,0.7,118.8,22.4,0
1023,SF,284,17.6,3.72,4,0.3,109.1,201.1,0
1024,AssamRifles,157,12.7,4.85,14,4.3,113.3,42.5,0
1025,RR,233,13.4,3.46,7,14.6,84.4,104.5,0
1026,SF,211,17.0,4.84,5,9.0,86.4,46.8,0
1027,SF,181,20.2,6.68,5,18.4,101.9,85.9,1
1028,RifleCoy,195,6.2,1.91,5,7.0,119.1,15.2,0
1029,AssamRifles,186,9.5,3.08,5,2.9,117.2,144.5,0
1030,SF,260,19.3,4.45,9,14.7,125.1,31.0,0
1031,AssamRifles,264,22.0,4.99,8,2.8,99.5,84.9,0
1032,RR,292,10.7,2.2,3,2.2,120.3,76.2,0
1033,RR,259,13.4,3.09,3,3.0,133.0,37.9,0
1034,AssamRifles,249,13.8,3.31,8,8.4,123.9,0.0,0
1035,SF,244,13.2,3.24,11,12.5,90.6,143.6,0
1036,SF,280,13.2,2.84,8,2.2,126.6,88.7,0
1037,RR,113,18.8,8.0,5,3.1,114.9,0.0,1
1038,SF,236,3.0,1.0,4,11.4,116.8,0.0,1
1039,SF,259,8.7,2.02,6,0.2,147.4,60.7,0
1040,RR,347,15.2,2.63,4,7.7,113.7,75.1,0
1041,RifleCoy,173,9.5,3.3,4,3.0,119.5,67.1,0
1042,RR,171,13.4,4.71,7,2.4,111.4,166.6,0
1043,AssamRifles,103,17.4,8.0,0,3.0,106.4,0.0,1
1044,RifleCoy,156,20.0,7.69,3,2.7,115.5,92.7,1
1045,AssamRifles,230,13.4,3.49,2,7.1,103.4,118.7,0
1046,RifleCoy,196,19.4,5.95,1,13.2,112.2,117.5,0
1047,RifleCoy,195,12.7,3.91,6,3.4,105.5,133.6,0
1048,RR,241,10.5,2.61,8,8.9,78.8,87.0,0
1049,RR,274,4.3,1.0,4,6.6,102.6,94.8,1
1050,AssamRifles,240,7.0,1.75,6,2.0,124.3,60.2,0
1051,RR,241,12.0,2.99,6,4.4,117.8,0.0,0
1052,RifleCoy,264,12.1,2.76,8,5.5,106.5,99.7,0
1053,RR,130,13.1,6.07,4,0.1,111.5,55.8,0
1054,AssamRifles,247,21.2,5.15,6,2.5,97.9,35.4,0
1055,RifleCoy,235,15.8,4.02,9,24.6,99.5,102.3,0
1056,AssamRifles,239,16.0,4.02,10,5.1,110.1,107.7,0
1057,SF,204,21.1,6.22,7,2.0,106.8,37.7,0
1058,RR,227,10.2,2.7,10,1.4,98.7,95.0,0
1059,RifleCoy,264,9.5,2.15,9,1.2,109.0,75.1,0
1060,AssamRifles,336,18.1,3.23,8,2.6,93.3,91.4,0
1061,RR,138,14.4,6.27,5,1.1,133.6,155.2,0
1062,RR,274,11.8,2.58,5,0.7,123.4,106.6,0
1063,AssamRifles,313,11.7,2.24,8,2.3,77.4,102.0,0
1064,RifleCoy,163,11.1,4.1,5,4.7,122.6,26.9,0
1065,AssamRifles,229,11.5,3.01,3,0.8,104.4,35.3,0
1066,RR,256,12.0,2.81,8,0.2,101.8,108.9,0
1067,AssamRifles,360,10.5,1.75,2,0.2,121.3,0.0,0
1068,SF,370,14.8,2.4,3,1.6,107.9,58.6,0
1069,RR,163,15.7,5.79,9,1.1,104.2,34.2,0
1070,RifleCoy,221,9.2,2.49,3,3.9,90.1,71.5,0
1071,SF,251,16.5,3.95,4,3.0,123.7,67.1,0
1072,AssamRifles,273,5.6,1.24,9,2.0,125.5,87.8,0
1073,RifleCoy,252,14.5,3.46,2,9.0,112.4,107.9,0
1074,SF,183,14.8,4.84,2,3.5,92.5,138.0,0
1075,AssamRifles,180,11.6,3.86,4,0.5,114.5,142.5,0
1076,SF,147,12.3,5.02,10,1.8,119.6,65.8,0
1077,RR,118,10.8,5.51,2,18.1,109.6,44.5,0
1078,RifleCoy,146,9.5,3.89,6,18.9,123.2,32.7,0
1079,SF,309,12.0,2.33,4,1.5,112.5,60.7,0
1080,RR,282,9.3,1.97,5,0.9,114.6,20.7,0
1081,AssamRifles,273,17.7,3.89,2,3.4,132.2,108.2,0
1082,RR,226,2.0,1.0,4,3.3,102.6,141.4,1
1083,AssamRifles,237,11.3,2.87,5,2.6,86.5,0.0,0
1084,RifleCoy,223,2.5,1.0,12,3.8,107.5,80.6,1
1085,RR,144,6.7,2.78,7,1.3,101.5,173.4,0
1086,RR,278,9.1,1.97,9,0.6,88.7,0.0,0
1087,AssamRifles,291,18.7,3.86,4,4.2,119.3,168.6,0
1088,SF,170,17.8,6.27,6,13.5,110.0,28.4,0
1089,AssamRifles,170,12.4,4.36,7,0.7,82.7,43.6,0
1090,SF,261,12.3,2.83,6,6.1,133.2,117.1,0
1091,AssamRifles,260,17.2,3.97,7,2.9,99.1,110.5,0
1092,RifleCoy,283,17.7,3.74,7,1.7,100.8,73.7,0
1093,SF,324,9.1,1.69,8,9.6,124.1,34.2,0
1094,RR,176,15.4,5.24,3,3.0,116.4,5.4,0
1095,SF,235,7.2,1.84,10,4.4,126.4,75.4,0
1096,AssamRifles,179,10.1,3.37,4,2.9,77.3,67.3,0
1097,AssamRifles,184,15.0,4.88,11,0.4,105.7,32.5,0
1098,SF,214,8.7,2.44,5,4.5,112.0,64.7,0
1099,RR,326,10.2,1.88,8,2.7,129.5,95.1,0
1100,RifleCoy,306,3.7,1.0,7,0.5,97.3,144.2,1
1101,RR,235,14.3,3.64,7,4.5,104.9,91.7,0
1102,SF,110,7.6,4.14,9,0.0,112.1,69.5,0
1103,AssamRifles,263,7.9,1.8,9,1.2,121.4,30.6,0
1104,RR,262,18.8,4.3,9,7.6,93.4,35.3,0
1105,AssamRifles,183,8.6,2.81,3,0.2,122.2,93.0,0
1106,AssamRifles,289,15.8,3.27,7,5.2,101.1,96.2,0
1107,RR,182,17.5,5.77,8,14.9,115.6,66.7,0
1108,SF,289,16.6,3.44,4,0.9,107.1,134.3,0
1109,RR,254,10.8,2.54,3,2.7,114.1,83.5,0
1110,RifleCoy,152,9.9,3.89,7,4.3,113.2,50.8,0
1111,AssamRifles,218,7.4,2.05,2,3.0,129.2,40.7,0
1112,AssamRifles,248,3.2,1.0,6,4.8,106.5,36.7,1
1113,SF,258,15.9,3.69,6,2.6,105.5,108.8,0
1114,AssamRifles,301,15.4,3.07,3,0.8,126.0,42.7,0
1115,AssamRifles,309,14.4,2.79,5,0.5,131.0,86.5,0
1116,AssamRifles,225,2.0,1.0,8,6.8,104.1,29.1,1
1117,RR,273,11.1,2.44,7,1.4,120.4,70.0,0
1118,AssamRifles,336,15.1,2.7,9,9.4,97.2,76.7,1
1119,RR,178,18.4,6.21,2,6.8,120.5,221.8,0
1120,SF,203,13.5,3.99,5,0.3,123.8,1.6,0
1121,RifleCoy,140,13.0,5.56,7,1.1,105.9,128.5,0
1122,AssamRifles,202,8.6,2.56,6,1.7,126.7,33.9,0
1123,RifleCoy,252,13.9,3.31,6,4.5,106.1,161.0,0
1124,RR,113,10.8,5.74,5,8.3,110.4,38.1,0
1125,SF,266,8.4,1.88,4,0.3,115.9,142.2,1
1126,SF,211,6.2,1.77,9,1.4,95.6,93.3,0
1127,RR,236,7.3,1.85,4,2.4,89.6,0.1,0
1128,RifleCoy,169,13.6,4.84,11,1.0,114.2,91.9,0
1129,AssamRifles,233,5.1,1.3,5,3.9,98.9,110.9,0
1130,RR,340,10.5,1.86,8,3.3,91.7,115.3,0
1131,RR,216,18.5,5.15,7,1.9,121.5,65.8,0
1132,RR,107,4.8,2.71,1,3.6,132.8,235.7,0
1133,RR,312,14.2,2.74,6,2.2,122.9,196.8,0
1134,RR,272,14.7,3.25,7,2.1,92.2,100.3,0
1135,SF,245,10.5,2.58,8,1.5,112.7,1.0,0
1136,RR,274,15.1,3.31,7,3.9,105.4,20.0,0
1137,SF,244,11.1,2.72,9,2.9,97.2,63.9,0
1138,RifleCoy,338,16.0,2.84,6,1.1,111.3,74.2,0
1139,AssamRifles,285,6.7,1.4,6,0.1,109.0,30.4,0
1140,SF,212,21.4,6.07,7,0.8,106.5,47.4,0
1141,AssamRifles,329,19.2,3.5,4,0.2,124.8,0.0,0
1142,AssamRifles,349,2.0,1.0,4,2.8,129.5,0.0,1
1143,AssamRifles,294,17.9,3.65,3,1.3,105.2,80.8,0
1144,SF,264,9.1,2.07,8,2.7,107.3,175.5,0
1145,SF,188,19.2,6.12,6,2.0,106.3,0.0,0
1146,SF,281,17.0,3.64,7,3.9,117.7,67.2,0
1147,RifleCoy,263,6.6,1.5,8,6.4,115.0,78.9,0
1148,SF,238,14.9,3.75,4,3.3,99.4,102.4,0
1149,RifleCoy,281,8.5,1.81,3,0.3,108.1,49.4,0
1150,SF,245,14.7,3.6,7,0.1,87.5,14.0,0
1151,SF,272,12.2,2.7,4,1.2,86.4,118.7,0
1152,AssamRifles,302,8.4,1.66,9,2.8,92.3,0.0,0
1153,RR,160,5.3,1.99,5,0.2,106.2,102.9,0
1154,AssamRifles,178,13.2,4.43,4,2.0,119.2,31.8,0
1155,SF,185,14.3,4.64,3,10.9,98.3,94.6,1
1156,RR,356,11.2,1.89,5,0.5,108.1,149.6,0
1157,RR,278,8.1,1.75,10,14.8,113.3,38.8,0
1158,RifleCoy,283,9.6,2.03,0,9.7,133.0,57.9,0
1159,RR,307,6.5,1.27,4,8.9,110.8,54.8,0
1160,RifleCoy,177,15.7,5.32,9,10.0,111.5,216.7,0
1161,AssamRifles,117,2.0,1.03,7,0.4,100.9,72.3,1
1162,RifleCoy,236,16.8,4.26,3,0.8,137.6,69.6,0
1163,SF,293,11.6,2.38,6,0.7,121.5,74.8,0
1164,RR,228,14.6,3.84,5,0.6,93.3,161.2,0
1165,SF,157,15.1,5.77,4,2.0,132.5,41.7,0
1166,RR,185,12.6,4.08,6,8.9,120.8,127.6,0
1167,RR,169,10.0,3.57,6,1.5,113.5,34.5,0
1168,AssamRifles,203,17.5,5.18,7,1.4,119.9,30.3,0
1169,RifleCoy,170,3.4,1.21,6,5.6,127.0,102.2,0
1170,AssamRifles,248,18.5,4.48,3,0.5,98.7,152.9,0
1171,RifleCoy,207,6.4,1.85,9,2.2,104.2,57.0,0
1172,AssamRifles,278,10.4,2.24,6,1.8,109.4,56.6,0
1173,AssamRifles,181,19.2,6.35,4,9.4,91.4,118.1,0
1174,RR,255,23.1,5.45,8,3.6,120.9,79.4,0
1175,AssamRifles,237,12.9,3.27,3,5.2,105.9,120.8,0
1176,AssamRifles,263,5.2,1.19,9,0.7,104.2,0.0,1
1177,RifleCoy,272,16.3,3.59,6,13.2,100.4,17.6,0
1178,AssamRifles,278,11.8,2.55,4,1.9,109.5,76.3,0
1179,RR,289,6.7,1.39,10,6.1,112.3,107.1,0
1180,AssamRifles,272,13.1,2.89,10,15.5,124.9,72.2,1
1181,SF,257,5.5,1.27,4,3.6,125.4,84.8,0
1182,SF,199,13.0,3.91,4,3.5,93.0,116.4,0
1183,RifleCoy,291,7.4,1.53,10,0.6,116.9,5.2,0
1184,RifleCoy,198,2.2,1.0,11,2.5,128.4,116.4,1
1185,SF,222,3.7,1.0,7,9.6,106.7,143.0,1
1186,AssamRifles,188,9.0,2.86,10,0.7,107.5,59.4,0
1187,AssamRifles,187,14.5,4.66,8,12.5,104.0,28.3,0
1188,RifleCoy,220,18.3,4.98,5,5.5,118.1,133.3,0
1189,RR,226,19.1,5.08,4,2.7,114.3,183.2,0
1190,AssamRifles,191,4.4,1.39,6,4.0,124.7,88.9,0
1191,SF,241,10.9,2.71,2,0.8,108.3,27.0,0
1192,RR,249,8.9,2.16,4,1.2,128.9,79.6,0
1193,RR,207,11.5,3.32,3,1.7,119.0,30.0,0
1194,AssamRifles,377,19.1,3.03,3,2.4,127.6,123.0,0
1195,RR,259,12.8,2.97,1,12.4,101.1,77.0,0
1196,RifleCoy,247,16.3,3.97,11,2.3,133.5,24.3,0
1197,RR,199,23.1,6.95,6,3.7,101.7,92.0,1
1198,RifleCoy,248,4.2,1.01,5,0.9,102.4,40.7,1
1199,AssamRifles,254,9.6,2.27,5,6.7,104.1,1.1,0
1200,RR,239,14.9,3.73,3,4.1,102.5,125.6,0
