post_id,altitude_m,temp_c,wind_kph,snowfall_cm_7d,acclimatized_days,shelter_quality_1to5,supply_gap_days,med_facility_score_1to5,risk_level,casualty_occurred
1,3741,-17.5,27,0,5,1,4,1,High,1
2,2989,-12.9,48,64,9,1,5,5,High,0
3,3516,-9.9,30,45,10,4,7,1,High,0
4,3740,-15.0,35,50,13,4,3,3,Medium,0
5,3830,-8.2,36,24,2,4,2,3,Medium,0
6,2745,-14.1,37,53,15,5,1,4,Low,0
7,5317,-8.8,46,53,15,4,0,4,Medium,0
8,4209,-9.6,38,26,9,5,0,2,Medium,1
9,4719,-8.8,27,7,10,2,3,2,High,0
10,3346,-21.4,16,38,11,5,5,4,Medium,0
11,3648,-4.3,32,27,10,2,1,3,Low,0
12,3521,-18.1,26,67,13,4,4,1,High,0
13,3171,-13.3,35,31,8,4,1,4,Low,0
14,3954,-16.5,19,32,6,2,1,1,High,0
15,2969,-11.5,24,46,12,3,0,2,Low,0
16,3918,-12.8,28,30,2,5,5,1,High,1
17,3201,-7.4,18,43,13,1,6,4,Medium,1
18,3739,-11.7,28,19,13,4,1,3,Low,0
19,4376,-14.7,35,7,6,5,1,4,Medium,0
20,3420,-24.6,47,11,17,5,4,5,Medium,0
21,3968,-5.8,20,23,8,4,6,5,Low,1
22,3194,-8.4,37,32,7,2,6,5,Medium,0
23,2791,-5.5,8,39,6,4,2,3,Low,0
24,4497,-13.3,27,39,12,5,2,4,Medium,0
25,3948,-9.5,28,30,8,3,0,5,Low,0
26,3419,-16.6,36,8,2,2,2,4,Medium,0
27,3917,-17.2,22,43,11,4,3,2,Medium,0
28,2890,-14.0,30,0,8,1,0,5,Low,0
29,3765,-5.5,39,6,15,4,1,5,Low,0
30,3630,-13.9,16,30,11,5,3,3,Low,0
31,3890,-12.4,8,45,11,5,0,4,Low,0
32,4485,-10.3,38,42,15,1,3,3,High,1
33,4368,-11.8,18,27,10,2,5,3,Medium,1
34,2666,-4.9,32,38,13,5,4,4,Low,0
35,2302,-17.2,47,8,6,2,2,2,Medium,0
36,3647,-11.3,36,18,18,2,5,4,Low,0
37,3601,-8.7,18,19,11,4,5,2,Low,1
38,2818,-23.5,13,10,3,2,3,3,Medium,0
39,2923,-10.1,20,22,10,5,3,2,Low,0
40,3037,-2.6,29,25,10,5,1,2,Low,0
41,4301,-14.5,25,20,10,3,2,2,Medium,0
42,3216,-19.6,41,24,0,2,5,5,High,0
43,2597,-8.7,34,0,7,3,6,5,Low,1
44,3461,-10.7,20,37,3,4,2,3,Low,1
45,3498,-1.3,36,21,3,3,2,4,Low,1
46,2880,-8.9,43,21,10,2,1,2,Low,0
47,3854,-18.6,24,2,7,5,2,5,Low,0
48,4182,-18.9,32,61,8,4,0,4,Medium,0
49,3286,-6.0,19,61,5,2,3,2,Medium,0
50,2597,-9.5,26,0,16,4,0,4,Low,0
51,3335,-12.4,19,25,10,1,1,1,Medium,0
52,3681,-10.8,40,48,2,2,2,2,High,0
53,2205,-8.9,22,22,13,1,0,4,Low,0
54,3788,-9.4,32,17,8,3,1,2,Low,0
55,3275,-22.5,34,16,15,2,0,2,Medium,1
56,3526,-3.5,59,36,9,1,5,1,High,1
57,3326,-3.0,25,82,6,5,5,4,Medium,0
58,3047,0.7,20,46,7,3,1,3,Low,1
59,3433,-0.9,27,7,7,2,8,5,Medium,0
60,3194,-2.0,19,17,12,2,1,2,Low,0
61,3285,-14.0,23,24,6,5,2,2,Low,1
62,2971,-9.9,35,12,16,5,3,2,Low,1
63,3822,-3.8,21,9,11,1,4,2,Medium,0
64,4242,-24.6,33,44,11,1,2,5,High,0
65,2976,-13.5,33,19,10,1,5,3,Medium,0
66,3429,-23.9,30,37,9,4,5,1,High,0
67,2842,-10.0,34,65,3,3,2,3,Low,1
68,3732,-3.1,25,19,11,2,2,5,Low,0
69,3634,-11.9,7,35,19,3,1,4,Low,0
70,3152,-16.0,28,9,13,5,0,1,Low,0
71,3450,-10.0,28,38,12,3,1,1,Low,0
72,4019,-9.1,24,56,2,3,4,4,Medium,1
73,2535,-8.6,34,54,15,1,3,2,Medium,0
74,2724,-20.5,35,30,14,5,2,5,Low,0
75,3849,-10.3,30,19,15,3,1,4,Low,1
76,3532,-10.7,28,34,5,2,1,3,Medium,0
77,3457,-5.4,40,31,8,1,2,3,Medium,1
78,4065,-12.5,17,39,2,3,2,4,Medium,0
79,3922,1.8,24,17,2,5,2,5,Low,0
80,4529,-11.4,37,21,7,2,2,1,High,0
81,4036,-15.3,33,25,12,5,1,1,Medium,0
82,3815,-19.0,25,43,7,5,3,2,High,0
83,3467,-15.6,31,45,6,5,4,5,Medium,1
84,3413,-17.6,22,21,11,4,1,3,Low,0
85,3498,-13.1,29,6,0,2,0,3,Low,0
86,3633,-0.2,34,37,7,5,0,2,Low,0
87,2775,-22.2,40,44,11,4,5,3,Medium,0
88,3658,-21.7,34,27,7,1,4,2,High,0
89,3354,-13.6,41,15,16,4,4,2,Low,0
90,3714,-21.5,13,20,6,1,4,4,High,0
91,3153,-18.9,5,62,7,4,5,1,High,0
92,3104,-9.6,6,34,5,5,2,5,Low,0
93,3638,-12.4,39,50,6,4,3,5,Medium,0
94,3786,-8.9,34,13,11,4,1,1,Low,0
95,3137,-7.9,20,54,14,5,2,5,Low,0
96,4291,-2.6,24,47,20,1,6,3,Medium,0
97,4287,-9.3,31,27,12,5,1,3,Low,0
98,2550,-3.6,20,42,4,2,0,5,Low,0
99,3033,-11.3,19,55,16,4,2,4,Low,1
100,3569,-9.3,21,7,12,2,2,5,Low,0
101,3722,-9.4,20,19,10,5,3,2,Low,1
102,4779,-10.0,28,40,15,5,4,2,Medium,0
103,3584,-10.6,44,30,21,3,2,1,Low,1
104,3430,0.7,17,38,9,2,7,3,Low,1
105,2817,-7.1,27,43,5,3,5,4,Low,0
106,2548,-15.1,32,39,16,2,1,5,Low,0
107,3419,2.0,33,24,23,3,2,2,Low,0
108,4734,-14.6,22,26,10,3,4,3,Medium,0
109,3372,-12.0,34,61,10,2,1,3,Medium,0
110,3036,-17.8,32,31,10,5,0,4,Low,0
111,3771,-7.0,23,57,12,1,6,4,High,0
112,2296,-0.2,14,58,2,5,0,4,Low,0
113,3547,-22.4,16,14,11,1,4,4,High,0
114,3994,-13.9,35,44,11,2,4,2,High,0
115,2931,-4.2,42,8,11,4,1,4,Low,0
116,4321,-19.4,28,62,10,5,6,3,High,1
117,3895,-8.0,42,33,10,3,3,3,Low,0
118,4326,-21.1,27,32,0,5,3,5,High,0
119,2674,-9.1,16,12,6,2,0,3,Low,1
120,3391,-11.5,25,17,14,4,0,3,Low,0
121,4053,2.0,42,34,15,4,2,2,Low,1
122,2601,-6.8,21,31,7,5,5,3,Low,0
123,4068,-27.2,26,22,5,5,0,1,High,0
124,3392,-12.5,39,47,13,5,3,3,Low,0
125,4063,-6.2,39,29,11,2,3,5,Medium,0
126,3630,-14.9,31,9,9,1,5,5,High,0
127,4346,-15.2,33,44,14,1,5,4,High,0
128,2724,-14.9,38,6,4,3,3,2,Low,0
129,3697,-8.2,31,0,15,2,2,5,Low,1
130,2593,-20.8,40,31,2,4,1,1,Medium,0
131,3751,-15.9,34,9,5,3,0,1,Medium,0
132,3696,-4.8,26,33,4,4,1,4,Low,0
133,3328,-15.4,32,46,7,4,0,2,Low,0
134,3029,-15.8,24,49,11,5,2,2,Low,0
135,3304,-21.6,18,39,13,4,2,3,Low,1
136,3558,-7.5,16,3,9,4,2,1,Low,1
137,3670,-9.0,25,15,3,2,3,1,High,0
138,4659,-5.2,31,30,0,5,2,1,High,0
139,4024,-12.8,46,30,14,5,4,1,High,1
140,3147,-9.8,32,11,13,3,3,5,Low,0
141,3847,-9.8,29,20,15,5,2,2,Low,1
142,4028,-22.0,27,46,9,1,0,3,High,0
143,3106,2.0,24,40,13,2,2,5,Low,0
144,3921,-5.2,29,23,6,3,5,2,Medium,1
145,2607,-11.4,25,50,12,1,4,4,Medium,0
146,3084,-13.6,24,3,7,4,4,1,Medium,1
147,2645,-2.7,36,46,5,1,4,3,Medium,0
148,3373,-11.3,18,43,11,3,5,2,Low,0
149,3215,-5.6,25,44,10,5,4,4,Low,1
150,3261,-16.0,21,35,14,2,3,1,Medium,0
151,3989,-18.1,29,16,3,3,2,4,Medium,0
152,3554,-13.1,36,41,14,1,4,4,High,1
153,3980,-11.9,31,21,10,1,0,5,Medium,1
154,4475,-9.0,25,34,15,3,5,4,Medium,1
155,4756,-1.7,37,15,15,3,4,5,Low,0
156,3416,-4.2,36,23,0,3,6,5,Medium,0
157,3820,-2.8,28,27,15,5,0,4,Low,0
158,3407,-17.1,43,37,15,3,5,2,Medium,0
159,4108,-14.1,32,41,3,4,4,4,High,0
160,3991,-5.2,31,63,2,2,1,4,Medium,0
161,3103,-3.5,15,32,13,2,2,2,Low,0
162,3191,-6.8,11,11,10,4,2,1,Low,0
163,4331,-15.9,28,45,6,1,2,3,High,1
164,3170,-19.3,37,36,17,1,0,1,High,0
165,3432,-10.4,31,26,11,1,5,4,Medium,0
166,3905,-18.2,37,21,0,1,1,1,High,0
167,3400,-8.8,23,17,4,5,0,3,Low,0
168,4420,-3.2,28,16,15,4,5,1,Medium,0
169,4119,-10.7,28,5,10,2,0,3,Low,0
170,2969,-21.1,9,49,6,4,2,1,Medium,1
171,3148,-15.6,45,38,12,2,1,5,Medium,0
172,3852,-5.9,39,31,6,1,6,4,High,0
173,3468,-8.7,37,17,3,5,5,3,Medium,0
174,2335,-8.1,40,51,15,3,1,4,Low,0
175,2917,0.4,23,1,15,3,1,5,Low,0
176,3640,-9.6,35,27,12,1,4,1,High,0
177,4034,-9.8,23,49,2,1,3,4,High,0
178,4042,-6.0,29,0,19,4,2,1,Low,0
179,4677,-20.2,10,33,19,5,2,1,Medium,0
180,3085,-15.1,26,16,16,5,2,4,Low,1
181,3113,-17.2,12,32,11,4,4,3,Low,0
182,3484,-7.4,15,22,10,5,6,3,Low,0
183,2494,-18.4,27,41,12,5,6,4,Low,0
184,3498,-8.1,20,54,4,3,1,3,Low,0
185,3382,-13.5,31,80,7,5,3,2,High,1
186,3975,-14.5,44,27,7,1,5,1,High,0
187,4076,-5.6,21,44,13,3,1,4,Low,0
188,3714,-21.3,25,36,11,1,1,5,High,0
189,3501,-15.4,34,38,5,1,4,4,High,0
190,3718,2.0,21,59,2,4,2,4,Low,0
191,3024,1.0,20,16,11,5,0,1,Low,0
192,3450,-24.7,23,22,4,5,1,5,Medium,0
193,3510,-15.6,36,26,3,5,4,1,High,1
194,3454,-11.6,10,10,20,5,3,3,Low,0
195,3397,-21.9,19,29,21,3,0,4,Low,0
196,3127,2.0,43,43,7,2,1,1,Medium,0
197,2884,-11.8,5,46,0,1,6,2,High,0
198,3376,-13.3,26,26,16,2,2,4,Low,1
199,3856,-9.3,43,52,11,2,2,3,Medium,0
200,2457,-9.4,47,0,13,2,3,1,Low,0
201,3201,-18.0,35,76,6,3,3,1,High,0
202,4741,-2.8,39,41,4,2,2,2,High,1
203,3384,-10.9,18,21,8,3,5,3,Low,0
204,3590,-2.8,19,39,10,4,2,2,Low,0
205,4603,-16.0,45,26,6,4,4,4,High,0
206,3691,-24.6,25,0,16,4,6,5,Medium,0
207,3705,-1.9,9,30,1,3,3,1,Medium,0
208,2953,-6.8,32,48,12,3,0,2,Low,1
209,3687,-3.8,26,49,10,1,3,1,High,0
210,3491,-3.4,28,35,16,2,1,1,Low,0
211,4054,-11.9,5,49,5,5,4,2,Medium,1
212,4266,-14.6,5,38,13,5,3,1,Medium,1
213,3518,-12.6,31,34,12,2,2,3,Low,0
214,3729,-8.1,24,16,11,5,0,3,Low,0
215,2366,-10.1,23,23,5,5,0,5,Low,0
216,2158,-24.8,31,24,6,5,1,3,Low,1
217,4155,-12.8,20,35,8,3,4,2,Medium,0
218,2003,-2.1,25,46,7,3,5,3,Low,1
219,3696,-12.0,23,17,16,3,2,5,Low,0
220,3395,2.0,36,2,10,2,1,4,Low,0
221,4238,-18.7,9,58,13,4,3,4,Medium,0
222,3478,-9.6,21,10,2,5,4,2,Medium,0
223,4581,-18.9,38,39,0,1,4,5,High,1
224,3377,-18.0,19,35,9,3,3,3,Low,0
225,4187,-17.9,29,23,3,1,7,5,High,0
226,2601,2.0,44,42,10,5,5,1,Low,1
227,2118,-13.8,29,5,5,4,0,5,Low,0
228,3483,-16.9,49,62,11,1,0,3,High,0
229,2659,-12.0,41,82,6,5,0,2,Medium,0
230,3464,-13.6,21,54,12,5,5,1,Medium,0
231,3252,-6.3,15,13,5,3,0,5,Low,0
232,3863,-26.3,21,0,0,4,3,4,Medium,0
233,2861,-18.7,31,39,14,5,2,3,Low,0
234,3754,-6.1,31,4,6,4,0,2,Low,0
235,4018,-15.4,34,21,16,3,3,3,Low,0
236,3376,-17.3,18,60,6,1,2,5,High,0
237,3786,-17.6,20,62,5,2,4,2,High,1
238,2912,-6.9,33,64,8,2,0,4,Low,0
239,3270,-7.2,47,31,7,2,1,1,Medium,0
240,2694,-5.3,17,47,10,4,1,5,Low,1
241,4903,-20.1,27,0,12,2,4,2,High,1
242,4237,-20.6,24,0,12,1,2,1,High,0
243,4496,-4.0,29,24,9,5,5,2,Medium,0
244,4228,-10.6,16,46,2,4,2,5,Medium,0
245,3102,-16.2,28,21,18,1,3,2,Medium,0
246,2579,-13.1,40,46,8,4,5,4,Low,1
247,3245,-20.6,11,6,7,4,0,2,Low,0
248,3785,-15.7,37,32,9,4,3,5,Medium,1
249,3325,-10.9,16,40,8,3,2,2,Low,0
250,2159,-9.5,30,45,1,5,1,1,Low,0
251,3948,-12.6,32,20,12,2,2,1,High,0
252,2541,-13.3,31,30,5,3,3,3,Low,0
253,3246,-6.9,24,0,8,5,1,3,Low,0
254,4546,-12.7,34,27,18,2,3,4,Medium,0
255,3529,-15.1,15,51,14,3,0,1,Low,0
256,4145,-17.3,37,24,18,3,2,3,Low,0
257,3708,-24.4,23,15,6,1,4,2,High,0
258,2894,-7.5,31,45,13,3,4,4,Low,1
259,3937,-1.8,24,75,12,4,5,5,Low,0
260,3462,-17.8,43,73,9,3,2,3,Medium,0
261,2608,-20.9,32,35,6,4,2,3,Low,0
262,2507,-16.4,34,45,15,5,4,1,Medium,0
263,3729,-10.0,35,62,7,5,5,4,Medium,1
264,4784,-15.5,25,34,10,4,3,1,High,0
265,2854,-15.7,30,39,14,1,6,1,High,0
266,2925,-12.6,29,23,5,1,4,4,Medium,0
267,3738,-11.3,34,77,4,5,1,2,High,0
268,2711,-9.4,23,44,22,3,2,3,Low,0
269,4912,-14.1,20,24,5,5,2,1,High,1
270,2980,-14.2,39,18,18,5,0,3,Low,0
271,3200,-25.5,35,0,9,4,1,4,Low,1
272,3017,-5.5,19,0,7,1,5,2,Medium,0
273,4060,-10.2,47,15,8,4,5,5,Medium,0
274,4797,-1.4,22,48,9,5,3,2,Medium,0
275,3078,-8.4,29,36,16,2,3,4,Low,0
276,4019,-12.5,39,4,13,3,2,2,Low,0
277,2716,-22.4,39,11,8,5,1,5,Low,1
278,4075,-23.4,20,35,0,4,4,1,High,0
279,4555,-4.7,33,63,10,2,2,2,High,1
280,4371,-8.1,24,7,10,2,6,4,Medium,0
281,3579,-1.7,32,39,16,5,3,2,Low,0
282,2880,-5.5,26,21,2,1,3,5,Medium,1
283,3500,-14.6,23,21,7,2,0,4,Low,1
284,3313,-28.1,18,6,7,3,0,2,Low,0
285,3231,-7.8,39,42,9,4,3,4,Low,0
286,3623,-19.1,20,20,10,4,2,5,Low,0
287,3460,-13.3,42,22,12,4,4,1,Medium,0
288,3924,-9.1,25,49,0,5,1,5,Medium,0
289,3928,-16.4,32,50,10,4,1,1,High,0
290,3462,-17.8,43,15,11,4,5,3,Medium,0
291,3759,-14.2,23,35,10,3,3,5,Low,0
292,4292,-26.3,32,48,9,1,0,1,High,0
293,3181,-19.2,32,26,0,5,3,3,Medium,1
294,3509,-19.3,21,43,12,5,6,3,Medium,0
295,2882,-13.7,30,23,5,4,3,3,Low,1
296,3787,-18.6,35,23,13,3,2,4,Low,0
297,3619,-15.6,45,11,16,2,4,5,Medium,0
298,3776,-15.1,23,64,1,4,3,5,Medium,0
299,2906,2.0,31,20,12,4,5,5,Low,1
300,3959,-6.6,26,13,3,5,4,5,Low,0
301,3561,-12.8,29,9,9,5,4,4,Low,0
302,4117,-8.9,22,31,9,4,5,5,Medium,1
303,3237,-5.6,26,9,13,5,2,1,Low,0
304,3909,-10.0,43,15,13,3,1,3,Low,0
305,3767,-19.2,29,45,11,2,0,4,Medium,1
306,4414,-13.0,28,38,1,2,2,4,High,0
307,3430,-18.8,19,3,0,2,0,5,Medium,0
308,3167,-14.3,38,44,14,4,3,3,Low,0
309,3203,-13.1,36,30,13,4,1,1,Low,1
310,2835,-4.6,29,52,5,4,4,3,Low,0
311,3198,-17.6,47,58,11,3,4,2,High,1
312,2095,-18.1,22,0,8,2,2,3,Low,0
313,4321,-17.0,17,45,15,5,4,1,High,1
314,4660,-16.3,27,62,10,5,3,1,High,0
315,3411,-14.2,19,34,14,1,0,1,Medium,0
316,3762,-9.7,30,43,6,1,1,4,Medium,1
317,3598,-17.5,28,34,11,5,1,4,Low,1
318,2712,-11.2,39,49,7,2,3,2,Medium,0
319,4115,-11.1,23,37,6,4,2,3,Low,1
320,4205,-8.1,31,0,0,5,1,5,Low,0
321,2875,-13.5,29,27,14,5,4,2,Low,0
322,3697,-6.2,36,26,18,1,4,5,Medium,0
323,3342,-9.4,16,44,3,2,1,5,Low,0
324,4213,-9.7,19,53,13,5,1,2,Low,0
325,3450,-15.9,22,25,13,4,5,3,Low,1
326,3466,-10.1,17,5,7,4,8,5,Low,0
327,4592,-9.5,34,36,6,3,1,4,Medium,0
328,2728,-16.2,34,14,15,4,4,4,Low,0
329,3648,-3.6,38,17,15,5,2,2,Low,0
330,3553,2.0,26,77,12,5,4,5,Low,0
331,3137,-16.6,23,16,7,4,1,2,Low,0
332,4723,-15.3,18,0,15,1,0,4,Medium,1
333,3701,-15.1,41,42,5,2,0,2,High,1
334,3903,-21.2,25,44,17,5,1,5,Low,0
335,3988,-18.1,20,47,18,4,2,5,Low,0
336,3307,-6.0,35,46,15,4,4,4,Low,0
337,4245,-12.6,24,32,11,5,1,1,Medium,0
338,4124,1.4,17,33,0,3,1,1,Medium,0
339,3426,-14.0,19,48,9,2,7,3,High,0
340,4062,-9.1,28,62,18,5,3,4,Low,1
341,4243,-18.3,17,4,14,4,3,3,Low,0
342,3977,-12.8,27,17,12,3,4,4,Low,0
343,2998,-11.4,19,42,6,5,1,5,Low,1
344,3444,-26.7,18,35,15,2,2,4,Medium,0
345,3785,-17.8,23,0,2,3,2,2,Medium,0
346,3651,-7.5,29,18,9,4,2,3,Low,0
347,3052,-7.9,31,36,18,1,4,4,Low,1
348,3328,-20.7,37,30,5,2,4,3,High,0
349,3711,-14.5,20,22,13,3,0,4,Low,1
350,2594,-28.6,41,76,1,5,4,1,High,0
351,3511,-12.0,55,29,6,5,2,3,Medium,0
352,3917,-3.2,23,34,10,3,3,5,Low,0
353,3669,-2.9,10,32,11,5,2,5,Low,0
354,2985,-3.1,10,34,20,3,2,4,Low,0
355,3091,-8.3,23,30,7,2,5,5,Low,0
356,4392,-3.9,21,0,12,5,3,5,Low,0
357,2937,-13.3,28,10,12,2,5,3,Low,1
358,4211,-15.7,33,23,7,4,2,4,Medium,1
359,3127,-4.0,15,46,14,4,2,3,Low,1
360,4178,-10.0,26,24,13,4,3,4,Low,0
361,3824,-24.6,22,13,8,4,0,5,Low,0
362,3291,-3.5,48,48,10,5,0,4,Low,0
363,2440,-13.5,14,57,5,3,1,4,Low,1
364,3739,-16.7,20,0,5,5,5,2,Medium,0
365,3608,-5.1,28,31,9,5,5,4,Low,1
366,3748,-6.1,20,0,13,2,0,2,Low,0
367,3823,-18.7,39,23,8,3,5,3,High,0
368,2711,-13.1,17,67,6,1,1,2,Medium,1
369,3735,-18.4,18,31,8,1,0,3,Medium,0
370,3945,-18.2,40,2,14,3,5,4,Medium,0
371,3938,-32.9,16,2,3,1,1,3,High,0
372,2748,-19.1,36,11,14,3,8,5,Low,0
373,4192,-13.2,23,16,12,2,1,4,Low,0
374,3757,-31.8,21,0,3,2,2,2,High,0
375,3833,-21.6,22,36,8,5,1,1,High,0
376,2962,-7.8,16,40,13,1,3,4,Low,0
377,3954,-21.9,37,22,0,3,4,5,High,0
378,2465,-13.1,29,70,4,2,0,3,Low,0
379,2991,-23.6,36,21,2,5,4,2,High,1
380,4259,-9.1,39,54,7,1,2,2,High,0
381,3925,-14.3,33,2,15,1,1,5,Medium,1
382,3674,-18.4,13,35,13,1,0,5,Medium,1
383,4066,-30.5,18,39,7,2,4,4,High,1
384,4107,-18.3,36,15,15,2,3,1,High,1
385,3954,-7.3,28,33,13,1,1,1,High,1
386,3369,-1.1,34,15,16,2,4,3,Low,1
387,2973,-13.5,27,23,9,1,4,2,Medium,0
388,3101,-12.7,23,24,12,4,4,4,Low,0
389,4346,-16.7,34,1,26,2,6,2,Medium,1
390,2734,-3.4,10,40,8,3,3,4,Low,0
391,3794,-13.7,24,41,9,2,6,5,High,1
392,3795,-5.7,28,22,9,1,5,3,Medium,1
393,4380,-10.3,30,34,9,3,4,5,Medium,0
394,3793,-11.1,15,11,12,5,0,2,Low,0
395,3246,-19.1,15,4,10,3,3,3,Low,0
396,3255,0.5,24,22,3,3,3,4,Low,0
397,3496,-1.7,27,43,10,2,3,4,Low,0
398,4179,2.0,43,28,7,3,2,3,Low,0
399,3983,-19.7,19,21,1,3,4,5,Medium,0
400,2848,-10.2,23,36,15,1,4,3,Low,0
401,3667,-17.6,43,11,7,2,0,5,Medium,0
402,3995,-8.9,38,5,11,1,5,3,High,1
403,3357,-10.0,16,22,0,2,0,5,Low,0
404,2204,-14.9,34,12,12,5,2,1,Low,1
405,3382,-13.6,36,6,8,3,1,3,Low,0
406,2608,2.0,29,48,2,2,1,5,Low,0
407,2513,-12.9,16,74,7,3,5,2,Medium,0
408,4139,-27.4,22,0,6,3,3,2,High,0
409,5012,-15.8,21,21,13,4,4,3,Medium,0
410,4318,-19.7,33,33,10,1,4,3,High,1
411,2000,-18.4,23,0,2,2,0,4,Low,0
412,3396,-7.0,25,25,12,5,1,5,Low,0
413,3146,-5.8,21,26,0,4,4,3,Low,0
414,2617,-17.9,12,39,4,1,4,2,High,0
415,3778,-15.9,53,14,10,5,0,2,Medium,0
416,3389,-16.9,32,18,6,5,5,2,Medium,0
417,2801,-1.4,42,49,15,3,4,5,Low,0
418,2266,-5.6,16,38,10,1,1,1,Low,0
419,3134,-7.3,43,44,13,4,3,3,Low,0
420,3504,-19.2,24,0,13,2,2,1,Medium,0
421,3428,-24.0,33,16,7,2,3,5,High,0
422,4137,-3.4,37,60,4,4,0,3,Low,0
423,3702,1.4,43,28,9,3,2,4,Low,0
424,3293,-24.3,27,27,14,3,5,3,Medium,0
425,3009,2.0,17,28,8,5,4,3,Low,0
426,2437,-12.7,27,61,12,1,4,3,Medium,0
427,2845,-10.8,33,15,9,5,2,3,Low,0
428,4314,-21.2,22,43,2,2,4,3,High,0
429,4018,-24.4,23,35,2,4,2,5,High,1
430,3673,-27.8,12,2,17,1,1,3,Medium,0
431,3203,-4.8,18,24,4,4,2,5,Low,0
432,4244,-12.6,32,13,6,1,5,3,High,0
433,2893,-8.8,36,4,14,2,5,3,Low,0
434,2900,-4.1,39,53,4,2,1,5,Low,0
435,3443,-12.7,50,5,6,1,2,3,High,0
436,2190,-0.2,42,44,8,3,1,2,Low,0
437,2876,-17.8,26,12,8,1,3,3,Medium,1
438,3358,-14.9,18,57,5,2,4,4,Medium,0
439,3223,-18.3,25,21,9,4,7,5,Medium,0
440,2907,-6.2,22,36,13,5,0,3,Low,0
441,4721,-4.2,29,18,9,4,4,3,Medium,1
442,4317,-15.2,36,0,6,2,2,5,Medium,0
443,4528,-21.8,32,0,14,4,2,1,High,0
444,3440,-3.4,43,0,18,3,1,2,Low,0
445,3206,-18.2,31,35,14,3,6,2,Medium,0
446,4460,-14.8,15,29,4,1,0,3,High,0
447,3551,-19.5,22,41,4,4,2,5,Medium,0
448,2863,-10.0,32,16,12,4,3,4,Low,0
449,2905,-17.4,30,0,10,2,3,3,Low,0
450,3305,-7.1,41,56,3,1,5,2,High,0
451,3486,-15.9,28,49,11,1,1,3,Medium,0
452,3548,-8.2,26,37,10,4,4,5,Low,0
453,3389,-18.5,12,52,17,5,2,4,Low,1
454,4903,-3.4,19,27,7,4,3,1,Medium,1
455,2688,-15.5,31,35,16,4,2,4,Low,0
456,3903,-11.4,30,15,17,4,3,3,Low,0
457,3213,-20.3,33,8,6,3,2,2,Medium,0
458,3476,-12.1,32,0,11,1,2,5,Medium,0
459,4064,-20.1,26,14,8,3,1,3,Low,0
460,2430,-12.3,17,83,8,5,3,1,Medium,0
461,2932,-18.7,28,0,11,2,0,5,Low,0
462,3419,-13.1,27,11,6,5,2,5,Low,1
463,4385,-8.7,41,32,2,1,1,5,High,0
464,4382,-21.6,41,77,7,2,2,3,High,0
465,4266,-12.3,23,9,15,5,2,1,Medium,0
466,2183,-9.1,21,17,8,1,4,3,Low,0
467,2870,-9.2,14,43,9,5,4,5,Low,0
468,2894,1.4,26,42,13,2,3,5,Low,0
469,3466,-17.2,23,16,2,2,3,2,High,0
470,2388,-12.0,54,13,12,5,2,4,Low,0
471,4158,0.2,16,38,18,3,2,3,Low,1
472,2303,-21.6,28,23,10,5,0,1,Low,0
473,4119,-28.1,21,35,0,5,4,5,High,1
474,4022,-8.3,28,26,9,5,3,3,Low,0
475,2843,-4.7,24,37,13,3,5,4,Low,0
476,4257,-26.8,36,39,10,4,1,3,High,1
477,3300,-14.2,32,0,11,2,5,4,Medium,0
478,3144,-19.1,35,20,11,1,2,3,Medium,0
479,3247,-9.8,20,36,5,2,1,2,Low,0
480,3298,-12.2,38,46,5,2,6,3,High,1
481,3353,-2.8,23,23,8,4,3,2,Low,0
482,3367,-21.4,13,0,11,2,6,4,Medium,1
483,2965,-9.3,26,54,4,2,3,5,Medium,0
484,3105,-7.6,29,47,20,3,4,5,Low,0
485,3157,-11.6,15,32,0,3,5,3,Low,1
486,4503,-26.0,36,20,1,3,2,1,High,0
487,3157,-9.1,19,42,12,3,3,3,Low,1
488,3118,-17.1,19,20,12,3,3,2,Low,0
489,4409,-24.2,27,47,9,1,4,2,High,0
490,3306,-9.4,36,65,13,4,0,4,Low,0
491,2965,-6.6,15,20,12,5,4,3,Low,0
492,2835,-16.3,37,45,10,3,4,4,Low,0
493,2647,-6.2,6,16,11,4,1,1,Low,0
494,3824,-6.1,31,50,0,5,1,5,Medium,1
495,2417,-12.1,16,25,9,2,0,5,Low,0
496,4307,-7.8,20,58,9,2,7,3,High,1
497,3445,-5.2,45,24,19,4,1,4,Low,0
498,3237,-8.3,18,12,5,1,5,4,Medium,0
499,3362,-28.0,27,23,9,1,2,1,High,1
500,3777,-29.6,17,25,17,4,5,4,Medium,0
501,3218,-4.5,35,34,12,1,4,2,Medium,1
502,3384,-16.8,32,23,10,1,7,2,High,0
503,4131,-15.5,33,34,14,2,5,2,High,1
504,3708,1.2,39,35,6,1,3,3,Medium,0
505,2750,-17.1,24,21,18,1,3,2,Low,1
506,3075,-13.0,38,36,13,4,4,2,Low,0
507,2431,-11.9,42,18,1,1,8,5,High,0
508,3869,-13.5,30,69,6,3,3,3,Medium,0
509,3933,-2.6,16,35,0,3,0,2,Low,0
510,2939,-14.6,15,42,13,4,3,1,Low,0
511,4882,-7.0,32,26,12,3,1,2,Medium,1
512,4962,-11.5,16,15,7,2,3,3,Medium,0
513,3513,-5.2,14,46,16,4,5,4,Low,1
514,3021,-21.6,36,36,9,1,4,5,High,1
515,3664,-27.8,23,0,23,3,1,5,Low,1
516,3007,-11.8,52,68,4,2,2,3,High,0
517,4070,-17.9,21,44,13,4,0,2,Low,1
518,3599,-1.7,23,22,8,4,5,1,Medium,0
519,3642,-12.6,31,42,6,1,4,2,High,0
520,4555,-10.5,30,38,9,5,0,2,Medium,0
521,3128,-14.2,27,39,11,3,8,1,High,0
522,3152,-16.6,26,12,10,2,2,5,Low,0
523,4015,-11.6,60,31,13,4,3,2,High,0
524,3246,-4.9,44,36,13,3,2,4,Low,1
525,4462,-14.2,36,54,17,2,3,4,High,0
526,4100,-14.7,15,32,3,2,3,3,Medium,0
527,3277,-6.4,27,38,2,4,0,3,Low,0
528,2413,-23.8,34,11,9,3,5,1,Medium,1
529,2628,-3.7,35,31,6,2,1,1,Low,1
530,3210,-17.6,40,47,14,4,4,3,Medium,0
531,3742,-5.4,21,16,4,3,2,2,Low,1
532,4161,-9.9,27,22,7,3,3,5,Low,0
533,3369,-26.6,20,10,8,4,3,4,Medium,1
534,2966,-11.9,41,2,18,3,3,1,Low,0
535,3415,-2.8,34,12,20,5,4,3,Low,0
536,3512,-14.1,22,41,4,2,1,4,Medium,0
537,4282,-13.5,30,25,0,2,5,1,High,1
538,4249,-17.4,28,12,7,3,0,1,Medium,0
539,2898,-3.6,19,73,9,4,1,2,Low,0
540,3772,-15.2,37,15,9,1,4,1,High,0
541,2987,0.5,28,42,9,3,5,5,Low,0
542,3004,-3.9,22,36,14,1,3,1,Medium,1
543,4123,-2.7,19,34,7,3,5,5,Low,0
544,3380,-11.4,36,0,11,1,1,2,Medium,0
545,3883,-15.4,30,55,13,3,0,5,Low,0
546,3820,-8.7,21,36,11,4,4,4,Low,0
547,3452,-1.1,23,48,13,1,3,1,Medium,0
548,3699,0.4,28,52,1,5,4,3,Low,0
549,3622,-25.0,28,64,10,4,0,3,Medium,0
550,2809,2.0,29,10,11,3,2,5,Low,0
551,3792,-10.2,10,15,9,1,6,2,High,1
552,3076,-6.5,29,18,7,2,2,5,Low,0
553,2858,-18.3,15,12,12,4,5,5,Low,0
554,4012,-18.7,42,56,10,1,4,5,High,0
555,3145,-22.1,38,9,9,4,2,4,Low,1
556,4166,-0.1,39,22,8,1,5,4,High,0
557,4159,-16.8,5,0,8,2,3,5,Medium,0
558,3213,-12.6,25,44,6,5,3,2,Medium,0
559,4141,-14.1,27,27,7,2,2,1,High,1
560,3266,-19.1,33,47,5,3,3,3,Medium,0
561,3458,-13.4,37,44,8,4,0,4,Low,0
562,3796,-11.4,40,0,11,5,4,1,Medium,1
563,4723,-3.3,5,33,14,4,3,4,Low,0
564,4064,-19.4,19,8,9,1,1,4,Medium,0
565,3465,-16.1,28,32,9,3,0,4,Low,0
566,3561,-8.1,36,18,10,3,2,5,Low,0
567,2550,-11.7,36,66,14,4,3,5,Low,0
568,4102,-11.6,32,83,8,3,3,4,High,1
569,4038,-18.8,21,25,12,4,3,4,Low,1
570,3670,-6.6,22,31,11,1,4,3,Medium,0
571,3930,-2.1,21,0,6,1,0,1,Medium,1
572,2284,-2.8,18,0,13,4,2,1,Low,0
573,2850,-13.4,18,37,0,2,3,2,Medium,0
574,4580,-30.1,17,29,15,2,3,2,High,1
575,3345,-10.4,31,38,4,1,4,2,High,0
576,3954,-11.3,29,14,9,5,2,5,Low,0
577,3052,-19.1,18,36,14,2,3,5,Low,0
578,3234,-17.8,10,0,7,4,1,3,Low,0
579,4612,-19.0,24,17,11,1,3,5,High,0
580,3405,-10.1,42,39,14,3,1,2,Low,0
581,3814,-17.8,28,63,19,3,4,4,Medium,0
582,3578,-10.8,36,27,9,2,5,2,High,1
583,3647,2.0,29,41,10,5,3,3,Low,1
584,3627,-13.3,27,16,10,2,5,4,Medium,1
585,2313,-20.1,13,38,8,5,2,5,Low,0
586,3786,-22.2,23,20,3,2,0,4,Medium,0
587,3177,-9.7,22,69,4,3,2,3,Low,1
588,4567,2.0,42,23,9,5,1,5,Low,0
589,3036,-18.3,29,26,11,3,2,1,Medium,1
590,3217,-27.1,40,45,16,4,0,2,Medium,1
591,4967,-0.0,39,40,8,4,3,2,High,0
592,3934,2.0,19,22,17,1,3,3,Low,0
593,2909,-6.7,28,38,3,3,4,3,Low,0
594,3605,-9.0,44,8,11,3,4,2,Medium,0
595,2767,-11.5,33,34,8,1,2,4,Medium,0
596,3654,-7.2,33,40,3,4,4,1,High,0
597,3017,-7.6,37,21,1,4,4,1,Medium,0
598,4618,-10.0,32,22,7,5,2,3,Medium,0
599,3752,-18.7,33,17,8,5,3,3,Medium,0
600,3816,-10.1,31,1,5,4,6,4,Medium,0
601,4069,-12.7,24,38,13,2,3,3,Medium,0
602,4136,-17.6,17,20,7,3,1,1,Medium,0
603,3086,-10.1,9,41,5,5,0,2,Low,0
604,3556,-15.4,24,26,8,2,0,1,Medium,0
605,3232,-11.5,32,42,6,5,0,4,Low,1
606,4756,-8.8,30,0,18,1,2,2,Medium,0
607,2128,-7.8,34,7,8,3,2,2,Low,0
608,3154,-15.2,26,13,5,5,1,1,Medium,0
609,3452,-8.8,55,53,18,4,1,2,Low,1
610,3582,-7.2,48,38,13,1,1,2,Medium,0
611,3569,-5.2,12,24,10,1,0,3,Low,0
612,3472,-9.9,34,20,6,4,2,2,Low,0
613,3402,-7.8,37,41,13,1,4,4,Medium,1
614,3644,-14.9,6,18,2,3,1,2,Low,0
615,3776,2.0,29,44,13,5,5,3,Low,1
616,4574,-12.4,33,25,11,1,3,5,High,1
617,4569,-4.2,27,55,14,3,4,5,Medium,0
618,3680,-15.4,31,11,0,4,3,4,Medium,0
619,3202,-9.4,28,27,5,5,4,4,Low,1
620,3244,-9.6,35,11,5,4,0,2,Low,0
621,2711,-8.3,43,62,4,5,4,2,Medium,1
622,4071,-17.9,35,30,12,1,3,5,High,1
623,3473,-9.3,39,9,8,1,5,5,High,0
624,3762,-15.4,17,11,5,5,2,1,Medium,0
625,3700,-6.3,48,40,4,3,6,5,High,0
626,3081,-18.1,31,0,5,3,4,5,Low,0
627,3007,-9.9,24,26,14,3,1,4,Low,0
628,3228,-12.2,32,12,9,2,5,1,High,1
629,3791,1.0,22,26,14,3,0,1,Low,0
630,3451,-4.2,29,32,23,1,0,2,Low,1
631,2440,-2.4,31,28,9,2,5,2,Low,0
632,2885,-17.4,21,24,2,3,3,1,Medium,1
633,3339,-14.7,29,33,9,1,3,1,High,1
634,3481,-12.0,20,64,19,2,1,2,Low,0
635,3809,-4.0,20,55,15,1,4,4,Medium,1
636,3523,-9.4,17,23,6,5,2,4,Low,1
637,3282,-17.2,24,44,8,1,3,4,High,1
638,3261,-16.9,22,43,13,2,0,4,Low,1
639,3620,-3.7,32,22,12,3,2,2,Low,0
640,3750,-9.1,38,29,13,2,3,3,Medium,0
641,3302,-11.6,34,40,8,3,4,5,Low,1
642,2853,-12.2,37,15,11,3,3,5,Low,0
643,3440,-5.7,36,25,8,4,2,5,Low,0
644,3110,-19.4,18,26,16,5,3,5,Low,0
645,3672,-11.6,24,24,2,4,4,2,Medium,0
646,4388,-11.2,45,23,2,2,0,3,High,0
647,2689,-20.7,22,38,6,4,2,2,Low,1
648,4190,-13.5,46,30,6,3,3,3,High,0
649,3781,2.0,23,42,2,2,1,2,Medium,0
650,4161,-17.8,7,80,1,4,4,1,High,1
651,3238,-11.1,25,19,15,1,4,3,Low,0
652,2632,-26.5,36,34,9,5,4,5,Medium,0
653,3607,-13.0,44,40,8,1,7,3,High,1
654,4339,-19.5,13,51,10,2,3,4,High,0
655,2863,-14.5,36,38,17,4,2,3,Low,0
656,2953,-9.0,36,8,10,3,4,4,Low,1
657,3852,-19.9,41,16,9,4,1,4,Medium,0
658,3192,-10.3,5,32,6,2,3,1,Medium,0
659,4499,-17.5,44,16,12,2,5,3,High,1
660,3891,-21.3,32,0,9,2,4,1,High,0
661,3068,-5.1,32,13,18,2,5,5,Low,0
662,3161,-18.7,38,13,9,4,2,3,Low,0
663,3184,-15.0,7,9,15,1,4,2,Low,0
664,3474,-16.0,38,80,6,3,3,2,High,0
665,3682,-10.5,51,36,6,3,3,2,High,0
666,3638,-11.8,14,32,0,5,3,4,Low,0
667,2825,-13.2,27,48,13,2,4,2,Medium,0
668,4041,-17.0,28,65,9,2,2,5,High,1
669,3325,-13.9,31,37,13,2,0,3,Low,0
670,2943,-9.9,32,50,18,1,3,3,Low,1
671,3222,-11.2,21,19,5,2,3,4,Low,0
672,4108,-4.1,28,11,5,5,2,4,Low,1
673,3614,-6.7,45,48,6,5,3,4,Medium,0
674,3666,-4.3,32,47,0,1,2,5,High,0
675,2798,-2.5,31,45,9,2,2,3,Low,1
676,3579,-10.7,20,32,14,4,5,1,Medium,0
677,4098,-6.0,41,14,10,4,7,4,Medium,0
678,2418,-9.7,25,20,2,3,4,2,Low,0
679,3266,-2.7,7,53,8,1,1,1,Medium,1
680,3873,-24.3,32,18,10,4,3,1,High,0
681,3594,-14.2,35,33,14,3,3,4,Low,0
682,2888,-9.1,25,14,13,5,4,2,Low,0
683,3738,-8.0,5,26,8,3,3,4,Low,0
684,2799,-12.1,16,8,8,2,4,4,Low,0
685,2979,-23.6,26,28,12,2,6,2,High,0
686,3042,-13.2,24,20,7,5,0,1,Low,0
687,4426,-6.3,32,0,14,1,1,1,Medium,1
688,2498,-14.2,33,43,6,2,4,2,Medium,0
689,2542,-11.4,23,42,17,2,2,1,Low,1
690,3669,1.4,14,31,11,3,4,5,Low,0
691,3562,-13.3,42,7,0,3,2,4,Medium,0
692,3218,-13.1,33,7,13,3,6,5,Low,0
693,3508,-10.6,34,76,11,4,5,5,Medium,1
694,2861,-10.3,31,0,12,5,3,5,Low,0
695,3555,-11.1,38,8,21,1,6,3,Medium,0
696,3625,-9.2,24,72,8,3,3,3,Medium,0
697,4228,-20.3,36,79,2,1,3,5,High,0
698,4644,-12.8,34,63,16,3,5,4,High,1
699,3339,-20.6,34,40,1,2,0,5,Medium,0
700,2736,-11.6,16,17,6,1,3,5,Low,0
701,3730,-7.8,29,0,10,4,3,3,Low,0
702,3419,-13.0,31,38,5,3,2,5,Low,0
703,3393,-18.6,45,14,9,5,1,4,Low,0
704,2533,-15.0,28,59,9,2,2,4,Low,0
705,3559,0.6,38,0,17,3,0,5,Low,0
706,3753,-1.9,13,34,0,1,6,4,High,1
707,4096,-15.8,20,48,10,3,6,5,Medium,0
708,3196,-15.8,32,50,5,2,3,3,Medium,0
709,3004,-12.8,32,46,7,5,2,5,Low,0
710,3191,-3.3,20,36,13,5,0,1,Low,0
711,4060,-24.3,37,32,12,5,1,3,Medium,0
712,4331,-15.9,26,48,11,2,5,4,High,1
713,4172,-9.1,26,36,3,3,3,4,Medium,0
714,3888,-9.9,27,37,15,2,1,3,Low,0
715,3480,-15.0,41,30,5,2,3,1,High,1
716,3574,-13.8,38,22,16,3,1,3,Low,0
717,3661,-9.7,46,3,6,4,0,2,Low,0
718,3348,-14.9,33,6,15,5,2,1,Low,0
719,4033,-19.4,47,22,10,1,0,3,High,1
720,2508,-13.3,30,27,1,1,3,2,High,0
721,2619,-10.7,26,10,8,3,4,5,Low,0
722,2507,-26.9,23,9,18,1,1,1,Medium,1
723,3018,-9.3,26,22,14,4,3,5,Low,0
724,4307,-5.2,26,48,7,2,2,2,Medium,0
725,2786,-14.5,21,0,16,5,1,4,Low,0
726,2808,-14.4,22,11,11,1,0,4,Low,0
727,3004,-17.2,34,33,18,1,0,4,Low,0
728,4164,-13.1,23,55,9,3,1,5,Low,0
729,4361,-15.9,10,73,8,3,3,1,High,1
730,4109,-1.9,10,23,14,2,3,5,Low,0
731,4146,-11.1,7,22,11,5,5,5,Low,0
732,4491,-27.0,13,27,12,1,0,4,High,0
733,2422,-8.0,16,34,5,2,1,5,Low,0
734,2765,0.0,18,29,15,5,1,2,Low,1
735,3079,-8.4,30,32,14,2,2,3,Low,0
736,3562,-3.7,15,3,16,1,3,3,Low,0
737,3560,-7.3,18,0,3,3,3,3,Low,0
738,3569,-5.1,9,44,4,3,0,4,Low,0
739,4000,-5.4,21,26,6,3,5,4,Low,1
740,2349,-5.3,35,46,8,4,3,3,Low,0
741,3415,-9.8,27,34,3,2,4,1,High,1
742,3659,-24.0,28,1,13,1,0,3,Medium,0
743,3304,-19.6,27,61,7,2,4,5,High,1
744,3613,-19.5,15,30,16,3,1,3,Low,1
745,4113,-29.7,23,15,20,2,2,3,Medium,0
746,3537,-15.0,30,19,7,5,5,1,High,0
747,4782,-2.1,37,5,6,2,4,4,Medium,0
748,4070,-22.1,31,36,13,4,1,4,Medium,0
749,3659,-6.9,36,27,10,4,4,5,Low,0
750,3802,-8.3,17,70,11,3,3,3,Low,0
751,3945,-10.4,12,40,16,1,2,2,Medium,0
752,4511,-3.7,10,69,8,5,3,5,Low,0
753,4204,-12.3,36,10,4,1,2,4,High,0
754,3808,-1.3,13,23,3,1,3,1,High,0
755,3062,-13.4,38,47,9,5,3,4,Low,0
756,3748,-9.6,23,41,8,4,4,4,Low,0
757,3847,-13.0,44,29,14,3,6,1,High,0
758,3966,-18.5,23,8,16,2,4,3,Medium,0
759,3059,-21.4,24,0,16,4,4,3,Low,0
760,3942,-8.0,28,25,6,3,1,4,Low,0
761,3980,-2.6,23,26,5,4,0,5,Low,0
762,2774,-10.3,32,32,0,5,2,2,Low,1
763,2779,-8.4,17,1,10,1,2,5,Low,0
764,4170,-22.9,29,12,14,5,4,5,Medium,0
765,2986,-9.3,20,37,6,2,2,4,Low,1
766,4422,-26.6,25,41,2,5,5,4,High,0
767,3332,-20.4,14,34,19,1,0,2,Low,0
768,3730,-2.7,36,23,6,4,2,2,Low,0
769,3701,-11.9,24,6,9,3,3,2,Low,0
770,3071,-11.3,37,49,7,2,1,4,Low,0
771,4334,-8.1,20,44,3,4,4,4,Medium,0
772,3333,-6.4,27,18,14,3,4,5,Low,1
773,3535,-13.9,37,46,1,1,2,4,High,1
774,2310,-9.9,16,28,15,5,8,3,Low,0
775,2698,-12.5,19,16,11,4,0,3,Low,1
776,4176,-22.7,36,48,8,3,0,2,High,1
777,3496,-14.5,41,32,8,3,2,4,Low,0
778,3148,-9.1,28,21,12,5,3,3,Low,0
779,3158,-14.7,18,4,6,4,0,5,Low,0
780,3829,-14.6,24,6,10,4,4,1,Medium,0
781,4256,-6.5,47,46,5,1,7,5,High,0
782,3162,-10.9,14,39,0,4,0,1,Low,1
783,4157,-9.5,33,6,13,5,3,5,Low,0
784,3403,-23.4,29,6,22,4,4,3,Low,0
785,3800,-8.9,16,72,12,1,4,4,Medium,0
786,2434,-19.8,24,39,9,3,7,1,Medium,0
787,2537,-12.2,9,54,8,4,2,4,Low,0
788,3992,-19.4,30,59,8,5,6,4,High,1
789,3664,-5.5,32,11,8,4,2,3,Low,0
790,3742,0.8,14,64,10,2,1,2,Low,0
791,2852,-13.0,33,8,0,1,6,2,High,0
792,3246,-13.1,21,44,0,3,2,1,Medium,0
793,2496,-4.8,20,27,12,2,5,3,Low,0
794,2991,-8.0,18,44,9,5,2,4,Low,0
795,3486,-12.5,34,25,5,4,0,5,Low,0
796,3696,-9.4,11,40,4,1,0,5,Medium,0
797,3072,2.0,12,57,7,4,4,1,Low,0
798,3831,-16.7,22,52,7,4,0,1,Medium,0
799,3477,-16.1,22,28,17,4,2,1,Low,0
800,3364,-6.4,34,10,4,4,1,3,Low,0
801,3550,2.0,27,24,13,1,1,5,Low,0
802,4759,-10.8,27,38,12,2,1,3,Medium,0
803,3403,-24.0,11,43,8,5,3,3,Medium,0
804,4071,-9.3,25,51,13,2,0,4,Low,0
805,3827,-15.7,5,15,12,1,4,3,Medium,0
806,3351,-8.7,30,11,3,5,0,3,Low,0
807,2569,-21.5,34,9,7,3,0,4,Low,0
808,3123,-22.3,20,26,11,2,0,2,Low,0
809,3545,-14.1,31,34,7,1,3,4,High,1
810,3437,-0.4,23,37,13,1,5,1,Medium,0
811,4277,-21.6,40,1,15,1,2,2,High,0
812,3059,-14.2,30,10,9,5,3,5,Low,0
813,3411,-22.2,17,15,6,4,4,3,Medium,0
814,3821,-10.0,39,65,6,3,4,2,High,0
815,3333,-10.4,36,22,8,5,0,5,Low,0
816,4084,-22.0,23,0,7,5,6,4,Medium,0
817,2847,-3.0,32,37,14,2,2,4,Low,0
818,2588,-25.5,32,27,7,3,3,1,Medium,0
819,3328,-1.0,23,6,9,1,2,1,Medium,0
820,3457,-2.4,28,20,13,5,2,2,Low,0
821,3630,-9.9,30,23,8,3,4,3,Low,0
822,3583,-5.7,21,27,7,2,4,4,Low,1
823,3254,-13.2,41,48,14,4,0,2,Low,0
824,2595,-22.8,8,41,15,3,3,2,Low,0
825,3428,-10.3,34,32,10,1,7,2,High,0
826,2876,-23.0,15,49,18,5,3,1,Low,0
827,3542,-12.1,25,21,10,4,1,4,Low,0
828,2835,-20.7,12,15,14,2,2,1,Low,0
829,3727,-5.2,14,36,19,1,1,1,Low,1
830,4500,-9.3,27,34,6,4,0,2,Medium,0
831,3064,-7.3,28,0,7,2,2,5,Low,0
832,2740,-9.6,38,59,13,1,2,5,Medium,0
833,4186,1.2,24,9,9,5,4,5,Low,0
834,4560,-4.8,34,40,5,2,1,2,High,0
835,2752,-0.1,27,41,8,4,7,3,Low,0
836,3445,-18.3,33,0,2,1,1,4,High,0
837,3792,-15.8,17,34,10,3,3,2,Medium,0
838,3343,-29.0,28,62,10,1,1,2,High,0
839,2449,-14.7,31,15,15,4,1,1,Low,1
840,2676,-12.2,23,0,15,4,2,5,Low,1
841,2739,-9.0,31,27,8,3,3,2,Low,0
842,2875,-15.7,32,39,20,4,4,3,Low,0
843,3552,-6.8,22,28,4,1,2,4,Medium,0
844,4158,-7.3,35,10,2,2,0,3,Medium,0
845,2685,-15.3,5,9,3,1,5,2,Medium,0
846,3028,-18.7,8,0,4,4,1,2,Low,0
847,2834,-11.5,17,0,13,3,2,1,Low,1
848,3673,-11.3,30,23,18,3,3,3,Low,0
849,3006,-16.3,20,38,18,5,2,1,Low,0
850,2893,-13.8,14,33,0,3,0,3,Low,0
851,2541,-21.9,27,35,14,3,4,5,Low,0
852,4315,-7.3,29,42,17,4,0,5,Low,0
853,4813,-7.1,21,56,14,2,4,3,Medium,0
854,3550,-11.7,16,30,6,2,5,1,High,0
855,4391,-6.6,28,36,10,4,4,5,Medium,0
856,3159,-11.1,35,37,5,3,2,2,Medium,0
857,3499,-0.7,15,32,13,1,3,4,Low,0
858,3890,-21.1,43,30,2,2,1,1,High,0
859,3048,-10.6,22,32,13,4,3,3,Low,0
860,3404,-5.7,21,61,6,1,4,4,Medium,1
861,3330,-1.6,29,58,11,3,0,4,Low,0
862,3762,-6.5,29,0,8,4,2,2,Low,0
863,3537,-19.3,5,34,8,2,2,1,Medium,0
864,3063,-23.6,26,30,14,1,5,4,High,0
865,3319,-13.2,33,55,17,1,1,1,High,0
866,4168,-9.5,38,29,5,2,4,2,High,1
867,3829,-5.4,26,35,10,1,2,3,Medium,0
868,3777,-19.7,24,17,4,2,2,4,Medium,0
869,4853,-7.7,35,46,7,4,4,4,High,0
870,2821,-30.7,45,5,6,5,2,4,Medium,1
871,3925,-17.2,28,23,3,3,3,1,High,0
872,3532,-6.0,26,8,15,4,5,4,Low,1
873,3706,-20.3,40,23,10,3,1,1,High,0
874,3609,-19.7,16,19,7,3,3,5,Low,0
875,3079,-15.7,28,46,9,2,4,5,Medium,0
876,2878,-10.8,52,25,15,5,3,1,Medium,0
877,3499,-19.8,32,59,15,3,5,5,Medium,0
878,3030,-12.2,35,25,12,3,2,2,Low,0
879,3278,-15.0,24,8,6,4,4,2,Medium,0
880,3978,-3.9,33,25,10,5,5,5,Low,0
881,2763,-15.4,40,39,4,5,0,3,Low,1
882,3384,-11.8,12,63,9,3,2,1,Medium,0
883,4132,-10.8,27,17,14,5,3,5,Low,0
884,3195,-14.9,31,63,15,4,4,1,Medium,0
885,4381,-6.6,27,26,6,2,3,5,Medium,1
886,2569,-5.2,23,21,14,3,5,2,Low,0
887,4591,-15.4,41,45,13,1,1,3,High,0
888,3510,-9.9,30,58,8,3,0,1,Medium,0
889,2702,-18.5,20,41,13,3,4,3,Low,1
890,3999,-8.1,37,1,16,2,2,2,Low,0
891,3758,-10.4,41,36,14,1,1,4,Medium,0
892,4329,-14.5,39,73,4,1,6,4,High,1
893,2578,-9.7,23,0,8,1,4,1,Medium,0
894,2842,-7.9,24,37,11,2,4,2,Low,0
895,3962,-3.4,17,24,5,5,6,1,Medium,1
896,5029,-9.2,30,11,17,1,2,1,High,0
897,3845,-5.8,38,50,11,5,5,1,High,0
898,3938,1.3,33,0,7,4,3,3,Low,1
899,3043,-19.2,45,22,7,2,1,5,Medium,1
900,3390,-3.8,8,50,6,5,2,2,Low,0
901,3128,-18.2,29,47,13,1,3,3,Medium,0
902,3801,-17.0,36,41,14,1,5,5,High,1
903,4057,-12.1,21,33,6,5,0,1,Medium,0
904,3611,-16.5,16,27,17,5,0,4,Low,0
905,3977,-17.7,15,20,8,4,1,3,Low,0
906,3482,-12.4,29,10,6,2,2,2,Medium,0
907,4294,-14.3,15,46,12,3,4,2,Medium,0
908,2983,-16.7,42,34,4,4,2,5,Medium,1
909,4349,-18.7,33,46,3,4,3,3,High,0
910,3070,-2.0,25,14,5,4,6,1,Medium,0
911,3509,-20.4,27,13,6,1,0,5,Medium,1
912,2783,-13.2,38,39,13,5,2,2,Low,1
913,3803,-4.2,41,0,3,2,7,3,High,1
914,3578,-6.3,18,0,11,1,1,4,Low,0
915,3943,-10.4,20,50,14,4,1,1,Low,1
916,2459,-16.4,24,15,17,2,4,2,Low,0
917,3580,-12.1,21,33,7,1,1,3,Medium,0
918,3742,-19.9,9,37,7,3,5,4,Medium,1
919,2906,-14.0,19,50,20,4,7,2,Low,0
920,3819,-14.1,20,21,16,1,3,4,Medium,1
921,2121,-13.4,15,22,8,1,8,2,Medium,1
922,3423,-17.5,32,17,15,4,2,5,Low,0
923,4347,-23.9,26,42,11,3,2,5,Medium,0
924,3418,-3.2,34,43,10,5,1,5,Low,0
925,3068,-4.8,18,55,22,3,2,3,Low,0
926,3461,-5.9,34,5,15,4,2,5,Low,0
927,3559,-9.4,29,74,19,5,3,3,Low,0
928,4037,-10.8,22,23,4,1,0,1,High,1
929,3577,-16.9,44,29,18,3,1,5,Low,0
930,3957,-16.1,29,33,9,3,2,3,Medium,1
931,3555,-1.8,22,11,9,5,4,2,Low,0
932,3050,-0.2,30,21,11,1,3,3,Low,1
933,2658,-13.3,18,59,12,3,3,3,Low,0
934,3723,-12.0,26,59,15,5,3,2,Medium,0
935,2017,-6.9,48,34,14,3,0,3,Low,1
936,2440,-11.3,10,50,6,1,6,2,Medium,0
937,2661,-10.8,22,38,5,1,1,4,Low,0
938,3928,-12.4,26,28,9,2,4,5,Medium,1
939,2606,-18.6,24,14,9,5,2,1,Low,0
940,3782,-14.6,22,12,10,4,1,3,Low,1
941,2880,-12.9,44,14,16,3,5,2,Low,0
942,3412,-29.6,22,62,10,1,0,5,High,1
943,3462,-11.4,31,47,23,3,0,3,Low,0
944,3403,2.0,21,58,17,3,3,5,Low,1
945,3112,-15.0,31,37,8,4,3,4,Low,1
946,2560,-11.8,37,12,1,1,4,3,Medium,0
947,3516,-17.9,27,42,21,2,4,2,Medium,0
948,3834,-19.7,22,55,8,5,2,4,Medium,0
949,3907,-14.2,26,42,14,3,3,3,Low,1
950,3549,-7.6,33,3,6,4,2,5,Low,0
951,3654,-13.6,36,0,17,4,5,4,Low,0
952,3037,-14.6,30,42,14,5,1,2,Low,0
953,3769,-8.5,27,23,4,5,3,3,Low,1
954,3747,-10.6,40,36,0,1,4,5,High,0
955,3321,-10.0,21,15,10,3,5,5,Low,0
956,3528,-3.7,23,32,12,3,1,4,Low,0
957,3483,-4.5,45,7,13,5,1,3,Low,1
958,3773,-1.5,27,34,6,2,0,5,Low,1
959,2573,-20.5,34,44,6,3,2,4,Low,0
960,2561,-6.0,19,45,0,4,3,1,Low,0
961,2592,-0.5,38,3,7,5,2,5,Low,1
962,3233,-23.4,16,39,1,3,4,4,Medium,0
963,3773,-12.1,15,18,6,1,2,1,High,1
964,2152,-15.8,36,60,11,5,4,4,Low,0
965,3556,-12.2,24,49,11,4,3,5,Low,0
966,4216,-4.0,25,30,6,1,0,1,High,0
967,3663,-21.8,32,73,11,5,0,4,Medium,1
968,2288,-10.3,25,15,17,5,5,3,Low,0
969,3812,-16.0,17,28,8,3,1,1,Medium,0
970,3645,-3.8,22,40,3,1,4,4,Medium,0
971,3294,-9.1,18,70,13,5,3,3,Low,0
972,3609,-13.1,39,59,15,4,1,1,Medium,1
973,2662,-17.0,40,46,6,1,4,4,High,0
974,3530,2.0,19,12,6,3,2,5,Low,1
975,3787,-10.0,32,12,0,2,3,1,High,0
976,3084,-21.9,25,43,7,5,2,1,Medium,0
977,3217,-17.7,42,4,5,2,0,3,Medium,1
978,3159,-9.1,51,36,2,5,4,4,Medium,0
979,3214,-17.1,35,46,8,3,4,5,Medium,0
980,3001,-16.2,22,0,9,3,2,3,Low,0
981,3037,-5.1,16,42,9,3,4,1,Low,0
982,3809,-5.7,30,47,8,3,1,3,Low,0
983,2454,-16.0,26,22,17,1,1,3,Low,0
984,3609,-3.8,13,26,11,1,3,3,Low,0
985,3808,-17.0,28,0,13,5,1,1,Low,0
986,2688,-0.1,49,27,19,1,2,2,Low,0
987,3454,-8.2,36,0,14,5,1,3,Low,1
988,2950,-10.0,16,16,8,1,0,2,Low,1
989,4181,-14.7,27,21,0,1,3,5,High,0
990,3376,-16.3,31,6,8,1,3,5,Medium,0
991,4383,-28.3,32,5,17,4,3,5,Medium,0
992,4293,-14.1,11,6,14,3,2,4,Low,0
993,3684,-12.1,26,54,8,4,1,1,Medium,0
994,4785,-24.8,30,28,9,1,0,2,High,0
995,2555,-6.2,26,55,10,1,0,4,Low,0
996,4367,-13.1,8,21,6,4,1,2,Low,0
997,3339,-3.5,26,22,7,5,5,1,Medium,0
998,3423,-16.8,35,21,6,3,3,3,Medium,0
999,3223,-3.3,22,0,12,5,3,4,Low,1
1000,2629,-15.1,23,40,4,3,0,1,Low,1
1001,3841,-12.4,41,27,17,2,3,4,Medium,1
1002,2755,-10.5,26,31,9,3,3,5,Low,1
1003,3145,-12.3,29,0,4,5,6,4,Low,1
1004,3171,-9.9,9,29,15,3,2,3,Low,0
1005,4097,-25.5,17,21,17,2,2,3,Medium,0
1006,3455,-13.0,49,32,25,2,1,2,Low,0
1007,2033,-12.6,44,28,16,1,3,4,Low,0
1008,2960,-25.9,32,20,5,2,2,5,Medium,0
1009,2562,-7.5,5,41,11,4,5,3,Low,1
1010,3801,-18.4,14,50,22,5,4,2,Low,0
1011,2790,-5.4,14,21,6,4,1,5,Low,0
1012,3136,-11.4,14,1,3,4,2,5,Low,0
1013,4550,-16.0,24,2,8,5,7,5,High,0
1014,3882,-5.0,35,38,4,4,0,1,Medium,0
1015,2801,-0.4,21,55,6,4,2,3,Low,0
1016,3995,-11.7,24,0,6,4,4,1,Medium,1
1017,3069,-2.4,24,9,13,2,2,1,Low,0
1018,3993,-13.2,37,23,3,5,2,3,Medium,1
1019,3252,-5.3,36,0,10,5,2,4,Low,0
1020,2923,-14.6,29,28,6,5,0,2,Low,0
1021,2867,0.8,40,37,12,4,2,3,Low,0
1022,3672,-4.5,24,39,13,2,5,2,Medium,1
1023,4047,-8.7,45,22,14,5,0,4,Low,1
1024,3723,-29.7,21,22,14,3,3,3,Medium,0
1025,3240,-8.9,8,9,6,5,5,5,Low,1
1026,2421,-20.6,15,0,9,1,2,3,Low,0
1027,3116,-9.5,14,26,17,3,2,4,Low,0
1028,2748,-3.1,20,38,12,5,4,1,Low,0
1029,4321,-7.2,39,30,14,4,1,3,Low,1
1030,3260,-6.0,23,52,3,5,3,5,Low,0
1031,3680,-14.6,14,36,14,2,2,3,Low,0
1032,3293,-22.7,13,43,0,2,3,1,High,0
1033,3757,-17.4,27,33,2,5,6,3,High,0
1034,3930,-14.3,43,67,5,4,5,5,High,0
1035,4897,-12.1,30,20,12,4,5,4,Medium,1
1036,3226,-3.1,37,43,12,4,1,5,Low,0
1037,4125,-6.9,32,34,5,5,0,4,Low,0
1038,3666,2.0,12,44,0,5,3,5,Low,0
1039,3153,-19.0,34,36,14,1,3,2,High,0
1040,3195,-3.9,16,29,12,2,0,3,Low,0
1041,3782,-5.9,23,37,12,3,3,3,Low,0
1042,3322,-12.8,20,40,19,3,7,1,Medium,1
1043,3562,-18.7,26,42,10,2,6,2,High,0
1044,3898,-16.3,25,59,5,1,1,1,High,0
1045,4997,-16.6,24,33,16,2,4,3,High,1
1046,3519,-0.0,25,8,7,1,1,1,Medium,1
1047,2823,-6.2,30,33,9,1,2,4,Low,0
1048,3738,-5.9,25,21,7,4,1,2,Low,0
1049,3209,-11.4,26,20,5,2,0,5,Low,1
1050,4636,-13.6,47,23,7,3,4,4,High,1
1051,3201,-9.6,38,11,17,5,3,5,Low,1
1052,3511,-11.3,23,0,4,5,3,1,Medium,0
1053,3873,-12.7,29,59,15,2,4,3,Medium,0
1054,3794,-9.4,28,20,0,5,3,4,Medium,0
1055,4334,-19.5,28,0,18,1,0,2,Medium,0
1056,3900,-10.1,27,33,18,5,3,5,Low,0
1057,4905,-12.8,28,42,4,1,2,4,High,0
1058,3769,-17.0,25,26,10,1,2,3,Medium,0
1059,4279,-7.5,21,4,13,3,1,2,Low,0
1060,3218,0.6,24,1,6,5,0,2,Low,1
1061,4684,-3.1,10,75,19,3,1,5,Low,0
1062,3291,-14.0,34,1,10,5,4,4,Low,1
1063,4391,-7.3,32,0,7,1,2,4,Medium,1
1064,4035,-6.1,48,23,10,5,6,2,High,1
1065,3540,-11.2,16,46,6,3,2,1,Medium,0
1066,4397,-12.2,23,63,10,4,3,2,High,0
1067,3492,-9.6,39,25,7,3,3,3,Low,0
1068,4321,2.0,31,25,6,4,0,4,Low,0
1069,3726,-10.2,44,4,13,2,2,5,Low,0
1070,3273,-20.9,42,51,1,3,0,4,Medium,0
1071,3692,-19.3,5,28,18,5,2,2,Low,0
1072,3520,-13.2,30,29,11,4,0,3,Low,0
1073,3234,-20.7,30,38,19,5,2,1,Medium,1
1074,3639,-12.9,27,36,14,4,3,4,Low,0
1075,3742,2.0,23,27,3,3,3,2,Low,0
1076,2027,-15.6,43,56,10,3,0,2,Low,0
1077,3800,-19.6,27,0,1,5,3,2,High,1
1078,3944,-13.5,5,34,5,3,4,3,Low,0
1079,4370,-12.7,23,38,9,5,1,2,Medium,0
1080,2758,-18.9,48,21,6,1,4,2,High,0
1081,2889,-20.7,16,42,7,4,3,2,Medium,0
1082,3625,-2.5,40,43,6,5,2,4,Low,0
1083,3072,-8.5,38,52,21,4,4,2,Low,0
1084,2786,-15.4,25,27,10,1,6,3,Medium,1
1085,3251,-20.1,29,25,13,4,2,4,Low,0
1086,3284,-15.6,27,40,9,5,2,2,Low,0
1087,2890,-20.6,22,26,11,3,7,1,High,0
1088,2886,-16.1,21,0,0,4,2,3,Low,0
1089,3427,2.0,42,47,18,4,3,1,Low,0
1090,2630,-10.3,26,0,6,1,2,3,Low,0
1091,2621,-16.3,20,38,15,2,0,1,Low,1
1092,3542,-7.2,33,80,15,3,2,2,Low,0
1093,4403,-18.5,32,40,1,5,5,1,High,0
1094,3939,-14.8,13,16,10,1,1,1,High,0
1095,4233,-25.0,21,20,12,5,5,3,Medium,1
1096,2416,-3.1,11,37,10,5,4,2,Low,1
1097,2654,-13.4,53,29,9,4,0,3,Low,0
1098,3506,-17.7,24,45,7,1,0,2,High,0
1099,4001,-7.5,21,59,6,1,0,5,Medium,1
1100,3882,-19.3,22,56,15,3,2,4,Low,0
1101,2693,-18.9,20,6,11,2,0,4,Low,0
1102,4181,-14.7,26,30,10,5,5,3,Medium,0
1103,3451,-20.4,40,39,1,3,0,2,High,1
1104,3966,-16.6,28,60,8,3,1,1,High,0
1105,3136,-13.4,14,37,9,5,6,4,Low,0
1106,2573,-12.8,16,16,14,4,2,3,Low,0
1107,4007,-21.3,29,38,1,4,3,3,High,0
1108,3781,-13.7,19,66,4,5,3,3,Medium,1
1109,2752,-7.9,26,24,18,1,0,2,Low,0
1110,3099,-6.8,54,15,6,2,4,3,Medium,0
1111,3911,-15.5,17,29,0,4,4,5,Medium,0
1112,3623,-13.3,13,16,6,2,4,1,High,0
1113,3801,-13.7,20,46,6,3,1,3,Low,1
1114,3185,-21.7,10,17,13,3,3,2,Low,0
1115,4353,-15.8,40,55,13,5,2,1,High,0
1116,3433,-6.4,16,39,5,5,3,1,Medium,0
1117,2079,-6.3,18,43,8,5,1,4,Low,1
1118,3564,-9.1,14,43,12,4,2,3,Low,0
1119,3862,-30.6,11,47,12,2,4,3,High,0
1120,3678,-17.5,27,23,4,3,0,2,Medium,1
1121,3244,-8.7,20,10,5,2,2,5,Low,0
1122,2327,-0.0,9,20,20,4,4,5,Low,1
1123,3110,-12.1,24,48,8,2,0,4,Low,0
1124,3166,-11.3,31,0,17,2,3,5,Low,0
1125,3104,-12.8,23,0,11,5,3,2,Low,0
1126,3867,-21.1,33,34,15,2,2,4,Medium,0
1127,3299,-9.5,44,46,13,2,3,3,Medium,0
1128,4329,-22.6,36,49,10,2,6,5,High,0
1129,3364,-12.6,30,10,10,1,1,2,Medium,0
1130,4229,-11.4,36,6,3,3,0,2,Medium,0
1131,3628,-11.7,50,16,9,3,2,3,Low,0
1132,3658,-21.1,13,22,7,2,1,2,Medium,0
1133,3090,-17.0,34,23,8,5,3,4,Low,0
1134,2689,-7.2,18,32,8,5,2,4,Low,0
1135,3456,-11.5,30,58,10,5,4,1,High,0
1136,4512,-16.9,14,28,13,3,3,3,Low,1
1137,3224,-19.5,35,48,9,4,1,2,Medium,1
1138,3129,-6.4,30,43,14,2,1,5,Low,1
1139,3396,-11.8,42,15,7,3,0,4,Low,0
1140,4560,-19.9,25,42,10,5,5,3,High,0
1141,3972,-13.3,24,41,22,3,4,3,Low,0
1142,4228,-17.6,25,29,3,3,2,4,Medium,1
1143,2311,-9.9,52,33,7,3,4,1,Medium,0
1144,3005,-3.2,34,28,0,5,0,3,Low,0
1145,3026,-19.6,41,8,11,4,1,2,Low,0
1146,4181,-10.9,35,77,10,1,1,5,High,0
1147,3895,-11.0,36,51,10,2,3,5,Medium,0
1148,4133,-27.0,13,40,5,2,1,4,High,0
1149,2374,-6.2,22,21,6,3,0,3,Low,1
1150,4166,2.0,21,28,10,4,3,5,Low,0
1151,3895,-11.0,28,6,2,5,4,3,Medium,0
1152,2945,-2.5,26,39,14,1,2,4,Low,0
1153,3381,-20.8,11,36,3,1,5,1,High,1
1154,2963,-17.0,28,25,9,3,4,5,Low,1
1155,3442,-11.5,7,30,7,3,5,2,Low,0
1156,3769,-18.0,35,24,7,5,4,4,Medium,0
1157,4342,-11.7,29,20,1,5,3,1,High,0
1158,2936,-5.0,40,14,9,5,0,2,Low,0
1159,3218,-18.2,30,9,3,3,2,2,Medium,0
1160,2838,-4.7,23,15,10,4,1,5,Low,0
1161,3959,-25.5,12,17,6,3,1,3,Medium,0
1162,2554,-16.0,24,51,9,3,1,4,Low,1
1163,3606,-13.4,20,17,0,1,0,2,High,0
1164,2764,-18.5,31,0,14,5,4,5,Low,0
1165,3527,-15.9,23,35,15,2,0,1,Medium,1
1166,4193,-2.2,34,42,7,5,4,2,Medium,0
1167,3193,-3.3,41,49,24,4,5,1,Low,0
1168,3632,-7.0,13,33,13,4,1,4,Low,1
1169,2964,-4.7,27,7,8,5,1,5,Low,1
1170,3432,-16.3,27,14,7,5,3,1,Medium,0
1171,2565,-20.6,31,42,6,3,2,3,Low,0
1172,3924,-17.7,34,59,7,2,1,1,High,0
1173,3250,-16.6,43,7,9,3,3,1,Medium,0
1174,3374,-16.3,16,34,9,1,1,5,Medium,0
1175,3541,-8.3,12,18,2,1,7,5,High,0
1176,2319,-9.7,29,13,16,4,4,2,Low,0
1177,3084,-13.2,32,30,13,4,4,1,Medium,0
1178,3581,-12.8,35,27,19,2,2,1,Medium,0
1179,3404,-4.3,20,0,11,4,6,5,Low,0
1180,4806,-21.0,12,34,15,1,1,3,High,1
1181,4255,-6.5,40,36,3,2,4,5,High,1
1182,3583,-26.8,33,44,13,1,0,3,High,1
1183,2886,-16.0,24,18,1,5,7,5,Medium,0
1184,3203,-1.4,6,0,5,5,4,4,Low,0
1185,3894,-9.9,21,21,22,2,1,1,Low,0
1186,3545,-15.3,34,44,8,3,4,3,Medium,0
1187,4265,-5.6,32,28,9,4,5,4,Medium,0
1188,3541,-7.8,14,46,13,2,1,3,Low,0
1189,3569,-8.1,34,3,9,4,2,2,Low,1
1190,4474,-13.4,27,46,4,1,1,2,High,0
1191,2842,-5.3,40,34,5,3,3,1,Medium,0
1192,4540,-16.5,21,22,14,4,3,4,Medium,1
1193,3961,-16.8,21,51,11,5,3,4,Medium,0
1194,5441,1.1,29,34,14,5,1,2,Medium,0
1195,3079,-15.5,23,10,12,1,2,1,Medium,1
1196,4477,-26.2,19,49,10,2,1,2,High,0
1197,3580,-4.6,46,25,10,4,3,4,Low,0
1198,3388,-2.5,42,30,10,1,0,3,Low,0
1199,3682,-13.7,18,12,8,5,1,4,Low,0
1200,3575,-26.7,30,28,8,5,4,1,High,0
